Workbook

Sheet Setup
A1: Field | B1: Value
A2: reviewerId | B2: R_A
A3: reviewerName (optional)
A4: reviewerRole | B4: R_A
A5: year | B5: 2024

Sheet Checks
A1: Check | B1: Result
A2: Reviewer role | B2: =Setup!B4
A3: Candidates | B3: 113
A4: Primary ready rows | B4: =COUNTIF('C_jama.2024.0318'!$G$2:$G$15,"PRIMARY READY")+COUNTIF('C_jama.2024.0572'!$G$2:$G$20,"PRIMARY READY")+COUNTIF('C_jama.2024.11057'!$G$2:$G$6,"PRIMARY READY")+COUNTIF('C_jama.2024.12829'!$G$2:$G$8,"PRIMARY READY")+COUNTIF('C_jama.2024.19585'!$G$2:$G$8,"PRIMARY READY")+COUNTIF('C_jama.2024.2302'!$G$2:$G$7,"PRIMARY READY")+COUNTIF('C_jama.2024.23898'!$G$2:$G$14,"PRIMARY READY")+COUNTIF('C_jama.2024.25786'!$G$2:$G$16,"PRIMARY READY")+COUNTIF('C_jama.2024.4183'!$G$2:$G$15,"PRIMARY READY")+COUNTIF('C_jama.2024.6063'!$G$2:$G$14,"PRIMARY READY")
A5: Discuss / unresolved rows | B5: =COUNTIF('C_jama.2024.0318'!$D$2:$D$15,"discuss")+COUNTIF('C_jama.2024.0572'!$D$2:$D$20,"discuss")+COUNTIF('C_jama.2024.11057'!$D$2:$D$6,"discuss")+COUNTIF('C_jama.2024.12829'!$D$2:$D$8,"discuss")+COUNTIF('C_jama.2024.19585'!$D$2:$D$8,"discuss")+COUNTIF('C_jama.2024.2302'!$D$2:$D$7,"discuss")+COUNTIF('C_jama.2024.23898'!$D$2:$D$14,"discuss")+COUNTIF('C_jama.2024.25786'!$D$2:$D$16,"discuss")+COUNTIF('C_jama.2024.4183'!$D$2:$D$15,"discuss")+COUNTIF('C_jama.2024.6063'!$D$2:$D$14,"discuss")
A6: Unfinished rows | B6: =B3-B4
A7: Workflow status | B7: =IF(B4=B3,"PRIMARY READY","ACTION NEEDED")
A8: Meaning | B8: PRIMARY READY means independent entry is complete. Discuss remains unresolved and is not counted as absence of error.
A9: Next action | B9: Inspect G on the C_ sheets. Save and deliver this file after review.

Sheet Papers
A1: Paper | B1: Review worksheet | C1: Candidates
A2: jama.2024.0318 | B2: C_jama.2024.0318 | C2: 14
A3: jama.2024.0572 | B3: C_jama.2024.0572 | C3: 19
A4: jama.2024.11057 | B4: C_jama.2024.11057 | C4: 5
A5: jama.2024.12829 | B5: C_jama.2024.12829 | C5: 7
A6: jama.2024.19585 | B6: C_jama.2024.19585 | C6: 7
A7: jama.2024.2302 | B7: C_jama.2024.2302 | C7: 6
A8: jama.2024.23898 | B8: C_jama.2024.23898 | C8: 13
A9: jama.2024.25786 | B9: C_jama.2024.25786 | C9: 15
A10: jama.2024.4183 | B10: C_jama.2024.4183 | C10: 14
A11: jama.2024.6063 | B11: C_jama.2024.6063 | C11: 13

Sheet C_jama.2024.0318
A1: Candidate key | B1: Candidate title | C1: Source location | D1: Disposition | E1: Review domain (AI suggestion; editable) | F1: Complete | G1: Validation hint | H1: Statistical_or_numerical issue | I1: Substantiveness | J1: Downstream impact | K1: Report-internal or planning-material inconsistency | L1: Protocol interpretation | R1: Notes (optional)
A2: 2024::jama.2024.0318::C001 | B2: Positive HbA1c point and signed interval | C2: every affected occurrence: jama_courcoulas_2024_oi_240004_1721756962.76052.pdf — main p1 abstract, jama_courcoulas_2024_oi_240004_1721756962.76052.pdf — main p3 Results paragraph, and jama_courcoulas_2024_oi_240004_1721756962.76052.pdf — main p6 Table 2 HbA1c row and footnote b; all REPORT by published result content. | D2: retain | E2: statistical_results | F2: primary_done | G2: =IFERROR(IF(LEN(TRIM(CLEAN(SUBSTITUTE(Setup!$B$2,CHAR(160)," "))))=0,"CHECK REVIEWER ID",IF(OR(A2="",COUNTIF($A$2:$A$15,A2)<>1,LEFT(A2,LEN("2024::jama.2024.0318::"))<>"2024::jama.2024.0318::"),"CHECK KEY",IF(OR(AND(NOT(AND(D2="retain",E2="statistical_results")),H2<>"",NOT(EXACT(H2,"not_applicable"))),AND(NOT(AND(D2="retain",E2="statistical_results")),I2<>"",NOT(EXACT(I2,"not_applicable"))),AND(NOT(AND(D2="retain",E2="statistical_results")),J2<>"",NOT(EXACT(J2,"not_applicable"))),AND(NOT(AND(D2="retain",OR(E2="report_internal_inconsistency",E2="plan_material"))),K2<>"",NOT(EXACT(K2,"not_applicable"))),AND(NOT(AND(D2="retain",E2="protocol_report")),L2<>"",NOT(EXACT(L2,"not_applicable")))),"CLEAR INACTIVE VALUES",IF(OR(NOT(OR(EXACT(D2,"retain"),EXACT(D2,"exclude"),EXACT(D2,"discuss"))),NOT(OR(EXACT(E2,"statistical_results"),EXACT(E2,"report_internal_inconsistency"),EXACT(E2,"plan_material"),EXACT(E2,"protocol_report"))),AND(AND(D2="retain",E2="statistical_results"),NOT(OR(EXACT(H2,"confirmed_issue"),EXACT(H2,"probable_issue"),EXACT(H2,"not_issue"),EXACT(H2,"indeterminate")))),AND(AND(D2="retain",E2="statistical_results"),NOT(OR(EXACT(I2,"substantive"),EXACT(I2,"minor_presentation"),EXACT(I2,"indeterminate")))),AND(AND(D2="retain",E2="statistical_results"),J2<>"",NOT(OR(EXACT(J2,"direct"),EXACT(J2,"possible"),EXACT(J2,"unlikely"),EXACT(J2,"unknown")))),AND(AND(D2="retain",OR(E2="report_internal_inconsistency",E2="plan_material")),NOT(OR(EXACT(K2,"substantive_inconsistency"),EXACT(K2,"minor_presentation"),EXACT(K2,"non_inconsistency"),EXACT(K2,"indeterminate")))),AND(AND(D2="retain",E2="protocol_report"),L2<>"",NOT(OR(EXACT(L2,"substantive_difference"),EXACT(L2,"minor_presentation"),EXACT(L2,"version_timing"),EXACT(L2,"non_inconsistency"),EXACT(L2,"indeterminate"))))),"CHECK FIELDS",IF(AND(F2<>"",NOT(OR(EXACT(F2,"no"),EXACT(F2,"primary_done")))),"CHECK COMPLETE",IF(EXACT(F2,"primary_done"),"PRIMARY READY","PRIMARY DRAFT")))))),"CHECK INPUT / KEY") | H2: confirmed_issue | I2: minor_presentation | J2: unlikely | K2: =IF(AND(OR(D2="retain",D2=""),OR(E2="report_internal_inconsistency",E2="plan_material")),"","not_applicable") | L2: =IF(AND(OR(D2="retain",D2=""),E2="protocol_report"),"","not_applicable") | R2: Main p1 abstract and p3 Results give HbA1c changes as unsigned 0.2% and 1.6% with signed CIs (-0.5 to 0.2; -1.8 to -1.3); +1.6 lies outside its CI. Table 2 p6 (rendered) prints -0.2 and -1.6 with the same CIs, so the intended signed values are recoverable. Sign presentation error, not a numerical error.
A3: 2024::jama.2024.0318::C002 | B3: Year-12 HbA1c P value | C3: jama_courcoulas_2024_oi_240004_1721756962.76052.pdf — main p1 abstract, jama_courcoulas_2024_oi_240004_1721756962.76052.pdf — main p3 year-12 result, joi240004supp2_prod_1721756962.82552.pdf — supplement p15 eTable 2 HbA1c row, and joi240004supp2_prod_1721756962.82552.pdf — supplement p4 ITT model/visit contrasts; all REPORT. Contextual correction notice: jama_courcoulas_2024_oi_240004_1721756962.76052.pdf — main p9 registry-link correction. | D3: retain | E3: statistical_results | F3: primary_done | G3: =IFERROR(IF(LEN(TRIM(CLEAN(SUBSTITUTE(Setup!$B$2,CHAR(160)," "))))=0,"CHECK REVIEWER ID",IF(OR(A3="",COUNTIF($A$2:$A$15,A3)<>1,LEFT(A3,LEN("2024::jama.2024.0318::"))<>"2024::jama.2024.0318::"),"CHECK KEY",IF(OR(AND(NOT(AND(D3="retain",E3="statistical_results")),H3<>"",NOT(EXACT(H3,"not_applicable"))),AND(NOT(AND(D3="retain",E3="statistical_results")),I3<>"",NOT(EXACT(I3,"not_applicable"))),AND(NOT(AND(D3="retain",E3="statistical_results")),J3<>"",NOT(EXACT(J3,"not_applicable"))),AND(NOT(AND(D3="retain",OR(E3="report_internal_inconsistency",E3="plan_material"))),K3<>"",NOT(EXACT(K3,"not_applicable"))),AND(NOT(AND(D3="retain",E3="protocol_report")),L3<>"",NOT(EXACT(L3,"not_applicable")))),"CLEAR INACTIVE VALUES",IF(OR(NOT(OR(EXACT(D3,"retain"),EXACT(D3,"exclude"),EXACT(D3,"discuss"))),NOT(OR(EXACT(E3,"statistical_results"),EXACT(E3,"report_internal_inconsistency"),EXACT(E3,"plan_material"),EXACT(E3,"protocol_report"))),AND(AND(D3="retain",E3="statistical_results"),NOT(OR(EXACT(H3,"confirmed_issue"),EXACT(H3,"probable_issue"),EXACT(H3,"not_issue"),EXACT(H3,"indeterminate")))),AND(AND(D3="retain",E3="statistical_results"),NOT(OR(EXACT(I3,"substantive"),EXACT(I3,"minor_presentation"),EXACT(I3,"indeterminate")))),AND(AND(D3="retain",E3="statistical_results"),J3<>"",NOT(OR(EXACT(J3,"direct"),EXACT(J3,"possible"),EXACT(J3,"unlikely"),EXACT(J3,"unknown")))),AND(AND(D3="retain",OR(E3="report_internal_inconsistency",E3="plan_material")),NOT(OR(EXACT(K3,"substantive_inconsistency"),EXACT(K3,"minor_presentation"),EXACT(K3,"non_inconsistency"),EXACT(K3,"indeterminate")))),AND(AND(D3="retain",E3="protocol_report"),L3<>"",NOT(OR(EXACT(L3,"substantive_difference"),EXACT(L3,"minor_presentation"),EXACT(L3,"version_timing"),EXACT(L3,"non_inconsistency"),EXACT(L3,"indeterminate"))))),"CHECK FIELDS",IF(AND(F3<>"",NOT(OR(EXACT(F3,"no"),EXACT(F3,"primary_done")))),"CHECK COMPLETE",IF(EXACT(F3,"primary_done"),"PRIMARY READY","PRIMARY DRAFT")))))),"CHECK INPUT / KEY") | H3: confirmed_issue | I3: minor_presentation | J3: unlikely | K3: =IF(AND(OR(D3="retain",D3=""),OR(E3="report_internal_inconsistency",E3="plan_material")),"","not_applicable") | L3: =IF(AND(OR(D3="retain",D3=""),E3="protocol_report"),"","not_applicable") | R3: Year-12 HbA1c difference -1.1 (95% CI -1.7 to -0.5) has P=.002 in main p1/p3 but P<.001 in eTable 2 (supp2 p15). CI-implied P (Wald) = 0.00033; over all rounding-consistent limits with estimate at the midpoint, max P = 0.0009, so .002 is incompatible with the printed CI. Both significant; interpretation unchanged.
A4: 2024::jama.2024.0318::C003 | B4: Pooled mortality percentage | C4: jama_courcoulas_2024_oi_240004_1721756962.76052.pdf — main p1 abstract cohort and deaths, jama_courcoulas_2024_oi_240004_1721756962.76052.pdf — p3 enrolled cohort, jama_courcoulas_2024_oi_240004_1721756962.76052.pdf — p4 Table 1 headers, jama_courcoulas_2024_oi_240004_1721756962.76052.pdf — p7 death paragraph, and jama_courcoulas_2024_oi_240004_1721756962.76052.pdf — p8 Table 3 headers/Death row/footnote; all REPORT. | D4: retain | E4: statistical_results | F4: primary_done | G4: =IFERROR(IF(LEN(TRIM(CLEAN(SUBSTITUTE(Setup!$B$2,CHAR(160)," "))))=0,"CHECK REVIEWER ID",IF(OR(A4="",COUNTIF($A$2:$A$15,A4)<>1,LEFT(A4,LEN("2024::jama.2024.0318::"))<>"2024::jama.2024.0318::"),"CHECK KEY",IF(OR(AND(NOT(AND(D4="retain",E4="statistical_results")),H4<>"",NOT(EXACT(H4,"not_applicable"))),AND(NOT(AND(D4="retain",E4="statistical_results")),I4<>"",NOT(EXACT(I4,"not_applicable"))),AND(NOT(AND(D4="retain",E4="statistical_results")),J4<>"",NOT(EXACT(J4,"not_applicable"))),AND(NOT(AND(D4="retain",OR(E4="report_internal_inconsistency",E4="plan_material"))),K4<>"",NOT(EXACT(K4,"not_applicable"))),AND(NOT(AND(D4="retain",E4="protocol_report")),L4<>"",NOT(EXACT(L4,"not_applicable")))),"CLEAR INACTIVE VALUES",IF(OR(NOT(OR(EXACT(D4,"retain"),EXACT(D4,"exclude"),EXACT(D4,"discuss"))),NOT(OR(EXACT(E4,"statistical_results"),EXACT(E4,"report_internal_inconsistency"),EXACT(E4,"plan_material"),EXACT(E4,"protocol_report"))),AND(AND(D4="retain",E4="statistical_results"),NOT(OR(EXACT(H4,"confirmed_issue"),EXACT(H4,"probable_issue"),EXACT(H4,"not_issue"),EXACT(H4,"indeterminate")))),AND(AND(D4="retain",E4="statistical_results"),NOT(OR(EXACT(I4,"substantive"),EXACT(I4,"minor_presentation"),EXACT(I4,"indeterminate")))),AND(AND(D4="retain",E4="statistical_results"),J4<>"",NOT(OR(EXACT(J4,"direct"),EXACT(J4,"possible"),EXACT(J4,"unlikely"),EXACT(J4,"unknown")))),AND(AND(D4="retain",OR(E4="report_internal_inconsistency",E4="plan_material")),NOT(OR(EXACT(K4,"substantive_inconsistency"),EXACT(K4,"minor_presentation"),EXACT(K4,"non_inconsistency"),EXACT(K4,"indeterminate")))),AND(AND(D4="retain",E4="protocol_report"),L4<>"",NOT(OR(EXACT(L4,"substantive_difference"),EXACT(L4,"minor_presentation"),EXACT(L4,"version_timing"),EXACT(L4,"non_inconsistency"),EXACT(L4,"indeterminate"))))),"CHECK FIELDS",IF(AND(F4<>"",NOT(OR(EXACT(F4,"no"),EXACT(F4,"primary_done")))),"CHECK COMPLETE",IF(EXACT(F4,"primary_done"),"PRIMARY READY","PRIMARY DRAFT")))))),"CHECK INPUT / KEY") | H4: confirmed_issue | I4: substantive | J4: possible | K4: =IF(AND(OR(D4="retain",D4=""),OR(E4="report_internal_inconsistency",E4="plan_material")),"","not_applicable") | L4: =IF(AND(OR(D4="retain",D4=""),E4="protocol_report"),"","not_applicable") | R4: Abstract p1: '4 deaths (2.2%), 2 in each group' among 262 enrolled. 4/262 = 1.53%; Table 3 p8 gives 2/96 (2.1%) and 2/166 (1.2%), both correct. No denominator in the paper yields 2.2% for 4 deaths. The abstract percentage overstates pooled mortality.
A5: 2024::jama.2024.0318::C004 | B5: Primary HbA1c response scale | C5: PLAN joi240004supp1_prod_1721756962.80052.pdf — p17 primary endpoint, joi240004supp1_prod_1721756962.80052.pdf — p26 A1 response, joi240004supp1_prod_1721756962.80052.pdf — p27 hypothesis/power assumptions, joi240004supp1_prod_1721756962.80052.pdf — p29 Table A1/Figure A1; REPORT jama_courcoulas_2024_oi_240004_1721756962.76052.pdf — main p2 outcome/statistical methods, jama_courcoulas_2024_oi_240004_1721756962.76052.pdf — main p6 Table 2/footnotes, joi240004supp2_prod_1721756962.82552.pdf — supplement p4 primary model, joi240004supp2_prod_1721756962.82552.pdf — p15 eTable 2/footnote b, joi240004supp2_prod_1721756962.82552.pdf — p16 continued footnote c. | D5: retain | E5: protocol_report | F5: primary_done | G5: =IFERROR(IF(LEN(TRIM(CLEAN(SUBSTITUTE(Setup!$B$2,CHAR(160)," "))))=0,"CHECK REVIEWER ID",IF(OR(A5="",COUNTIF($A$2:$A$15,A5)<>1,LEFT(A5,LEN("2024::jama.2024.0318::"))<>"2024::jama.2024.0318::"),"CHECK KEY",IF(OR(AND(NOT(AND(D5="retain",E5="statistical_results")),H5<>"",NOT(EXACT(H5,"not_applicable"))),AND(NOT(AND(D5="retain",E5="statistical_results")),I5<>"",NOT(EXACT(I5,"not_applicable"))),AND(NOT(AND(D5="retain",E5="statistical_results")),J5<>"",NOT(EXACT(J5,"not_applicable"))),AND(NOT(AND(D5="retain",OR(E5="report_internal_inconsistency",E5="plan_material"))),K5<>"",NOT(EXACT(K5,"not_applicable"))),AND(NOT(AND(D5="retain",E5="protocol_report")),L5<>"",NOT(EXACT(L5,"not_applicable")))),"CLEAR INACTIVE VALUES",IF(OR(NOT(OR(EXACT(D5,"retain"),EXACT(D5,"exclude"),EXACT(D5,"discuss"))),NOT(OR(EXACT(E5,"statistical_results"),EXACT(E5,"report_internal_inconsistency"),EXACT(E5,"plan_material"),EXACT(E5,"protocol_report"))),AND(AND(D5="retain",E5="statistical_results"),NOT(OR(EXACT(H5,"confirmed_issue"),EXACT(H5,"probable_issue"),EXACT(H5,"not_issue"),EXACT(H5,"indeterminate")))),AND(AND(D5="retain",E5="statistical_results"),NOT(OR(EXACT(I5,"substantive"),EXACT(I5,"minor_presentation"),EXACT(I5,"indeterminate")))),AND(AND(D5="retain",E5="statistical_results"),J5<>"",NOT(OR(EXACT(J5,"direct"),EXACT(J5,"possible"),EXACT(J5,"unlikely"),EXACT(J5,"unknown")))),AND(AND(D5="retain",OR(E5="report_internal_inconsistency",E5="plan_material")),NOT(OR(EXACT(K5,"substantive_inconsistency"),EXACT(K5,"minor_presentation"),EXACT(K5,"non_inconsistency"),EXACT(K5,"indeterminate")))),AND(AND(D5="retain",E5="protocol_report"),L5<>"",NOT(OR(EXACT(L5,"substantive_difference"),EXACT(L5,"minor_presentation"),EXACT(L5,"version_timing"),EXACT(L5,"non_inconsistency"),EXACT(L5,"indeterminate"))))),"CHECK FIELDS",IF(AND(F5<>"",NOT(OR(EXACT(F5,"no"),EXACT(F5,"primary_done")))),"CHECK COMPLETE",IF(EXACT(F5,"primary_done"),"PRIMARY READY","PRIMARY DRAFT")))))),"CHECK INPUT / KEY") | H5: =IF(AND(OR(D5="retain",D5=""),E5="statistical_results"),"","not_applicable") | I5: =IF(AND(OR(D5="retain",D5=""),E5="statistical_results"),"","not_applicable") | J5: =IF(AND(OR(D5="retain",D5=""),E5="statistical_results"),"","not_applicable") | K5: =IF(AND(OR(D5="retain",D5=""),OR(E5="report_internal_inconsistency",E5="plan_material")),"","not_applicable") | L5: substantive_difference | R5: Plan (supp1 p17, p26-27, p29 Table A1, Fig A1) defines the primary outcome as relative percent change in HbA1c (power: -15% vs -7% to +2%). Report Table 2 footnote b and eTable 2 present net (absolute) change for HbA1c (-1.4 points), while main p2 still says 'percent change'. The reported primary scale differs from the planned one.
A6: 2024::jama.2024.0318::C005 | B6: Remission medication-free window | C6: PLAN joi240004supp1_prod_1721756962.80052.pdf — p18 remission item 2, joi240004supp1_prod_1721756962.80052.pdf — p29 Table A1 remission row; REPORT jama_courcoulas_2024_oi_240004_1721756962.76052.pdf — main p2 remission definition, jama_courcoulas_2024_oi_240004_1721756962.76052.pdf — p1 abstract remission rates, jama_courcoulas_2024_oi_240004_1721756962.76052.pdf — p7 Figure 3/caption. The associated reported OR is found in jama_courcoulas_2024_oi_240004_1721756962.76052.pdf — main p6 Table 2. | D6: retain | E6: protocol_report | F6: primary_done | G6: =IFERROR(IF(LEN(TRIM(CLEAN(SUBSTITUTE(Setup!$B$2,CHAR(160)," "))))=0,"CHECK REVIEWER ID",IF(OR(A6="",COUNTIF($A$2:$A$15,A6)<>1,LEFT(A6,LEN("2024::jama.2024.0318::"))<>"2024::jama.2024.0318::"),"CHECK KEY",IF(OR(AND(NOT(AND(D6="retain",E6="statistical_results")),H6<>"",NOT(EXACT(H6,"not_applicable"))),AND(NOT(AND(D6="retain",E6="statistical_results")),I6<>"",NOT(EXACT(I6,"not_applicable"))),AND(NOT(AND(D6="retain",E6="statistical_results")),J6<>"",NOT(EXACT(J6,"not_applicable"))),AND(NOT(AND(D6="retain",OR(E6="report_internal_inconsistency",E6="plan_material"))),K6<>"",NOT(EXACT(K6,"not_applicable"))),AND(NOT(AND(D6="retain",E6="protocol_report")),L6<>"",NOT(EXACT(L6,"not_applicable")))),"CLEAR INACTIVE VALUES",IF(OR(NOT(OR(EXACT(D6,"retain"),EXACT(D6,"exclude"),EXACT(D6,"discuss"))),NOT(OR(EXACT(E6,"statistical_results"),EXACT(E6,"report_internal_inconsistency"),EXACT(E6,"plan_material"),EXACT(E6,"protocol_report"))),AND(AND(D6="retain",E6="statistical_results"),NOT(OR(EXACT(H6,"confirmed_issue"),EXACT(H6,"probable_issue"),EXACT(H6,"not_issue"),EXACT(H6,"indeterminate")))),AND(AND(D6="retain",E6="statistical_results"),NOT(OR(EXACT(I6,"substantive"),EXACT(I6,"minor_presentation"),EXACT(I6,"indeterminate")))),AND(AND(D6="retain",E6="statistical_results"),J6<>"",NOT(OR(EXACT(J6,"direct"),EXACT(J6,"possible"),EXACT(J6,"unlikely"),EXACT(J6,"unknown")))),AND(AND(D6="retain",OR(E6="report_internal_inconsistency",E6="plan_material")),NOT(OR(EXACT(K6,"substantive_inconsistency"),EXACT(K6,"minor_presentation"),EXACT(K6,"non_inconsistency"),EXACT(K6,"indeterminate")))),AND(AND(D6="retain",E6="protocol_report"),L6<>"",NOT(OR(EXACT(L6,"substantive_difference"),EXACT(L6,"minor_presentation"),EXACT(L6,"version_timing"),EXACT(L6,"non_inconsistency"),EXACT(L6,"indeterminate"))))),"CHECK FIELDS",IF(AND(F6<>"",NOT(OR(EXACT(F6,"no"),EXACT(F6,"primary_done")))),"CHECK COMPLETE",IF(EXACT(F6,"primary_done"),"PRIMARY READY","PRIMARY DRAFT")))))),"CHECK INPUT / KEY") | H6: =IF(AND(OR(D6="retain",D6=""),E6="statistical_results"),"","not_applicable") | I6: =IF(AND(OR(D6="retain",D6=""),E6="statistical_results"),"","not_applicable") | J6: =IF(AND(OR(D6="retain",D6=""),E6="statistical_results"),"","not_applicable") | K6: =IF(AND(OR(D6="retain",D6=""),OR(E6="report_internal_inconsistency",E6="plan_material")),"","not_applicable") | L6: indeterminate | R6: Plan supp1 p18 and p29 Table A1 define remission as HbA1c <6.5% without diabetes medications, no duration; main p2 adds 'for at least 3 months, assessed annually'. Difference exists, but the plan defers operational definitions to a Manual of Operations (p18) that was not supplied, so whether the 3-month window is new cannot be settled.
A7: 2024::jama.2024.0318::C006 | B7: Cardiovascular outcome status | C7: PLAN joi240004supp1_prod_1721756962.80052.pdf — p18 secondary list/section 4.4, joi240004supp1_prod_1721756962.80052.pdf — p29 Table A1 Aim 2 efficacy entries, joi240004supp1_prod_1721756962.80052.pdf — p30 Table A1 continuation/safety entry; REPORT jama_courcoulas_2024_oi_240004_1721756962.76052.pdf — main p2 other secondary outcomes, jama_courcoulas_2024_oi_240004_1721756962.76052.pdf — p1 abstract cardiovascular finding, jama_courcoulas_2024_oi_240004_1721756962.76052.pdf — p8 Table 3 cardiovascular rows. | D7: retain | E7: protocol_report | F7: primary_done | G7: =IFERROR(IF(LEN(TRIM(CLEAN(SUBSTITUTE(Setup!$B$2,CHAR(160)," "))))=0,"CHECK REVIEWER ID",IF(OR(A7="",COUNTIF($A$2:$A$15,A7)<>1,LEFT(A7,LEN("2024::jama.2024.0318::"))<>"2024::jama.2024.0318::"),"CHECK KEY",IF(OR(AND(NOT(AND(D7="retain",E7="statistical_results")),H7<>"",NOT(EXACT(H7,"not_applicable"))),AND(NOT(AND(D7="retain",E7="statistical_results")),I7<>"",NOT(EXACT(I7,"not_applicable"))),AND(NOT(AND(D7="retain",E7="statistical_results")),J7<>"",NOT(EXACT(J7,"not_applicable"))),AND(NOT(AND(D7="retain",OR(E7="report_internal_inconsistency",E7="plan_material"))),K7<>"",NOT(EXACT(K7,"not_applicable"))),AND(NOT(AND(D7="retain",E7="protocol_report")),L7<>"",NOT(EXACT(L7,"not_applicable")))),"CLEAR INACTIVE VALUES",IF(OR(NOT(OR(EXACT(D7,"retain"),EXACT(D7,"exclude"),EXACT(D7,"discuss"))),NOT(OR(EXACT(E7,"statistical_results"),EXACT(E7,"report_internal_inconsistency"),EXACT(E7,"plan_material"),EXACT(E7,"protocol_report"))),AND(AND(D7="retain",E7="statistical_results"),NOT(OR(EXACT(H7,"confirmed_issue"),EXACT(H7,"probable_issue"),EXACT(H7,"not_issue"),EXACT(H7,"indeterminate")))),AND(AND(D7="retain",E7="statistical_results"),NOT(OR(EXACT(I7,"substantive"),EXACT(I7,"minor_presentation"),EXACT(I7,"indeterminate")))),AND(AND(D7="retain",E7="statistical_results"),J7<>"",NOT(OR(EXACT(J7,"direct"),EXACT(J7,"possible"),EXACT(J7,"unlikely"),EXACT(J7,"unknown")))),AND(AND(D7="retain",OR(E7="report_internal_inconsistency",E7="plan_material")),NOT(OR(EXACT(K7,"substantive_inconsistency"),EXACT(K7,"minor_presentation"),EXACT(K7,"non_inconsistency"),EXACT(K7,"indeterminate")))),AND(AND(D7="retain",E7="protocol_report"),L7<>"",NOT(OR(EXACT(L7,"substantive_difference"),EXACT(L7,"minor_presentation"),EXACT(L7,"version_timing"),EXACT(L7,"non_inconsistency"),EXACT(L7,"indeterminate"))))),"CHECK FIELDS",IF(AND(F7<>"",NOT(OR(EXACT(F7,"no"),EXACT(F7,"primary_done")))),"CHECK COMPLETE",IF(EXACT(F7,"primary_done"),"PRIMARY READY","PRIMARY DRAFT")))))),"CHECK INPUT / KEY") | H7: =IF(AND(OR(D7="retain",D7=""),E7="statistical_results"),"","not_applicable") | I7: =IF(AND(OR(D7="retain",D7=""),E7="statistical_results"),"","not_applicable") | J7: =IF(AND(OR(D7="retain",D7=""),E7="statistical_results"),"","not_applicable") | K7: =IF(AND(OR(D7="retain",D7=""),OR(E7="report_internal_inconsistency",E7="plan_material")),"","not_applicable") | L7: minor_presentation | R7: Plan Table A1 (supp1 p30) lists 'major adverse cardiovascular events' under Aim 2 Safety; main p2 lists MACE among secondary outcomes. However, plan section 4.3 (p18) already lists 'microvascular or macrovascular events' as secondary and p18 says some study outcomes are also secondary, so the status change is mainly a labeling difference.
A8: 2024::jama.2024.0318::C007 | B8: Primary baseline adjustment | C8: PLAN joi240004supp1_prod_1721756962.80052.pdf — p26 A1 and Z definition, joi240004supp1_prod_1721756962.80052.pdf — p34 further baseline sensitivities; REPORT jama_courcoulas_2024_oi_240004_1721756962.76052.pdf — main p2 fixed-effect list, jama_courcoulas_2024_oi_240004_1721756962.76052.pdf — p3 fixed-effect continuation, joi240004supp2_prod_1721756962.82552.pdf — supplement p4 primary model. | D8: retain | E8: protocol_report | F8: primary_done | G8: =IFERROR(IF(LEN(TRIM(CLEAN(SUBSTITUTE(Setup!$B$2,CHAR(160)," "))))=0,"CHECK REVIEWER ID",IF(OR(A8="",COUNTIF($A$2:$A$15,A8)<>1,LEFT(A8,LEN("2024::jama.2024.0318::"))<>"2024::jama.2024.0318::"),"CHECK KEY",IF(OR(AND(NOT(AND(D8="retain",E8="statistical_results")),H8<>"",NOT(EXACT(H8,"not_applicable"))),AND(NOT(AND(D8="retain",E8="statistical_results")),I8<>"",NOT(EXACT(I8,"not_applicable"))),AND(NOT(AND(D8="retain",E8="statistical_results")),J8<>"",NOT(EXACT(J8,"not_applicable"))),AND(NOT(AND(D8="retain",OR(E8="report_internal_inconsistency",E8="plan_material"))),K8<>"",NOT(EXACT(K8,"not_applicable"))),AND(NOT(AND(D8="retain",E8="protocol_report")),L8<>"",NOT(EXACT(L8,"not_applicable")))),"CLEAR INACTIVE VALUES",IF(OR(NOT(OR(EXACT(D8,"retain"),EXACT(D8,"exclude"),EXACT(D8,"discuss"))),NOT(OR(EXACT(E8,"statistical_results"),EXACT(E8,"report_internal_inconsistency"),EXACT(E8,"plan_material"),EXACT(E8,"protocol_report"))),AND(AND(D8="retain",E8="statistical_results"),NOT(OR(EXACT(H8,"confirmed_issue"),EXACT(H8,"probable_issue"),EXACT(H8,"not_issue"),EXACT(H8,"indeterminate")))),AND(AND(D8="retain",E8="statistical_results"),NOT(OR(EXACT(I8,"substantive"),EXACT(I8,"minor_presentation"),EXACT(I8,"indeterminate")))),AND(AND(D8="retain",E8="statistical_results"),J8<>"",NOT(OR(EXACT(J8,"direct"),EXACT(J8,"possible"),EXACT(J8,"unlikely"),EXACT(J8,"unknown")))),AND(AND(D8="retain",OR(E8="report_internal_inconsistency",E8="plan_material")),NOT(OR(EXACT(K8,"substantive_inconsistency"),EXACT(K8,"minor_presentation"),EXACT(K8,"non_inconsistency"),EXACT(K8,"indeterminate")))),AND(AND(D8="retain",E8="protocol_report"),L8<>"",NOT(OR(EXACT(L8,"substantive_difference"),EXACT(L8,"minor_presentation"),EXACT(L8,"version_timing"),EXACT(L8,"non_inconsistency"),EXACT(L8,"indeterminate"))))),"CHECK FIELDS",IF(AND(F8<>"",NOT(OR(EXACT(F8,"no"),EXACT(F8,"primary_done")))),"CHECK COMPLETE",IF(EXACT(F8,"primary_done"),"PRIMARY READY","PRIMARY DRAFT")))))),"CHECK INPUT / KEY") | H8: =IF(AND(OR(D8="retain",D8=""),E8="statistical_results"),"","not_applicable") | I8: =IF(AND(OR(D8="retain",D8=""),E8="statistical_results"),"","not_applicable") | J8: =IF(AND(OR(D8="retain",D8=""),E8="statistical_results"),"","not_applicable") | K8: =IF(AND(OR(D8="retain",D8=""),OR(E8="report_internal_inconsistency",E8="plan_material")),"","not_applicable") | L8: substantive_difference | R8: Plan model A1 (supp1 p26) has group, visit, group x visit and site (Z = site indicators) as fixed effects; baseline HbA1c appears only among further sensitivity covariates (p34). Report primary model (main p2-3; supp2 p4) adds baseline HbA1c as a fixed effect. Covariate set of the primary model changed; not disclosed as a change.
A9: 2024::jama.2024.0318::C008 | B9: Planned primary sensitivity package not reported | C9: PLAN joi240004supp1_prod_1721756962.80052.pdf — p30 MICE/Rubin/pattern-mixture/crossover sensitivity, joi240004supp1_prod_1721756962.80052.pdf — p31 treatment×censoring weight and postcrossover discard, joi240004supp1_prod_1721756962.80052.pdf — p34 expanded baseline sensitivities; REPORT jama_courcoulas_2024_oi_240004_1721756962.76052.pdf — main p3 methods/sensitivity estimate, jama_courcoulas_2024_oi_240004_1721756962.76052.pdf — p9 limitations, joi240004supp2_prod_1721756962.82552.pdf — supplement p4 model, joi240004supp2_prod_1721756962.82552.pdf — p5 IPW formula/assignment/missingness, joi240004supp2_prod_1721756962.82552.pdf — p6 continuation, joi240004supp2_prod_1721756962.82552.pdf — p9 eFigure 2. | D9: retain | E9: protocol_report | F9: primary_done | G9: =IFERROR(IF(LEN(TRIM(CLEAN(SUBSTITUTE(Setup!$B$2,CHAR(160)," "))))=0,"CHECK REVIEWER ID",IF(OR(A9="",COUNTIF($A$2:$A$15,A9)<>1,LEFT(A9,LEN("2024::jama.2024.0318::"))<>"2024::jama.2024.0318::"),"CHECK KEY",IF(OR(AND(NOT(AND(D9="retain",E9="statistical_results")),H9<>"",NOT(EXACT(H9,"not_applicable"))),AND(NOT(AND(D9="retain",E9="statistical_results")),I9<>"",NOT(EXACT(I9,"not_applicable"))),AND(NOT(AND(D9="retain",E9="statistical_results")),J9<>"",NOT(EXACT(J9,"not_applicable"))),AND(NOT(AND(D9="retain",OR(E9="report_internal_inconsistency",E9="plan_material"))),K9<>"",NOT(EXACT(K9,"not_applicable"))),AND(NOT(AND(D9="retain",E9="protocol_report")),L9<>"",NOT(EXACT(L9,"not_applicable")))),"CLEAR INACTIVE VALUES",IF(OR(NOT(OR(EXACT(D9,"retain"),EXACT(D9,"exclude"),EXACT(D9,"discuss"))),NOT(OR(EXACT(E9,"statistical_results"),EXACT(E9,"report_internal_inconsistency"),EXACT(E9,"plan_material"),EXACT(E9,"protocol_report"))),AND(AND(D9="retain",E9="statistical_results"),NOT(OR(EXACT(H9,"confirmed_issue"),EXACT(H9,"probable_issue"),EXACT(H9,"not_issue"),EXACT(H9,"indeterminate")))),AND(AND(D9="retain",E9="statistical_results"),NOT(OR(EXACT(I9,"substantive"),EXACT(I9,"minor_presentation"),EXACT(I9,"indeterminate")))),AND(AND(D9="retain",E9="statistical_results"),J9<>"",NOT(OR(EXACT(J9,"direct"),EXACT(J9,"possible"),EXACT(J9,"unlikely"),EXACT(J9,"unknown")))),AND(AND(D9="retain",OR(E9="report_internal_inconsistency",E9="plan_material")),NOT(OR(EXACT(K9,"substantive_inconsistency"),EXACT(K9,"minor_presentation"),EXACT(K9,"non_inconsistency"),EXACT(K9,"indeterminate")))),AND(AND(D9="retain",E9="protocol_report"),L9<>"",NOT(OR(EXACT(L9,"substantive_difference"),EXACT(L9,"minor_presentation"),EXACT(L9,"version_timing"),EXACT(L9,"non_inconsistency"),EXACT(L9,"indeterminate"))))),"CHECK FIELDS",IF(AND(F9<>"",NOT(OR(EXACT(F9,"no"),EXACT(F9,"primary_done")))),"CHECK COMPLETE",IF(EXACT(F9,"primary_done"),"PRIMARY READY","PRIMARY DRAFT")))))),"CHECK INPUT / KEY") | H9: =IF(AND(OR(D9="retain",D9=""),E9="statistical_results"),"","not_applicable") | I9: =IF(AND(OR(D9="retain",D9=""),E9="statistical_results"),"","not_applicable") | J9: =IF(AND(OR(D9="retain",D9=""),E9="statistical_results"),"","not_applicable") | K9: =IF(AND(OR(D9="retain",D9=""),OR(E9="report_internal_inconsistency",E9="plan_material")),"","not_applicable") | L9: substantive_difference | R9: Plan supp1 p30-31, p34 promises MICE with Rubin's rules, pattern-mixture models, a censoring weight combined with IPTW, a per-protocol analysis discarding post-crossover outcomes, and baseline-covariate sensitivity analyses. Searched main and supp2 in full: only the treatment-IPW per-protocol analysis (main p3, supp2 p5, eFigure 2) is reported; no MICE, pattern-mixture or discard analysis.
A10: 2024::jama.2024.0318::C009 | B10: Planned binary A2 and reported GEE | C10: PLAN joi240004supp1_prod_1721756962.80052.pdf — p27 A2/secondary-model text; REPORT jama_courcoulas_2024_oi_240004_1721756962.76052.pdf — main p3 binary/GEE paragraph, jama_courcoulas_2024_oi_240004_1721756962.76052.pdf — p6 Table 2 binary rows, joi240004supp2_prod_1721756962.82552.pdf — supplement p4 binary GEE, joi240004supp2_prod_1721756962.82552.pdf — p5 continuation, joi240004supp2_prod_1721756962.82552.pdf — p15 eTable 2 binary rows. | D10: retain | E10: protocol_report | F10: primary_done | G10: =IFERROR(IF(LEN(TRIM(CLEAN(SUBSTITUTE(Setup!$B$2,CHAR(160)," "))))=0,"CHECK REVIEWER ID",IF(OR(A10="",COUNTIF($A$2:$A$15,A10)<>1,LEFT(A10,LEN("2024::jama.2024.0318::"))<>"2024::jama.2024.0318::"),"CHECK KEY",IF(OR(AND(NOT(AND(D10="retain",E10="statistical_results")),H10<>"",NOT(EXACT(H10,"not_applicable"))),AND(NOT(AND(D10="retain",E10="statistical_results")),I10<>"",NOT(EXACT(I10,"not_applicable"))),AND(NOT(AND(D10="retain",E10="statistical_results")),J10<>"",NOT(EXACT(J10,"not_applicable"))),AND(NOT(AND(D10="retain",OR(E10="report_internal_inconsistency",E10="plan_material"))),K10<>"",NOT(EXACT(K10,"not_applicable"))),AND(NOT(AND(D10="retain",E10="protocol_report")),L10<>"",NOT(EXACT(L10,"not_applicable")))),"CLEAR INACTIVE VALUES",IF(OR(NOT(OR(EXACT(D10,"retain"),EXACT(D10,"exclude"),EXACT(D10,"discuss"))),NOT(OR(EXACT(E10,"statistical_results"),EXACT(E10,"report_internal_inconsistency"),EXACT(E10,"plan_material"),EXACT(E10,"protocol_report"))),AND(AND(D10="retain",E10="statistical_results"),NOT(OR(EXACT(H10,"confirmed_issue"),EXACT(H10,"probable_issue"),EXACT(H10,"not_issue"),EXACT(H10,"indeterminate")))),AND(AND(D10="retain",E10="statistical_results"),NOT(OR(EXACT(I10,"substantive"),EXACT(I10,"minor_presentation"),EXACT(I10,"indeterminate")))),AND(AND(D10="retain",E10="statistical_results"),J10<>"",NOT(OR(EXACT(J10,"direct"),EXACT(J10,"possible"),EXACT(J10,"unlikely"),EXACT(J10,"unknown")))),AND(AND(D10="retain",OR(E10="report_internal_inconsistency",E10="plan_material")),NOT(OR(EXACT(K10,"substantive_inconsistency"),EXACT(K10,"minor_presentation"),EXACT(K10,"non_inconsistency"),EXACT(K10,"indeterminate")))),AND(AND(D10="retain",E10="protocol_report"),L10<>"",NOT(OR(EXACT(L10,"substantive_difference"),EXACT(L10,"minor_presentation"),EXACT(L10,"version_timing"),EXACT(L10,"non_inconsistency"),EXACT(L10,"indeterminate"))))),"CHECK FIELDS",IF(AND(F10<>"",NOT(OR(EXACT(F10,"no"),EXACT(F10,"primary_done")))),"CHECK COMPLETE",IF(EXACT(F10,"primary_done"),"PRIMARY READY","PRIMARY DRAFT")))))),"CHECK INPUT / KEY") | H10: =IF(AND(OR(D10="retain",D10=""),E10="statistical_results"),"","not_applicable") | I10: =IF(AND(OR(D10="retain",D10=""),E10="statistical_results"),"","not_applicable") | J10: =IF(AND(OR(D10="retain",D10=""),E10="statistical_results"),"","not_applicable") | K10: =IF(AND(OR(D10="retain",D10=""),OR(E10="report_internal_inconsistency",E10="plan_material")),"","not_applicable") | L10: substantive_difference | R10: Plan supp1 p27 specifies mixed-effects logistic models (A2, patient random intercept; conditional log OR) for glycemic control and remission; report (main p3; supp2 p4) uses GEE with sandwich SEs adjusting for site and baseline HbA1c. Model family and estimand (conditional vs marginal OR) differ; baseline HbA1c covariate also added.
A11: 2024::jama.2024.0318::C010 | B11: Medical medication OR interval pattern | C11: REPORT jama_courcoulas_2024_oi_240004_1721756962.76052.pdf — main p6 Table 2 use-of-medications medical change column and all binary comparator cells/footnotes, and corroborating REPORT joi240004supp2_prod_1721756962.82552.pdf — supplement p4 GEE/sandwich method. Every lower/upper limit and displayed decimal precision was visually checked. | D11: retain | E11: statistical_results | F11: primary_done | G11: =IFERROR(IF(LEN(TRIM(CLEAN(SUBSTITUTE(Setup!$B$2,CHAR(160)," "))))=0,"CHECK REVIEWER ID",IF(OR(A11="",COUNTIF($A$2:$A$15,A11)<>1,LEFT(A11,LEN("2024::jama.2024.0318::"))<>"2024::jama.2024.0318::"),"CHECK KEY",IF(OR(AND(NOT(AND(D11="retain",E11="statistical_results")),H11<>"",NOT(EXACT(H11,"not_applicable"))),AND(NOT(AND(D11="retain",E11="statistical_results")),I11<>"",NOT(EXACT(I11,"not_applicable"))),AND(NOT(AND(D11="retain",E11="statistical_results")),J11<>"",NOT(EXACT(J11,"not_applicable"))),AND(NOT(AND(D11="retain",OR(E11="report_internal_inconsistency",E11="plan_material"))),K11<>"",NOT(EXACT(K11,"not_applicable"))),AND(NOT(AND(D11="retain",E11="protocol_report")),L11<>"",NOT(EXACT(L11,"not_applicable")))),"CLEAR INACTIVE VALUES",IF(OR(NOT(OR(EXACT(D11,"retain"),EXACT(D11,"exclude"),EXACT(D11,"discuss"))),NOT(OR(EXACT(E11,"statistical_results"),EXACT(E11,"report_internal_inconsistency"),EXACT(E11,"plan_material"),EXACT(E11,"protocol_report"))),AND(AND(D11="retain",E11="statistical_results"),NOT(OR(EXACT(H11,"confirmed_issue"),EXACT(H11,"probable_issue"),EXACT(H11,"not_issue"),EXACT(H11,"indeterminate")))),AND(AND(D11="retain",E11="statistical_results"),NOT(OR(EXACT(I11,"substantive"),EXACT(I11,"minor_presentation"),EXACT(I11,"indeterminate")))),AND(AND(D11="retain",E11="statistical_results"),J11<>"",NOT(OR(EXACT(J11,"direct"),EXACT(J11,"possible"),EXACT(J11,"unlikely"),EXACT(J11,"unknown")))),AND(AND(D11="retain",OR(E11="report_internal_inconsistency",E11="plan_material")),NOT(OR(EXACT(K11,"substantive_inconsistency"),EXACT(K11,"minor_presentation"),EXACT(K11,"non_inconsistency"),EXACT(K11,"indeterminate")))),AND(AND(D11="retain",E11="protocol_report"),L11<>"",NOT(OR(EXACT(L11,"substantive_difference"),EXACT(L11,"minor_presentation"),EXACT(L11,"version_timing"),EXACT(L11,"non_inconsistency"),EXACT(L11,"indeterminate"))))),"CHECK FIELDS",IF(AND(F11<>"",NOT(OR(EXACT(F11,"no"),EXACT(F11,"primary_done")))),"CHECK COMPLETE",IF(EXACT(F11,"primary_done"),"PRIMARY READY","PRIMARY DRAFT")))))),"CHECK INPUT / KEY") | H11: confirmed_issue | I11: minor_presentation | J11: unlikely | K11: =IF(AND(OR(D11="retain",D11=""),OR(E11="report_internal_inconsistency",E11="plan_material")),"","not_applicable") | L11: =IF(AND(OR(D11="retain",D11=""),E11="protocol_report"),"","not_applicable") | R11: Table 2 p6 (rendered) medical 'use of medications' OR 0.10 (0.01 to 3.27): geometric midpoint sqrt(0.01*3.27)=0.18; with 0.01 in [0.005,0.015] the midpoint range is 0.128-0.222, excluding 0.10. All 17 other binary OR cells reproduce (ratio 0.98-1.06; 0.03 (0.01-0.11) fits within rounding). Lower limit implied by 0.10 and 3.27 is 0.003, so the lower bound is likely misprinted.
A12: 2024::jama.2024.0318::C011 | B12: Vascular and safety test mapping | C12: PLAN joi240004supp1_prod_1721756962.80052.pdf — p34 Aim 2 vascular/safety paragraph, joi240004supp1_prod_1721756962.80052.pdf — p35 power/secondary continuation, joi240004supp1_prod_1721756962.80052.pdf — p26 separate baseline-comparison CMH paragraph; REPORT jama_courcoulas_2024_oi_240004_1721756962.76052.pdf — main p1 abstract cardiovascular statement, jama_courcoulas_2024_oi_240004_1721756962.76052.pdf — p7 event/procedure narrative, joi240004supp2_prod_1721756962.82552.pdf — supplement p6 event-test methods, joi240004supp2_prod_1721756962.82552.pdf — p17 nutritional categorical comparisons, joi240004supp2_prod_1721756962.82552.pdf — p19 eTable 5 example P cells, joi240004supp2_prod_1721756962.82552.pdf — p20 eTable 5 footnote b, joi240004supp2_prod_1721756962.82552.pdf — p21 eTable 6/footnote b. | D12: retain | E12: protocol_report | F12: primary_done | G12: =IFERROR(IF(LEN(TRIM(CLEAN(SUBSTITUTE(Setup!$B$2,CHAR(160)," "))))=0,"CHECK REVIEWER ID",IF(OR(A12="",COUNTIF($A$2:$A$15,A12)<>1,LEFT(A12,LEN("2024::jama.2024.0318::"))<>"2024::jama.2024.0318::"),"CHECK KEY",IF(OR(AND(NOT(AND(D12="retain",E12="statistical_results")),H12<>"",NOT(EXACT(H12,"not_applicable"))),AND(NOT(AND(D12="retain",E12="statistical_results")),I12<>"",NOT(EXACT(I12,"not_applicable"))),AND(NOT(AND(D12="retain",E12="statistical_results")),J12<>"",NOT(EXACT(J12,"not_applicable"))),AND(NOT(AND(D12="retain",OR(E12="report_internal_inconsistency",E12="plan_material"))),K12<>"",NOT(EXACT(K12,"not_applicable"))),AND(NOT(AND(D12="retain",E12="protocol_report")),L12<>"",NOT(EXACT(L12,"not_applicable")))),"CLEAR INACTIVE VALUES",IF(OR(NOT(OR(EXACT(D12,"retain"),EXACT(D12,"exclude"),EXACT(D12,"discuss"))),NOT(OR(EXACT(E12,"statistical_results"),EXACT(E12,"report_internal_inconsistency"),EXACT(E12,"plan_material"),EXACT(E12,"protocol_report"))),AND(AND(D12="retain",E12="statistical_results"),NOT(OR(EXACT(H12,"confirmed_issue"),EXACT(H12,"probable_issue"),EXACT(H12,"not_issue"),EXACT(H12,"indeterminate")))),AND(AND(D12="retain",E12="statistical_results"),NOT(OR(EXACT(I12,"substantive"),EXACT(I12,"minor_presentation"),EXACT(I12,"indeterminate")))),AND(AND(D12="retain",E12="statistical_results"),J12<>"",NOT(OR(EXACT(J12,"direct"),EXACT(J12,"possible"),EXACT(J12,"unlikely"),EXACT(J12,"unknown")))),AND(AND(D12="retain",OR(E12="report_internal_inconsistency",E12="plan_material")),NOT(OR(EXACT(K12,"substantive_inconsistency"),EXACT(K12,"minor_presentation"),EXACT(K12,"non_inconsistency"),EXACT(K12,"indeterminate")))),AND(AND(D12="retain",E12="protocol_report"),L12<>"",NOT(OR(EXACT(L12,"substantive_difference"),EXACT(L12,"minor_presentation"),EXACT(L12,"version_timing"),EXACT(L12,"non_inconsistency"),EXACT(L12,"indeterminate"))))),"CHECK FIELDS",IF(AND(F12<>"",NOT(OR(EXACT(F12,"no"),EXACT(F12,"primary_done")))),"CHECK COMPLETE",IF(EXACT(F12,"primary_done"),"PRIMARY READY","PRIMARY DRAFT")))))),"CHECK INPUT / KEY") | H12: =IF(AND(OR(D12="retain",D12=""),E12="statistical_results"),"","not_applicable") | I12: =IF(AND(OR(D12="retain",D12=""),E12="statistical_results"),"","not_applicable") | J12: =IF(AND(OR(D12="retain",D12=""),E12="statistical_results"),"","not_applicable") | K12: =IF(AND(OR(D12="retain",D12=""),OR(E12="report_internal_inconsistency",E12="plan_material")),"","not_applicable") | L12: substantive_difference | R12: Plan supp1 p34 specifies Cochran-Mantel-Haenszel tests for micro/macrovascular events and safety outcomes; report supp2 p6 and eTable 5/6 footnotes use chi-squared or Fisher's exact tests. Stratified versus unstratified test; the plan does not name the strata. Low-stakes method change for descriptive safety comparisons.
A13: 2024::jama.2024.0318::C012 | B13: Fixed site and power variance specification | C13: PLAN joi240004supp1_prod_1721756962.80052.pdf — p26 A1/b_i/Z definition, joi240004supp1_prod_1721756962.80052.pdf — p28 primary power variance-component paragraph, joi240004supp1_prod_1721756962.80052.pdf — p31 heterogeneity/distribution paragraph; corroborating REPORT jama_courcoulas_2024_oi_240004_1721756962.76052.pdf — main p2 primary model, jama_courcoulas_2024_oi_240004_1721756962.76052.pdf — p3 fixed-effect continuation, joi240004supp2_prod_1721756962.82552.pdf — supplement p4 fixed-site model. PLAN joi240004supp1_prod_1721756962.80052.pdf — p27 identifiability clause was also reread. | D13: retain | E13: plan_material | F13: primary_done | G13: =IFERROR(IF(LEN(TRIM(CLEAN(SUBSTITUTE(Setup!$B$2,CHAR(160)," "))))=0,"CHECK REVIEWER ID",IF(OR(A13="",COUNTIF($A$2:$A$15,A13)<>1,LEFT(A13,LEN("2024::jama.2024.0318::"))<>"2024::jama.2024.0318::"),"CHECK KEY",IF(OR(AND(NOT(AND(D13="retain",E13="statistical_results")),H13<>"",NOT(EXACT(H13,"not_applicable"))),AND(NOT(AND(D13="retain",E13="statistical_results")),I13<>"",NOT(EXACT(I13,"not_applicable"))),AND(NOT(AND(D13="retain",E13="statistical_results")),J13<>"",NOT(EXACT(J13,"not_applicable"))),AND(NOT(AND(D13="retain",OR(E13="report_internal_inconsistency",E13="plan_material"))),K13<>"",NOT(EXACT(K13,"not_applicable"))),AND(NOT(AND(D13="retain",E13="protocol_report")),L13<>"",NOT(EXACT(L13,"not_applicable")))),"CLEAR INACTIVE VALUES",IF(OR(NOT(OR(EXACT(D13,"retain"),EXACT(D13,"exclude"),EXACT(D13,"discuss"))),NOT(OR(EXACT(E13,"statistical_results"),EXACT(E13,"report_internal_inconsistency"),EXACT(E13,"plan_material"),EXACT(E13,"protocol_report"))),AND(AND(D13="retain",E13="statistical_results"),NOT(OR(EXACT(H13,"confirmed_issue"),EXACT(H13,"probable_issue"),EXACT(H13,"not_issue"),EXACT(H13,"indeterminate")))),AND(AND(D13="retain",E13="statistical_results"),NOT(OR(EXACT(I13,"substantive"),EXACT(I13,"minor_presentation"),EXACT(I13,"indeterminate")))),AND(AND(D13="retain",E13="statistical_results"),J13<>"",NOT(OR(EXACT(J13,"direct"),EXACT(J13,"possible"),EXACT(J13,"unlikely"),EXACT(J13,"unknown")))),AND(AND(D13="retain",OR(E13="report_internal_inconsistency",E13="plan_material")),NOT(OR(EXACT(K13,"substantive_inconsistency"),EXACT(K13,"minor_presentation"),EXACT(K13,"non_inconsistency"),EXACT(K13,"indeterminate")))),AND(AND(D13="retain",E13="protocol_report"),L13<>"",NOT(OR(EXACT(L13,"substantive_difference"),EXACT(L13,"minor_presentation"),EXACT(L13,"version_timing"),EXACT(L13,"non_inconsistency"),EXACT(L13,"indeterminate"))))),"CHECK FIELDS",IF(AND(F13<>"",NOT(OR(EXACT(F13,"no"),EXACT(F13,"primary_done")))),"CHECK COMPLETE",IF(EXACT(F13,"primary_done"),"PRIMARY READY","PRIMARY DRAFT")))))),"CHECK INPUT / KEY") | H13: =IF(AND(OR(D13="retain",D13=""),E13="statistical_results"),"","not_applicable") | I13: =IF(AND(OR(D13="retain",D13=""),E13="statistical_results"),"","not_applicable") | J13: =IF(AND(OR(D13="retain",D13=""),E13="statistical_results"),"","not_applicable") | K13: substantive_inconsistency | L13: =IF(AND(OR(D13="retain",D13=""),E13="protocol_report"),"","not_applicable") | R13: Within the plan (supp1): model A1 (p26) treats site as a fixed effect b_i (with Z also site indicators), but the power section (p28) uses a fitted variance component sigma_b=0.06 for site, and p31 says site-specific effects 'follow some distribution' and the CI describes heterogeneity, i.e., a random-site model. Fixed versus random site is internally inconsistent in the plan.
A14: 2024::jama.2024.0318::C013 | B14: Appendix randomization-dropout accounting | C14: PLAN joi240004supp1_prod_1721756962.80052.pdf — p55 Appendix 2 table title, # Randomized and Number underwent intervention† rows, joi240004supp1_prod_1721756962.80052.pdf — p56 table continuation and dagger definition/dropout statement, and corroborating PLAN joi240004supp1_prod_1721756962.80052.pdf — p27 randomized/initiated population paragraph. | D14: retain | E14: plan_material | F14: primary_done | G14: =IFERROR(IF(LEN(TRIM(CLEAN(SUBSTITUTE(Setup!$B$2,CHAR(160)," "))))=0,"CHECK REVIEWER ID",IF(OR(A14="",COUNTIF($A$2:$A$15,A14)<>1,LEFT(A14,LEN("2024::jama.2024.0318::"))<>"2024::jama.2024.0318::"),"CHECK KEY",IF(OR(AND(NOT(AND(D14="retain",E14="statistical_results")),H14<>"",NOT(EXACT(H14,"not_applicable"))),AND(NOT(AND(D14="retain",E14="statistical_results")),I14<>"",NOT(EXACT(I14,"not_applicable"))),AND(NOT(AND(D14="retain",E14="statistical_results")),J14<>"",NOT(EXACT(J14,"not_applicable"))),AND(NOT(AND(D14="retain",OR(E14="report_internal_inconsistency",E14="plan_material"))),K14<>"",NOT(EXACT(K14,"not_applicable"))),AND(NOT(AND(D14="retain",E14="protocol_report")),L14<>"",NOT(EXACT(L14,"not_applicable")))),"CLEAR INACTIVE VALUES",IF(OR(NOT(OR(EXACT(D14,"retain"),EXACT(D14,"exclude"),EXACT(D14,"discuss"))),NOT(OR(EXACT(E14,"statistical_results"),EXACT(E14,"report_internal_inconsistency"),EXACT(E14,"plan_material"),EXACT(E14,"protocol_report"))),AND(AND(D14="retain",E14="statistical_results"),NOT(OR(EXACT(H14,"confirmed_issue"),EXACT(H14,"probable_issue"),EXACT(H14,"not_issue"),EXACT(H14,"indeterminate")))),AND(AND(D14="retain",E14="statistical_results"),NOT(OR(EXACT(I14,"substantive"),EXACT(I14,"minor_presentation"),EXACT(I14,"indeterminate")))),AND(AND(D14="retain",E14="statistical_results"),J14<>"",NOT(OR(EXACT(J14,"direct"),EXACT(J14,"possible"),EXACT(J14,"unlikely"),EXACT(J14,"unknown")))),AND(AND(D14="retain",OR(E14="report_internal_inconsistency",E14="plan_material")),NOT(OR(EXACT(K14,"substantive_inconsistency"),EXACT(K14,"minor_presentation"),EXACT(K14,"non_inconsistency"),EXACT(K14,"indeterminate")))),AND(AND(D14="retain",E14="protocol_report"),L14<>"",NOT(OR(EXACT(L14,"substantive_difference"),EXACT(L14,"minor_presentation"),EXACT(L14,"version_timing"),EXACT(L14,"non_inconsistency"),EXACT(L14,"indeterminate"))))),"CHECK FIELDS",IF(AND(F14<>"",NOT(OR(EXACT(F14,"no"),EXACT(F14,"primary_done")))),"CHECK COMPLETE",IF(EXACT(F14,"primary_done"),"PRIMARY READY","PRIMARY DRAFT")))))),"CHECK INPUT / KEY") | H14: =IF(AND(OR(D14="retain",D14=""),E14="statistical_results"),"","not_applicable") | I14: =IF(AND(OR(D14="retain",D14=""),E14="statistical_results"),"","not_applicable") | J14: =IF(AND(OR(D14="retain",D14=""),E14="statistical_results"),"","not_applicable") | K14: minor_presentation | L14: =IF(AND(OR(D14="retain",D14=""),E14="protocol_report"),"","not_applicable") | R14: Plan Appendix 2 (supp1 p55-56): randomized 155+69+43+45+43 = 355, underwent intervention 154+61+38+40+32 = 325, so 30 did not start; the dagger footnote says 38 dropped at randomization. Died (3), lost (20) and eligible (302) reconcile with p27. The 38 conflicts with the table. Note: the report (main p3, Fig 1) states 39 withdrew before intervention and 316 eligible, closer to the footnote.
A15: 2024::jama.2024.0318::C014 | B15: Other race count and percentage | C15: REPORT joi240004supp2_prod_1721756962.82552.pdf — supplement p14 eTable 1 7-year column, race rows and footnotes a/b. | D15: retain | E15: statistical_results | F15: primary_done | G15: =IFERROR(IF(LEN(TRIM(CLEAN(SUBSTITUTE(Setup!$B$2,CHAR(160)," "))))=0,"CHECK REVIEWER ID",IF(OR(A15="",COUNTIF($A$2:$A$15,A15)<>1,LEFT(A15,LEN("2024::jama.2024.0318::"))<>"2024::jama.2024.0318::"),"CHECK KEY",IF(OR(AND(NOT(AND(D15="retain",E15="statistical_results")),H15<>"",NOT(EXACT(H15,"not_applicable"))),AND(NOT(AND(D15="retain",E15="statistical_results")),I15<>"",NOT(EXACT(I15,"not_applicable"))),AND(NOT(AND(D15="retain",E15="statistical_results")),J15<>"",NOT(EXACT(J15,"not_applicable"))),AND(NOT(AND(D15="retain",OR(E15="report_internal_inconsistency",E15="plan_material"))),K15<>"",NOT(EXACT(K15,"not_applicable"))),AND(NOT(AND(D15="retain",E15="protocol_report")),L15<>"",NOT(EXACT(L15,"not_applicable")))),"CLEAR INACTIVE VALUES",IF(OR(NOT(OR(EXACT(D15,"retain"),EXACT(D15,"exclude"),EXACT(D15,"discuss"))),NOT(OR(EXACT(E15,"statistical_results"),EXACT(E15,"report_internal_inconsistency"),EXACT(E15,"plan_material"),EXACT(E15,"protocol_report"))),AND(AND(D15="retain",E15="statistical_results"),NOT(OR(EXACT(H15,"confirmed_issue"),EXACT(H15,"probable_issue"),EXACT(H15,"not_issue"),EXACT(H15,"indeterminate")))),AND(AND(D15="retain",E15="statistical_results"),NOT(OR(EXACT(I15,"substantive"),EXACT(I15,"minor_presentation"),EXACT(I15,"indeterminate")))),AND(AND(D15="retain",E15="statistical_results"),J15<>"",NOT(OR(EXACT(J15,"direct"),EXACT(J15,"possible"),EXACT(J15,"unlikely"),EXACT(J15,"unknown")))),AND(AND(D15="retain",OR(E15="report_internal_inconsistency",E15="plan_material")),NOT(OR(EXACT(K15,"substantive_inconsistency"),EXACT(K15,"minor_presentation"),EXACT(K15,"non_inconsistency"),EXACT(K15,"indeterminate")))),AND(AND(D15="retain",E15="protocol_report"),L15<>"",NOT(OR(EXACT(L15,"substantive_difference"),EXACT(L15,"minor_presentation"),EXACT(L15,"version_timing"),EXACT(L15,"non_inconsistency"),EXACT(L15,"indeterminate"))))),"CHECK FIELDS",IF(AND(F15<>"",NOT(OR(EXACT(F15,"no"),EXACT(F15,"primary_done")))),"CHECK COMPLETE",IF(EXACT(F15,"primary_done"),"PRIMARY READY","PRIMARY DRAFT")))))),"CHECK INPUT / KEY") | H15: confirmed_issue | I15: minor_presentation | J15: unlikely | K15: =IF(AND(OR(D15="retain",D15=""),OR(E15="report_internal_inconsistency",E15="plan_material")),"","not_applicable") | L15: =IF(AND(OR(D15="retain",D15=""),E15="protocol_report"),"","not_applicable") | R15: eTable 1 (supp2 p14) 7-year column: Other race 4 (1.9) with N=262; 4/262 = 1.5%. Black 81 (30.9) and White 176 (67.2) reproduce, but 81+176+4 = 261. Main Table 1 gives White 59+118 = 177 (67.6%), so eTable 1 White (176) also disagrees with Table 1.

Sheet C_jama.2024.0572
A1: Candidate key | B1: Candidate title | C1: Source location | D1: Disposition | E1: Review domain (AI suggestion; editable) | F1: Complete | G1: Validation hint | H1: Statistical_or_numerical issue | I1: Substantiveness | J1: Downstream impact | K1: Report-internal or planning-material inconsistency | L1: Protocol interpretation | R1: Notes (optional)
A2: 2024::jama.2024.0572::C001 | B2: Follow-up MRI analysis-population count | C2: jama_sarraj_2024_oi_240006_1708623114.96234.pdf — Main p.4, Results imaging paragraph; jama_sarraj_2024_oi_240006_1708623114.96234.pdf — Main p.9, infarct-growth paragraph; jama_sarraj_2024_oi_240006_1708623114.96234.pdf — Main p.11 discussion; joi240006supp5_prod_1708623115.01733.pdf — Results p.51 eTable11; jama_sarraj_2024_oi_240006_1708623114.96234.pdf — Main p.6 baseline-MRI context | D2: retain | E2: statistical_results | F2: primary_done | G2: =IFERROR(IF(LEN(TRIM(CLEAN(SUBSTITUTE(Setup!$B$2,CHAR(160)," "))))=0,"CHECK REVIEWER ID",IF(OR(A2="",COUNTIF($A$2:$A$20,A2)<>1,LEFT(A2,LEN("2024::jama.2024.0572::"))<>"2024::jama.2024.0572::"),"CHECK KEY",IF(OR(AND(NOT(AND(D2="retain",E2="statistical_results")),H2<>"",NOT(EXACT(H2,"not_applicable"))),AND(NOT(AND(D2="retain",E2="statistical_results")),I2<>"",NOT(EXACT(I2,"not_applicable"))),AND(NOT(AND(D2="retain",E2="statistical_results")),J2<>"",NOT(EXACT(J2,"not_applicable"))),AND(NOT(AND(D2="retain",OR(E2="report_internal_inconsistency",E2="plan_material"))),K2<>"",NOT(EXACT(K2,"not_applicable"))),AND(NOT(AND(D2="retain",E2="protocol_report")),L2<>"",NOT(EXACT(L2,"not_applicable")))),"CLEAR INACTIVE VALUES",IF(OR(NOT(OR(EXACT(D2,"retain"),EXACT(D2,"exclude"),EXACT(D2,"discuss"))),NOT(OR(EXACT(E2,"statistical_results"),EXACT(E2,"report_internal_inconsistency"),EXACT(E2,"plan_material"),EXACT(E2,"protocol_report"))),AND(AND(D2="retain",E2="statistical_results"),NOT(OR(EXACT(H2,"confirmed_issue"),EXACT(H2,"probable_issue"),EXACT(H2,"not_issue"),EXACT(H2,"indeterminate")))),AND(AND(D2="retain",E2="statistical_results"),NOT(OR(EXACT(I2,"substantive"),EXACT(I2,"minor_presentation"),EXACT(I2,"indeterminate")))),AND(AND(D2="retain",E2="statistical_results"),J2<>"",NOT(OR(EXACT(J2,"direct"),EXACT(J2,"possible"),EXACT(J2,"unlikely"),EXACT(J2,"unknown")))),AND(AND(D2="retain",OR(E2="report_internal_inconsistency",E2="plan_material")),NOT(OR(EXACT(K2,"substantive_inconsistency"),EXACT(K2,"minor_presentation"),EXACT(K2,"non_inconsistency"),EXACT(K2,"indeterminate")))),AND(AND(D2="retain",E2="protocol_report"),L2<>"",NOT(OR(EXACT(L2,"substantive_difference"),EXACT(L2,"minor_presentation"),EXACT(L2,"version_timing"),EXACT(L2,"non_inconsistency"),EXACT(L2,"indeterminate"))))),"CHECK FIELDS",IF(AND(F2<>"",NOT(OR(EXACT(F2,"no"),EXACT(F2,"primary_done")))),"CHECK COMPLETE",IF(EXACT(F2,"primary_done"),"PRIMARY READY","PRIMARY DRAFT")))))),"CHECK INPUT / KEY") | H2: confirmed_issue | I2: substantive | J2: possible | K2: =IF(AND(OR(D2="retain",D2=""),OR(E2="report_internal_inconsistency",E2="plan_material")),"","not_applicable") | L2: =IF(AND(OR(D2="retain",D2=""),E2="protocol_report"),"","not_applicable") | R2: Main p4: follow-up imaging was MRI in 8/336 (2%) and CT in 328/336 (98%); main p9 and eTable 11 (supp5 p51): MR diffusion follow-up in 204 (61%) = 101+24+79; discussion p11 'two-thirds'. 8 matches baseline MR DWI (Table 1: 3+5), so p4 appears to describe baseline modality as follow-up. Reader cannot tell which follow-up modality mix applies to infarct volumes.
A3: 2024::jama.2024.0572::C002 | B3: Primary treatment-group specification | C3: joi240006supp4_prod_1708623115.00733.pdf — Analysis SAP p.3, §5.1; joi240006supp4_prod_1708623115.00733.pdf — Its p.4, §5.2.1; jama_sarraj_2024_oi_240006_1708623114.96234.pdf — Main p.4, Statistical Analysis; jama_sarraj_2024_oi_240006_1708623114.96234.pdf — Main p.6 Figure1; joi240006supp5_prod_1708623115.01733.pdf — results p.8 flow diagram; joi240006supp5_prod_1708623115.01733.pdf — Results p.38 eTable2 | D3: retain | E3: protocol_report | F3: primary_done | G3: =IFERROR(IF(LEN(TRIM(CLEAN(SUBSTITUTE(Setup!$B$2,CHAR(160)," "))))=0,"CHECK REVIEWER ID",IF(OR(A3="",COUNTIF($A$2:$A$20,A3)<>1,LEFT(A3,LEN("2024::jama.2024.0572::"))<>"2024::jama.2024.0572::"),"CHECK KEY",IF(OR(AND(NOT(AND(D3="retain",E3="statistical_results")),H3<>"",NOT(EXACT(H3,"not_applicable"))),AND(NOT(AND(D3="retain",E3="statistical_results")),I3<>"",NOT(EXACT(I3,"not_applicable"))),AND(NOT(AND(D3="retain",E3="statistical_results")),J3<>"",NOT(EXACT(J3,"not_applicable"))),AND(NOT(AND(D3="retain",OR(E3="report_internal_inconsistency",E3="plan_material"))),K3<>"",NOT(EXACT(K3,"not_applicable"))),AND(NOT(AND(D3="retain",E3="protocol_report")),L3<>"",NOT(EXACT(L3,"not_applicable")))),"CLEAR INACTIVE VALUES",IF(OR(NOT(OR(EXACT(D3,"retain"),EXACT(D3,"exclude"),EXACT(D3,"discuss"))),NOT(OR(EXACT(E3,"statistical_results"),EXACT(E3,"report_internal_inconsistency"),EXACT(E3,"plan_material"),EXACT(E3,"protocol_report"))),AND(AND(D3="retain",E3="statistical_results"),NOT(OR(EXACT(H3,"confirmed_issue"),EXACT(H3,"probable_issue"),EXACT(H3,"not_issue"),EXACT(H3,"indeterminate")))),AND(AND(D3="retain",E3="statistical_results"),NOT(OR(EXACT(I3,"substantive"),EXACT(I3,"minor_presentation"),EXACT(I3,"indeterminate")))),AND(AND(D3="retain",E3="statistical_results"),J3<>"",NOT(OR(EXACT(J3,"direct"),EXACT(J3,"possible"),EXACT(J3,"unlikely"),EXACT(J3,"unknown")))),AND(AND(D3="retain",OR(E3="report_internal_inconsistency",E3="plan_material")),NOT(OR(EXACT(K3,"substantive_inconsistency"),EXACT(K3,"minor_presentation"),EXACT(K3,"non_inconsistency"),EXACT(K3,"indeterminate")))),AND(AND(D3="retain",E3="protocol_report"),L3<>"",NOT(OR(EXACT(L3,"substantive_difference"),EXACT(L3,"minor_presentation"),EXACT(L3,"version_timing"),EXACT(L3,"non_inconsistency"),EXACT(L3,"indeterminate"))))),"CHECK FIELDS",IF(AND(F3<>"",NOT(OR(EXACT(F3,"no"),EXACT(F3,"primary_done")))),"CHECK COMPLETE",IF(EXACT(F3,"primary_done"),"PRIMARY READY","PRIMARY DRAFT")))))),"CHECK INPUT / KEY") | H3: =IF(AND(OR(D3="retain",D3=""),E3="statistical_results"),"","not_applicable") | I3: =IF(AND(OR(D3="retain",D3=""),E3="statistical_results"),"","not_applicable") | J3: =IF(AND(OR(D3="retain",D3=""),E3="statistical_results"),"","not_applicable") | K3: =IF(AND(OR(D3="retain",D3=""),OR(E3="report_internal_inconsistency",E3="plan_material")),"","not_applicable") | L3: substantive_difference | R3: Analysis SAP (supp4 p3, 5.1): 'All analyses will be performed under an as-treated approach.' Report (main p4 Statistical Analysis; Table 1 168/168 vs Table 2 170/166) analyzes treatment comparisons across imaging strata by randomized group (ITT) and within-arm associations as treated. Analysis population for the main treatment-effect comparisons differs from plan; not described as a change. Practical impact limited (2 MM-to-EVT crossovers).
A4: 2024::jama.2024.0572::C003 | B4: Composite-core analysis hierarchy and prespecification | C4: joi240006supp4_prod_1708623115.00733.pdf — Analysis SAP p.3 imaging-definition bullets; joi240006supp4_prod_1708623115.00733.pdf — SAP p.7 appendix item1; jama_sarraj_2024_oi_240006_1708623114.96234.pdf — Main p.4 methods; jama_sarraj_2024_oi_240006_1708623114.96234.pdf — Main p.6; jama_sarraj_2024_oi_240006_1708623114.96234.pdf — main p.8 Figure3; joi240006supp5_prod_1708623115.01733.pdf — results p.16 eFigure10; jama_sarraj_2024_oi_240006_1708623114.96234.pdf — Main p.1 abstract; jama_sarraj_2024_oi_240006_1708623114.96234.pdf — Main p.11 limitations | D4: retain | E4: protocol_report | F4: primary_done | G4: =IFERROR(IF(LEN(TRIM(CLEAN(SUBSTITUTE(Setup!$B$2,CHAR(160)," "))))=0,"CHECK REVIEWER ID",IF(OR(A4="",COUNTIF($A$2:$A$20,A4)<>1,LEFT(A4,LEN("2024::jama.2024.0572::"))<>"2024::jama.2024.0572::"),"CHECK KEY",IF(OR(AND(NOT(AND(D4="retain",E4="statistical_results")),H4<>"",NOT(EXACT(H4,"not_applicable"))),AND(NOT(AND(D4="retain",E4="statistical_results")),I4<>"",NOT(EXACT(I4,"not_applicable"))),AND(NOT(AND(D4="retain",E4="statistical_results")),J4<>"",NOT(EXACT(J4,"not_applicable"))),AND(NOT(AND(D4="retain",OR(E4="report_internal_inconsistency",E4="plan_material"))),K4<>"",NOT(EXACT(K4,"not_applicable"))),AND(NOT(AND(D4="retain",E4="protocol_report")),L4<>"",NOT(EXACT(L4,"not_applicable")))),"CLEAR INACTIVE VALUES",IF(OR(NOT(OR(EXACT(D4,"retain"),EXACT(D4,"exclude"),EXACT(D4,"discuss"))),NOT(OR(EXACT(E4,"statistical_results"),EXACT(E4,"report_internal_inconsistency"),EXACT(E4,"plan_material"),EXACT(E4,"protocol_report"))),AND(AND(D4="retain",E4="statistical_results"),NOT(OR(EXACT(H4,"confirmed_issue"),EXACT(H4,"probable_issue"),EXACT(H4,"not_issue"),EXACT(H4,"indeterminate")))),AND(AND(D4="retain",E4="statistical_results"),NOT(OR(EXACT(I4,"substantive"),EXACT(I4,"minor_presentation"),EXACT(I4,"indeterminate")))),AND(AND(D4="retain",E4="statistical_results"),J4<>"",NOT(OR(EXACT(J4,"direct"),EXACT(J4,"possible"),EXACT(J4,"unlikely"),EXACT(J4,"unknown")))),AND(AND(D4="retain",OR(E4="report_internal_inconsistency",E4="plan_material")),NOT(OR(EXACT(K4,"substantive_inconsistency"),EXACT(K4,"minor_presentation"),EXACT(K4,"non_inconsistency"),EXACT(K4,"indeterminate")))),AND(AND(D4="retain",E4="protocol_report"),L4<>"",NOT(OR(EXACT(L4,"substantive_difference"),EXACT(L4,"minor_presentation"),EXACT(L4,"version_timing"),EXACT(L4,"non_inconsistency"),EXACT(L4,"indeterminate"))))),"CHECK FIELDS",IF(AND(F4<>"",NOT(OR(EXACT(F4,"no"),EXACT(F4,"primary_done")))),"CHECK COMPLETE",IF(EXACT(F4,"primary_done"),"PRIMARY READY","PRIMARY DRAFT")))))),"CHECK INPUT / KEY") | H4: =IF(AND(OR(D4="retain",D4=""),E4="statistical_results"),"","not_applicable") | I4: =IF(AND(OR(D4="retain",D4=""),E4="statistical_results"),"","not_applicable") | J4: =IF(AND(OR(D4="retain",D4=""),E4="statistical_results"),"","not_applicable") | K4: =IF(AND(OR(D4="retain",D4=""),OR(E4="report_internal_inconsistency",E4="plan_material")),"","not_applicable") | L4: substantive_difference | R4: Analysis SAP (supp4 p3, imaging definitions) makes the composite core (larger of CTP/MRI and CT hypodensity) the primary volume and CTP/MRI core a sensitivity analysis; SAP appendix p7 calls composite core 'pre-specified'. Report (main p4, p6; supp5 eFig 10-16) makes CTP/MRI core primary and labels composite-core analyses 'post hoc'; limitations (p10) say the composite concept was preplanned. Primary/sensitivity roles reversed and prespecification mislabeled.
A5: 2024::jama.2024.0572::C004 | B5: Finite all-zero subgroup risk estimates | C5: jama_sarraj_2024_oi_240006_1708623114.96234.pdf — Main p.4; joi240006supp5_prod_1708623115.01733.pdf — results p.13 eFigure7 ASPECTS0–2; joi240006supp5_prod_1708623115.01733.pdf — p.14 eFigure8 ASPECTS0–2; joi240006supp4_prod_1708623115.00733.pdf — Analysis SAP p.4; joi240006supp4_prod_1708623115.00733.pdf — p.5 | D5: retain | E5: statistical_results | F5: primary_done | G5: =IFERROR(IF(LEN(TRIM(CLEAN(SUBSTITUTE(Setup!$B$2,CHAR(160)," "))))=0,"CHECK REVIEWER ID",IF(OR(A5="",COUNTIF($A$2:$A$20,A5)<>1,LEFT(A5,LEN("2024::jama.2024.0572::"))<>"2024::jama.2024.0572::"),"CHECK KEY",IF(OR(AND(NOT(AND(D5="retain",E5="statistical_results")),H5<>"",NOT(EXACT(H5,"not_applicable"))),AND(NOT(AND(D5="retain",E5="statistical_results")),I5<>"",NOT(EXACT(I5,"not_applicable"))),AND(NOT(AND(D5="retain",E5="statistical_results")),J5<>"",NOT(EXACT(J5,"not_applicable"))),AND(NOT(AND(D5="retain",OR(E5="report_internal_inconsistency",E5="plan_material"))),K5<>"",NOT(EXACT(K5,"not_applicable"))),AND(NOT(AND(D5="retain",E5="protocol_report")),L5<>"",NOT(EXACT(L5,"not_applicable")))),"CLEAR INACTIVE VALUES",IF(OR(NOT(OR(EXACT(D5,"retain"),EXACT(D5,"exclude"),EXACT(D5,"discuss"))),NOT(OR(EXACT(E5,"statistical_results"),EXACT(E5,"report_internal_inconsistency"),EXACT(E5,"plan_material"),EXACT(E5,"protocol_report"))),AND(AND(D5="retain",E5="statistical_results"),NOT(OR(EXACT(H5,"confirmed_issue"),EXACT(H5,"probable_issue"),EXACT(H5,"not_issue"),EXACT(H5,"indeterminate")))),AND(AND(D5="retain",E5="statistical_results"),NOT(OR(EXACT(I5,"substantive"),EXACT(I5,"minor_presentation"),EXACT(I5,"indeterminate")))),AND(AND(D5="retain",E5="statistical_results"),J5<>"",NOT(OR(EXACT(J5,"direct"),EXACT(J5,"possible"),EXACT(J5,"unlikely"),EXACT(J5,"unknown")))),AND(AND(D5="retain",OR(E5="report_internal_inconsistency",E5="plan_material")),NOT(OR(EXACT(K5,"substantive_inconsistency"),EXACT(K5,"minor_presentation"),EXACT(K5,"non_inconsistency"),EXACT(K5,"indeterminate")))),AND(AND(D5="retain",E5="protocol_report"),L5<>"",NOT(OR(EXACT(L5,"substantive_difference"),EXACT(L5,"minor_presentation"),EXACT(L5,"version_timing"),EXACT(L5,"non_inconsistency"),EXACT(L5,"indeterminate"))))),"CHECK FIELDS",IF(AND(F5<>"",NOT(OR(EXACT(F5,"no"),EXACT(F5,"primary_done")))),"CHECK COMPLETE",IF(EXACT(F5,"primary_done"),"PRIMARY READY","PRIMARY DRAFT")))))),"CHECK INPUT / KEY") | H5: confirmed_issue | I5: substantive | J5: possible | K5: =IF(AND(OR(D5="retain",D5=""),OR(E5="report_internal_inconsistency",E5="plan_material")),"","not_applicable") | L5: =IF(AND(OR(D5="retain",D5=""),E5="protocol_report"),"","not_applicable") | R5: eFigures 7 and 8 (supp5 p13-14, rendered): ASPECTS 0-2 (n=19) has 0 events in both arms yet prints RR 1.00 (0.37-2.72) for mRS 0-2 and 0-3. With zero events in both arms the modified Poisson RR is not estimable; 0.37-2.72 equals exp(-1) to exp(1), a placeholder. The same figures mark other zero-cell rows '*' (not estimable).
A6: 2024::jama.2024.0572::C005 | B6: Printed null-boundary intervals and significant associations | C6: jama_sarraj_2024_oi_240006_1708623114.96234.pdf — Main p.6 ASPECTS paragraph; jama_sarraj_2024_oi_240006_1708623114.96234.pdf — main p.7 Table2; jama_sarraj_2024_oi_240006_1708623114.96234.pdf — Main p.10 age/time paragraph; jama_sarraj_2024_oi_240006_1708623114.96234.pdf — Main p.4; jama_sarraj_2024_oi_240006_1708623114.96234.pdf — p.1 abstract | D6: exclude | E6: statistical_results | F6: primary_done | G6: =IFERROR(IF(LEN(TRIM(CLEAN(SUBSTITUTE(Setup!$B$2,CHAR(160)," "))))=0,"CHECK REVIEWER ID",IF(OR(A6="",COUNTIF($A$2:$A$20,A6)<>1,LEFT(A6,LEN("2024::jama.2024.0572::"))<>"2024::jama.2024.0572::"),"CHECK KEY",IF(OR(AND(NOT(AND(D6="retain",E6="statistical_results")),H6<>"",NOT(EXACT(H6,"not_applicable"))),AND(NOT(AND(D6="retain",E6="statistical_results")),I6<>"",NOT(EXACT(I6,"not_applicable"))),AND(NOT(AND(D6="retain",E6="statistical_results")),J6<>"",NOT(EXACT(J6,"not_applicable"))),AND(NOT(AND(D6="retain",OR(E6="report_internal_inconsistency",E6="plan_material"))),K6<>"",NOT(EXACT(K6,"not_applicable"))),AND(NOT(AND(D6="retain",E6="protocol_report")),L6<>"",NOT(EXACT(L6,"not_applicable")))),"CLEAR INACTIVE VALUES",IF(OR(NOT(OR(EXACT(D6,"retain"),EXACT(D6,"exclude"),EXACT(D6,"discuss"))),NOT(OR(EXACT(E6,"statistical_results"),EXACT(E6,"report_internal_inconsistency"),EXACT(E6,"plan_material"),EXACT(E6,"protocol_report"))),AND(AND(D6="retain",E6="statistical_results"),NOT(OR(EXACT(H6,"confirmed_issue"),EXACT(H6,"probable_issue"),EXACT(H6,"not_issue"),EXACT(H6,"indeterminate")))),AND(AND(D6="retain",E6="statistical_results"),NOT(OR(EXACT(I6,"substantive"),EXACT(I6,"minor_presentation"),EXACT(I6,"indeterminate")))),AND(AND(D6="retain",E6="statistical_results"),J6<>"",NOT(OR(EXACT(J6,"direct"),EXACT(J6,"possible"),EXACT(J6,"unlikely"),EXACT(J6,"unknown")))),AND(AND(D6="retain",OR(E6="report_internal_inconsistency",E6="plan_material")),NOT(OR(EXACT(K6,"substantive_inconsistency"),EXACT(K6,"minor_presentation"),EXACT(K6,"non_inconsistency"),EXACT(K6,"indeterminate")))),AND(AND(D6="retain",E6="protocol_report"),L6<>"",NOT(OR(EXACT(L6,"substantive_difference"),EXACT(L6,"minor_presentation"),EXACT(L6,"version_timing"),EXACT(L6,"non_inconsistency"),EXACT(L6,"indeterminate"))))),"CHECK FIELDS",IF(AND(F6<>"",NOT(OR(EXACT(F6,"no"),EXACT(F6,"primary_done")))),"CHECK COMPLETE",IF(EXACT(F6,"primary_done"),"PRIMARY READY","PRIMARY DRAFT")))))),"CHECK INPUT / KEY") | H6: =IF(AND(OR(D6="retain",D6=""),E6="statistical_results"),"","not_applicable") | I6: =IF(AND(OR(D6="retain",D6=""),E6="statistical_results"),"","not_applicable") | J6: =IF(AND(OR(D6="retain",D6=""),E6="statistical_results"),"","not_applicable") | K6: =IF(AND(OR(D6="retain",D6=""),OR(E6="report_internal_inconsistency",E6="plan_material")),"","not_applicable") | L6: =IF(AND(OR(D6="retain",D6=""),E6="protocol_report"),"","not_applicable") | R6: Main p6 (ASPECTS aGenOR 0.91, 0.82-1.00) and p10 (aRR 0.97, 0.93-1.00 per 10 min) call associations significant with upper limits printed as 1.00. Unrounded upper limits in [0.995, 1.0) are compatible with P < .05; log-symmetric reconstruction gives implied upper limits range 0.993-1.027 and 0.996-1.028 within rounding (central 1.010 and 1.012). Not demonstrable beyond rounding.
A7: 2024::jama.2024.0572::C006 | B7: Large-core primary mRS distribution and functional thresholds | C7: jama_sarraj_2024_oi_240006_1708623114.96234.pdf — main p.7 Figure2B; joi240006supp5_prod_1708623115.01733.pdf — results p.13 eFigure7 ≥100mL; joi240006supp5_prod_1708623115.01733.pdf — p.14 eFigure8 ≥100mL; jama_sarraj_2024_oi_240006_1708623114.96234.pdf — Main p.3 outcomes; jama_sarraj_2024_oi_240006_1708623114.96234.pdf — Main p.10 discussion | D7: retain | E7: statistical_results | F7: primary_done | G7: =IFERROR(IF(LEN(TRIM(CLEAN(SUBSTITUTE(Setup!$B$2,CHAR(160)," "))))=0,"CHECK REVIEWER ID",IF(OR(A7="",COUNTIF($A$2:$A$20,A7)<>1,LEFT(A7,LEN("2024::jama.2024.0572::"))<>"2024::jama.2024.0572::"),"CHECK KEY",IF(OR(AND(NOT(AND(D7="retain",E7="statistical_results")),H7<>"",NOT(EXACT(H7,"not_applicable"))),AND(NOT(AND(D7="retain",E7="statistical_results")),I7<>"",NOT(EXACT(I7,"not_applicable"))),AND(NOT(AND(D7="retain",E7="statistical_results")),J7<>"",NOT(EXACT(J7,"not_applicable"))),AND(NOT(AND(D7="retain",OR(E7="report_internal_inconsistency",E7="plan_material"))),K7<>"",NOT(EXACT(K7,"not_applicable"))),AND(NOT(AND(D7="retain",E7="protocol_report")),L7<>"",NOT(EXACT(L7,"not_applicable")))),"CLEAR INACTIVE VALUES",IF(OR(NOT(OR(EXACT(D7,"retain"),EXACT(D7,"exclude"),EXACT(D7,"discuss"))),NOT(OR(EXACT(E7,"statistical_results"),EXACT(E7,"report_internal_inconsistency"),EXACT(E7,"plan_material"),EXACT(E7,"protocol_report"))),AND(AND(D7="retain",E7="statistical_results"),NOT(OR(EXACT(H7,"confirmed_issue"),EXACT(H7,"probable_issue"),EXACT(H7,"not_issue"),EXACT(H7,"indeterminate")))),AND(AND(D7="retain",E7="statistical_results"),NOT(OR(EXACT(I7,"substantive"),EXACT(I7,"minor_presentation"),EXACT(I7,"indeterminate")))),AND(AND(D7="retain",E7="statistical_results"),J7<>"",NOT(OR(EXACT(J7,"direct"),EXACT(J7,"possible"),EXACT(J7,"unlikely"),EXACT(J7,"unknown")))),AND(AND(D7="retain",OR(E7="report_internal_inconsistency",E7="plan_material")),NOT(OR(EXACT(K7,"substantive_inconsistency"),EXACT(K7,"minor_presentation"),EXACT(K7,"non_inconsistency"),EXACT(K7,"indeterminate")))),AND(AND(D7="retain",E7="protocol_report"),L7<>"",NOT(OR(EXACT(L7,"substantive_difference"),EXACT(L7,"minor_presentation"),EXACT(L7,"version_timing"),EXACT(L7,"non_inconsistency"),EXACT(L7,"indeterminate"))))),"CHECK FIELDS",IF(AND(F7<>"",NOT(OR(EXACT(F7,"no"),EXACT(F7,"primary_done")))),"CHECK COMPLETE",IF(EXACT(F7,"primary_done"),"PRIMARY READY","PRIMARY DRAFT")))))),"CHECK INPUT / KEY") | H7: confirmed_issue | I7: substantive | J7: direct | K7: =IF(AND(OR(D7="retain",D7=""),OR(E7="report_internal_inconsistency",E7="plan_material")),"","not_applicable") | L7: =IF(AND(OR(D7="retain",D7=""),E7="protocol_report"),"","not_applicable") | R7: Figure 2B (main p7, rendered): CTP/MRI core >=100 mL, EVT segments 2/6/10/20/10/53% and MM 2/4/16/16/61% show no mRS 4 segment, and mRS 0-2 sums (18%, 6%) contradict eFig 7 (4/51 = 7.8%, 1/49 = 2.0%) and eFig 8 mRS 0-3 (9/51 = 17.6%, 3/49 = 6.1%). Shifting the colors one category reconciles all values and the discussion (~20% ambulation, ~80% mRS >=4). Category labels in panel B are misassigned.
A8: 2024::jama.2024.0572::C007 | B8: EVT continuous mismatch prediction direction | C8: jama_sarraj_2024_oi_240006_1708623114.96234.pdf — Main p.8 final mismatch paragraph; jama_sarraj_2024_oi_240006_1708623114.96234.pdf — p.9; joi240006supp5_prod_1708623115.01733.pdf — results p.23 eFigure17A/B | D8: retain | E8: statistical_results | F8: primary_done | G8: =IFERROR(IF(LEN(TRIM(CLEAN(SUBSTITUTE(Setup!$B$2,CHAR(160)," "))))=0,"CHECK REVIEWER ID",IF(OR(A8="",COUNTIF($A$2:$A$20,A8)<>1,LEFT(A8,LEN("2024::jama.2024.0572::"))<>"2024::jama.2024.0572::"),"CHECK KEY",IF(OR(AND(NOT(AND(D8="retain",E8="statistical_results")),H8<>"",NOT(EXACT(H8,"not_applicable"))),AND(NOT(AND(D8="retain",E8="statistical_results")),I8<>"",NOT(EXACT(I8,"not_applicable"))),AND(NOT(AND(D8="retain",E8="statistical_results")),J8<>"",NOT(EXACT(J8,"not_applicable"))),AND(NOT(AND(D8="retain",OR(E8="report_internal_inconsistency",E8="plan_material"))),K8<>"",NOT(EXACT(K8,"not_applicable"))),AND(NOT(AND(D8="retain",E8="protocol_report")),L8<>"",NOT(EXACT(L8,"not_applicable")))),"CLEAR INACTIVE VALUES",IF(OR(NOT(OR(EXACT(D8,"retain"),EXACT(D8,"exclude"),EXACT(D8,"discuss"))),NOT(OR(EXACT(E8,"statistical_results"),EXACT(E8,"report_internal_inconsistency"),EXACT(E8,"plan_material"),EXACT(E8,"protocol_report"))),AND(AND(D8="retain",E8="statistical_results"),NOT(OR(EXACT(H8,"confirmed_issue"),EXACT(H8,"probable_issue"),EXACT(H8,"not_issue"),EXACT(H8,"indeterminate")))),AND(AND(D8="retain",E8="statistical_results"),NOT(OR(EXACT(I8,"substantive"),EXACT(I8,"minor_presentation"),EXACT(I8,"indeterminate")))),AND(AND(D8="retain",E8="statistical_results"),J8<>"",NOT(OR(EXACT(J8,"direct"),EXACT(J8,"possible"),EXACT(J8,"unlikely"),EXACT(J8,"unknown")))),AND(AND(D8="retain",OR(E8="report_internal_inconsistency",E8="plan_material")),NOT(OR(EXACT(K8,"substantive_inconsistency"),EXACT(K8,"minor_presentation"),EXACT(K8,"non_inconsistency"),EXACT(K8,"indeterminate")))),AND(AND(D8="retain",E8="protocol_report"),L8<>"",NOT(OR(EXACT(L8,"substantive_difference"),EXACT(L8,"minor_presentation"),EXACT(L8,"version_timing"),EXACT(L8,"non_inconsistency"),EXACT(L8,"indeterminate"))))),"CHECK FIELDS",IF(AND(F8<>"",NOT(OR(EXACT(F8,"no"),EXACT(F8,"primary_done")))),"CHECK COMPLETE",IF(EXACT(F8,"primary_done"),"PRIMARY READY","PRIMARY DRAFT")))))),"CHECK INPUT / KEY") | H8: confirmed_issue | I8: substantive | J8: possible | K8: =IF(AND(OR(D8="retain",D8=""),OR(E8="report_internal_inconsistency",E8="plan_material")),"","not_applicable") | L8: =IF(AND(OR(D8="retain",D8=""),E8="protocol_report"),"","not_applicable") | R8: Main p8 says that as mismatch volume increased the marginal probability of mRS 0-2 and 0-3 increased with EVT but decreased with MM (eFigure 17). eFigure 17A-B (supp5 p23, rendered): both EVT (cyan) and MM (red) curves decline with increasing mismatch volume; panel C (mRS 5-6) rises in both arms. The narrative contradicts its cited figure.
A9: 2024::jama.2024.0572::C008 | B9: Core covariate identity in age/time surfaces | C9: jama_sarraj_2024_oi_240006_1708623114.96234.pdf — main p.10; jama_sarraj_2024_oi_240006_1708623114.96234.pdf — Main p.3 imaging definitions; joi240006supp5_prod_1708623115.01733.pdf — Results p.24 eFigure18 title; joi240006supp5_prod_1708623115.01733.pdf — Results p.25 eFigure19 title and explanation | D9: retain | E9: report_internal_inconsistency | F9: primary_done | G9: =IFERROR(IF(LEN(TRIM(CLEAN(SUBSTITUTE(Setup!$B$2,CHAR(160)," "))))=0,"CHECK REVIEWER ID",IF(OR(A9="",COUNTIF($A$2:$A$20,A9)<>1,LEFT(A9,LEN("2024::jama.2024.0572::"))<>"2024::jama.2024.0572::"),"CHECK KEY",IF(OR(AND(NOT(AND(D9="retain",E9="statistical_results")),H9<>"",NOT(EXACT(H9,"not_applicable"))),AND(NOT(AND(D9="retain",E9="statistical_results")),I9<>"",NOT(EXACT(I9,"not_applicable"))),AND(NOT(AND(D9="retain",E9="statistical_results")),J9<>"",NOT(EXACT(J9,"not_applicable"))),AND(NOT(AND(D9="retain",OR(E9="report_internal_inconsistency",E9="plan_material"))),K9<>"",NOT(EXACT(K9,"not_applicable"))),AND(NOT(AND(D9="retain",E9="protocol_report")),L9<>"",NOT(EXACT(L9,"not_applicable")))),"CLEAR INACTIVE VALUES",IF(OR(NOT(OR(EXACT(D9,"retain"),EXACT(D9,"exclude"),EXACT(D9,"discuss"))),NOT(OR(EXACT(E9,"statistical_results"),EXACT(E9,"report_internal_inconsistency"),EXACT(E9,"plan_material"),EXACT(E9,"protocol_report"))),AND(AND(D9="retain",E9="statistical_results"),NOT(OR(EXACT(H9,"confirmed_issue"),EXACT(H9,"probable_issue"),EXACT(H9,"not_issue"),EXACT(H9,"indeterminate")))),AND(AND(D9="retain",E9="statistical_results"),NOT(OR(EXACT(I9,"substantive"),EXACT(I9,"minor_presentation"),EXACT(I9,"indeterminate")))),AND(AND(D9="retain",E9="statistical_results"),J9<>"",NOT(OR(EXACT(J9,"direct"),EXACT(J9,"possible"),EXACT(J9,"unlikely"),EXACT(J9,"unknown")))),AND(AND(D9="retain",OR(E9="report_internal_inconsistency",E9="plan_material")),NOT(OR(EXACT(K9,"substantive_inconsistency"),EXACT(K9,"minor_presentation"),EXACT(K9,"non_inconsistency"),EXACT(K9,"indeterminate")))),AND(AND(D9="retain",E9="protocol_report"),L9<>"",NOT(OR(EXACT(L9,"substantive_difference"),EXACT(L9,"minor_presentation"),EXACT(L9,"version_timing"),EXACT(L9,"non_inconsistency"),EXACT(L9,"indeterminate"))))),"CHECK FIELDS",IF(AND(F9<>"",NOT(OR(EXACT(F9,"no"),EXACT(F9,"primary_done")))),"CHECK COMPLETE",IF(EXACT(F9,"primary_done"),"PRIMARY READY","PRIMARY DRAFT")))))),"CHECK INPUT / KEY") | H9: =IF(AND(OR(D9="retain",D9=""),E9="statistical_results"),"","not_applicable") | I9: =IF(AND(OR(D9="retain",D9=""),E9="statistical_results"),"","not_applicable") | J9: =IF(AND(OR(D9="retain",D9=""),E9="statistical_results"),"","not_applicable") | K9: substantive_inconsistency | L9: =IF(AND(OR(D9="retain",D9=""),E9="protocol_report"),"","not_applicable") | R9: E changed from statistical_results: this is a conflict over which core-volume variable the age/time prediction surfaces use, not a numerical error. Main p10 and eFigure 18 title (supp5 p24, rendered) say CTP/MRI core set at 70/100/150 mL; eFigure 18 explanation and eFigure 19 (p25) title say composite core. The two measures differ substantially (medians 73 vs 101 mL), so the 150-mL prognostic statement cannot be applied without knowing which.
A10: 2024::jama.2024.0572::C009 | B10: Planned versus reported prognostic time predictor | C10: joi240006supp4_prod_1708623115.00733.pdf — Analysis SAP p.5 §5.2.3; jama_sarraj_2024_oi_240006_1708623114.96234.pdf — Main p.10 age/time results; joi240006supp5_prod_1708623115.01733.pdf — results p.24 eFigure18; joi240006supp5_prod_1708623115.01733.pdf — Results p.25 eFigure19 | D10: retain | E10: protocol_report | F10: primary_done | G10: =IFERROR(IF(LEN(TRIM(CLEAN(SUBSTITUTE(Setup!$B$2,CHAR(160)," "))))=0,"CHECK REVIEWER ID",IF(OR(A10="",COUNTIF($A$2:$A$20,A10)<>1,LEFT(A10,LEN("2024::jama.2024.0572::"))<>"2024::jama.2024.0572::"),"CHECK KEY",IF(OR(AND(NOT(AND(D10="retain",E10="statistical_results")),H10<>"",NOT(EXACT(H10,"not_applicable"))),AND(NOT(AND(D10="retain",E10="statistical_results")),I10<>"",NOT(EXACT(I10,"not_applicable"))),AND(NOT(AND(D10="retain",E10="statistical_results")),J10<>"",NOT(EXACT(J10,"not_applicable"))),AND(NOT(AND(D10="retain",OR(E10="report_internal_inconsistency",E10="plan_material"))),K10<>"",NOT(EXACT(K10,"not_applicable"))),AND(NOT(AND(D10="retain",E10="protocol_report")),L10<>"",NOT(EXACT(L10,"not_applicable")))),"CLEAR INACTIVE VALUES",IF(OR(NOT(OR(EXACT(D10,"retain"),EXACT(D10,"exclude"),EXACT(D10,"discuss"))),NOT(OR(EXACT(E10,"statistical_results"),EXACT(E10,"report_internal_inconsistency"),EXACT(E10,"plan_material"),EXACT(E10,"protocol_report"))),AND(AND(D10="retain",E10="statistical_results"),NOT(OR(EXACT(H10,"confirmed_issue"),EXACT(H10,"probable_issue"),EXACT(H10,"not_issue"),EXACT(H10,"indeterminate")))),AND(AND(D10="retain",E10="statistical_results"),NOT(OR(EXACT(I10,"substantive"),EXACT(I10,"minor_presentation"),EXACT(I10,"indeterminate")))),AND(AND(D10="retain",E10="statistical_results"),J10<>"",NOT(OR(EXACT(J10,"direct"),EXACT(J10,"possible"),EXACT(J10,"unlikely"),EXACT(J10,"unknown")))),AND(AND(D10="retain",OR(E10="report_internal_inconsistency",E10="plan_material")),NOT(OR(EXACT(K10,"substantive_inconsistency"),EXACT(K10,"minor_presentation"),EXACT(K10,"non_inconsistency"),EXACT(K10,"indeterminate")))),AND(AND(D10="retain",E10="protocol_report"),L10<>"",NOT(OR(EXACT(L10,"substantive_difference"),EXACT(L10,"minor_presentation"),EXACT(L10,"version_timing"),EXACT(L10,"non_inconsistency"),EXACT(L10,"indeterminate"))))),"CHECK FIELDS",IF(AND(F10<>"",NOT(OR(EXACT(F10,"no"),EXACT(F10,"primary_done")))),"CHECK COMPLETE",IF(EXACT(F10,"primary_done"),"PRIMARY READY","PRIMARY DRAFT")))))),"CHECK INPUT / KEY") | H10: =IF(AND(OR(D10="retain",D10=""),E10="statistical_results"),"","not_applicable") | I10: =IF(AND(OR(D10="retain",D10=""),E10="statistical_results"),"","not_applicable") | J10: =IF(AND(OR(D10="retain",D10=""),E10="statistical_results"),"","not_applicable") | K10: =IF(AND(OR(D10="retain",D10=""),OR(E10="report_internal_inconsistency",E10="plan_material")),"","not_applicable") | L10: substantive_difference | R10: Analysis SAP 5.2(3) (supp4 p5) plans predicted probabilities of independent ambulation by age and time from last known well to randomization in EVT patients. Report (main p10; eFig 18-19) uses time from CT perfusion acquisition to reperfusion/end of procedure and LKW to reperfusion/end of procedure. The planned surface is not reported; the time predictor differs.
A11: 2024::jama.2024.0572::C010 | B11: Planned outcome hierarchy | C11: joi240006supp2_prod_1708623114.99233.pdf — Protocol p.8 synopsis; joi240006supp2_prod_1708623114.99233.pdf — p.37 primary-outcome section; joi240006supp2_prod_1708623114.99233.pdf — Protocol p.50 secondary analysis; joi240006supp3_prod_1708623114.99733.pdf — trial SAP p.13; joi240006supp3_prod_1708623114.99733.pdf — SAP p.14; joi240006supp3_prod_1708623114.99733.pdf — SAP p.17 | D11: retain | E11: plan_material | F11: primary_done | G11: =IFERROR(IF(LEN(TRIM(CLEAN(SUBSTITUTE(Setup!$B$2,CHAR(160)," "))))=0,"CHECK REVIEWER ID",IF(OR(A11="",COUNTIF($A$2:$A$20,A11)<>1,LEFT(A11,LEN("2024::jama.2024.0572::"))<>"2024::jama.2024.0572::"),"CHECK KEY",IF(OR(AND(NOT(AND(D11="retain",E11="statistical_results")),H11<>"",NOT(EXACT(H11,"not_applicable"))),AND(NOT(AND(D11="retain",E11="statistical_results")),I11<>"",NOT(EXACT(I11,"not_applicable"))),AND(NOT(AND(D11="retain",E11="statistical_results")),J11<>"",NOT(EXACT(J11,"not_applicable"))),AND(NOT(AND(D11="retain",OR(E11="report_internal_inconsistency",E11="plan_material"))),K11<>"",NOT(EXACT(K11,"not_applicable"))),AND(NOT(AND(D11="retain",E11="protocol_report")),L11<>"",NOT(EXACT(L11,"not_applicable")))),"CLEAR INACTIVE VALUES",IF(OR(NOT(OR(EXACT(D11,"retain"),EXACT(D11,"exclude"),EXACT(D11,"discuss"))),NOT(OR(EXACT(E11,"statistical_results"),EXACT(E11,"report_internal_inconsistency"),EXACT(E11,"plan_material"),EXACT(E11,"protocol_report"))),AND(AND(D11="retain",E11="statistical_results"),NOT(OR(EXACT(H11,"confirmed_issue"),EXACT(H11,"probable_issue"),EXACT(H11,"not_issue"),EXACT(H11,"indeterminate")))),AND(AND(D11="retain",E11="statistical_results"),NOT(OR(EXACT(I11,"substantive"),EXACT(I11,"minor_presentation"),EXACT(I11,"indeterminate")))),AND(AND(D11="retain",E11="statistical_results"),J11<>"",NOT(OR(EXACT(J11,"direct"),EXACT(J11,"possible"),EXACT(J11,"unlikely"),EXACT(J11,"unknown")))),AND(AND(D11="retain",OR(E11="report_internal_inconsistency",E11="plan_material")),NOT(OR(EXACT(K11,"substantive_inconsistency"),EXACT(K11,"minor_presentation"),EXACT(K11,"non_inconsistency"),EXACT(K11,"indeterminate")))),AND(AND(D11="retain",E11="protocol_report"),L11<>"",NOT(OR(EXACT(L11,"substantive_difference"),EXACT(L11,"minor_presentation"),EXACT(L11,"version_timing"),EXACT(L11,"non_inconsistency"),EXACT(L11,"indeterminate"))))),"CHECK FIELDS",IF(AND(F11<>"",NOT(OR(EXACT(F11,"no"),EXACT(F11,"primary_done")))),"CHECK COMPLETE",IF(EXACT(F11,"primary_done"),"PRIMARY READY","PRIMARY DRAFT")))))),"CHECK INPUT / KEY") | H11: =IF(AND(OR(D11="retain",D11=""),E11="statistical_results"),"","not_applicable") | I11: =IF(AND(OR(D11="retain",D11=""),E11="statistical_results"),"","not_applicable") | J11: =IF(AND(OR(D11="retain",D11=""),E11="statistical_results"),"","not_applicable") | K11: substantive_inconsistency | L11: =IF(AND(OR(D11="retain",D11=""),E11="protocol_report"),"","not_applicable") | R11: Protocol (supp2, 4 Aug 2021) p8 and p37 call 90-day mRS 0-2 the second primary outcome; p50 calls it the secondary endpoint and lists infarct volume, lesion growth and hospital stay as secondary. Trial SAP (supp3, 20 Nov 2022; OCR p13-14) makes mRS 0-2 secondary and infarct volume, growth and length of stay tertiary. Within-protocol conflict on primary vs secondary status, plus a protocol-SAP change.
A12: 2024::jama.2024.0572::C011 | B12: Historical SELECT intervals at the null and significant P values | C12: PLAN joi240006supp2_prod_1708623114.99233.pdf — protocol — PDF p.13, historical SELECT functional-independence and ordinal-shift results. | D12: exclude | E12: plan_material | F12: primary_done | G12: =IFERROR(IF(LEN(TRIM(CLEAN(SUBSTITUTE(Setup!$B$2,CHAR(160)," "))))=0,"CHECK REVIEWER ID",IF(OR(A12="",COUNTIF($A$2:$A$20,A12)<>1,LEFT(A12,LEN("2024::jama.2024.0572::"))<>"2024::jama.2024.0572::"),"CHECK KEY",IF(OR(AND(NOT(AND(D12="retain",E12="statistical_results")),H12<>"",NOT(EXACT(H12,"not_applicable"))),AND(NOT(AND(D12="retain",E12="statistical_results")),I12<>"",NOT(EXACT(I12,"not_applicable"))),AND(NOT(AND(D12="retain",E12="statistical_results")),J12<>"",NOT(EXACT(J12,"not_applicable"))),AND(NOT(AND(D12="retain",OR(E12="report_internal_inconsistency",E12="plan_material"))),K12<>"",NOT(EXACT(K12,"not_applicable"))),AND(NOT(AND(D12="retain",E12="protocol_report")),L12<>"",NOT(EXACT(L12,"not_applicable")))),"CLEAR INACTIVE VALUES",IF(OR(NOT(OR(EXACT(D12,"retain"),EXACT(D12,"exclude"),EXACT(D12,"discuss"))),NOT(OR(EXACT(E12,"statistical_results"),EXACT(E12,"report_internal_inconsistency"),EXACT(E12,"plan_material"),EXACT(E12,"protocol_report"))),AND(AND(D12="retain",E12="statistical_results"),NOT(OR(EXACT(H12,"confirmed_issue"),EXACT(H12,"probable_issue"),EXACT(H12,"not_issue"),EXACT(H12,"indeterminate")))),AND(AND(D12="retain",E12="statistical_results"),NOT(OR(EXACT(I12,"substantive"),EXACT(I12,"minor_presentation"),EXACT(I12,"indeterminate")))),AND(AND(D12="retain",E12="statistical_results"),J12<>"",NOT(OR(EXACT(J12,"direct"),EXACT(J12,"possible"),EXACT(J12,"unlikely"),EXACT(J12,"unknown")))),AND(AND(D12="retain",OR(E12="report_internal_inconsistency",E12="plan_material")),NOT(OR(EXACT(K12,"substantive_inconsistency"),EXACT(K12,"minor_presentation"),EXACT(K12,"non_inconsistency"),EXACT(K12,"indeterminate")))),AND(AND(D12="retain",E12="protocol_report"),L12<>"",NOT(OR(EXACT(L12,"substantive_difference"),EXACT(L12,"minor_presentation"),EXACT(L12,"version_timing"),EXACT(L12,"non_inconsistency"),EXACT(L12,"indeterminate"))))),"CHECK FIELDS",IF(AND(F12<>"",NOT(OR(EXACT(F12,"no"),EXACT(F12,"primary_done")))),"CHECK COMPLETE",IF(EXACT(F12,"primary_done"),"PRIMARY READY","PRIMARY DRAFT")))))),"CHECK INPUT / KEY") | H12: =IF(AND(OR(D12="retain",D12=""),E12="statistical_results"),"","not_applicable") | I12: =IF(AND(OR(D12="retain",D12=""),E12="statistical_results"),"","not_applicable") | J12: =IF(AND(OR(D12="retain",D12=""),E12="statistical_results"),"","not_applicable") | K12: =IF(AND(OR(D12="retain",D12=""),OR(E12="report_internal_inconsistency",E12="plan_material")),"","not_applicable") | L12: =IF(AND(OR(D12="retain",D12=""),E12="protocol_report"),"","not_applicable") | R12: Protocol p13 background quotes earlier SELECT cohort results (aOR 2.92, 95% CI 1.00-7.91, P=.041; aOR 2.01, 1.00-4.03, P=.049). These are historical results in the protocol's background, not a design element of this trial or this analysis; lower limits of 1.00 are also compatible with P<.05 after rounding.
A13: 2024::jama.2024.0572::C012 | B13: Historical safety significance statement includes P = .072 | C13: PLAN joi240006supp2_prod_1708623114.99233.pdf — protocol — PDF p.16, historical safety paragraph. | D13: exclude | E13: plan_material | F13: primary_done | G13: =IFERROR(IF(LEN(TRIM(CLEAN(SUBSTITUTE(Setup!$B$2,CHAR(160)," "))))=0,"CHECK REVIEWER ID",IF(OR(A13="",COUNTIF($A$2:$A$20,A13)<>1,LEFT(A13,LEN("2024::jama.2024.0572::"))<>"2024::jama.2024.0572::"),"CHECK KEY",IF(OR(AND(NOT(AND(D13="retain",E13="statistical_results")),H13<>"",NOT(EXACT(H13,"not_applicable"))),AND(NOT(AND(D13="retain",E13="statistical_results")),I13<>"",NOT(EXACT(I13,"not_applicable"))),AND(NOT(AND(D13="retain",E13="statistical_results")),J13<>"",NOT(EXACT(J13,"not_applicable"))),AND(NOT(AND(D13="retain",OR(E13="report_internal_inconsistency",E13="plan_material"))),K13<>"",NOT(EXACT(K13,"not_applicable"))),AND(NOT(AND(D13="retain",E13="protocol_report")),L13<>"",NOT(EXACT(L13,"not_applicable")))),"CLEAR INACTIVE VALUES",IF(OR(NOT(OR(EXACT(D13,"retain"),EXACT(D13,"exclude"),EXACT(D13,"discuss"))),NOT(OR(EXACT(E13,"statistical_results"),EXACT(E13,"report_internal_inconsistency"),EXACT(E13,"plan_material"),EXACT(E13,"protocol_report"))),AND(AND(D13="retain",E13="statistical_results"),NOT(OR(EXACT(H13,"confirmed_issue"),EXACT(H13,"probable_issue"),EXACT(H13,"not_issue"),EXACT(H13,"indeterminate")))),AND(AND(D13="retain",E13="statistical_results"),NOT(OR(EXACT(I13,"substantive"),EXACT(I13,"minor_presentation"),EXACT(I13,"indeterminate")))),AND(AND(D13="retain",E13="statistical_results"),J13<>"",NOT(OR(EXACT(J13,"direct"),EXACT(J13,"possible"),EXACT(J13,"unlikely"),EXACT(J13,"unknown")))),AND(AND(D13="retain",OR(E13="report_internal_inconsistency",E13="plan_material")),NOT(OR(EXACT(K13,"substantive_inconsistency"),EXACT(K13,"minor_presentation"),EXACT(K13,"non_inconsistency"),EXACT(K13,"indeterminate")))),AND(AND(D13="retain",E13="protocol_report"),L13<>"",NOT(OR(EXACT(L13,"substantive_difference"),EXACT(L13,"minor_presentation"),EXACT(L13,"version_timing"),EXACT(L13,"non_inconsistency"),EXACT(L13,"indeterminate"))))),"CHECK FIELDS",IF(AND(F13<>"",NOT(OR(EXACT(F13,"no"),EXACT(F13,"primary_done")))),"CHECK COMPLETE",IF(EXACT(F13,"primary_done"),"PRIMARY READY","PRIMARY DRAFT")))))),"CHECK INPUT / KEY") | H13: =IF(AND(OR(D13="retain",D13=""),E13="statistical_results"),"","not_applicable") | I13: =IF(AND(OR(D13="retain",D13=""),E13="statistical_results"),"","not_applicable") | J13: =IF(AND(OR(D13="retain",D13=""),E13="statistical_results"),"","not_applicable") | K13: =IF(AND(OR(D13="retain",D13=""),OR(E13="report_internal_inconsistency",E13="plan_material")),"","not_applicable") | L13: =IF(AND(OR(D13="retain",D13=""),E13="protocol_report"),"","not_applicable") | R13: Protocol p16 background summarizes earlier SELECT safety results and says sICH (8/173 vs 3/18, P=.072), neurological worsening and mortality 'significantly increased'. Wording imprecision in a background summary of a prior study; not a design element of this trial or analysis.
A14: 2024::jama.2024.0572::C013 | B14: Planned efficacy probability has the opposite treatment-score orientation | C14: PLAN joi240006supp2_prod_1708623114.99233.pdf — protocol — PDF p.37, lower-score benefit, joi240006supp2_prod_1708623114.99233.pdf — p.80, statistic and efficacy rule, joi240006supp2_prod_1708623114.99233.pdf — p.81, alternative and variable labels; PLAN joi240006supp3_prod_1708623114.99733.pdf — trial SAP — PDF p.39, repeated statistic, joi240006supp3_prod_1708623114.99733.pdf — p.40, alternative and bounds. REPORT jama_sarraj_2024_oi_240006_1708623114.96234.pdf — main article — PDF p.3, mRS direction corroborates only. | D14: exclude | E14: plan_material | F14: primary_done | G14: =IFERROR(IF(LEN(TRIM(CLEAN(SUBSTITUTE(Setup!$B$2,CHAR(160)," "))))=0,"CHECK REVIEWER ID",IF(OR(A14="",COUNTIF($A$2:$A$20,A14)<>1,LEFT(A14,LEN("2024::jama.2024.0572::"))<>"2024::jama.2024.0572::"),"CHECK KEY",IF(OR(AND(NOT(AND(D14="retain",E14="statistical_results")),H14<>"",NOT(EXACT(H14,"not_applicable"))),AND(NOT(AND(D14="retain",E14="statistical_results")),I14<>"",NOT(EXACT(I14,"not_applicable"))),AND(NOT(AND(D14="retain",E14="statistical_results")),J14<>"",NOT(EXACT(J14,"not_applicable"))),AND(NOT(AND(D14="retain",OR(E14="report_internal_inconsistency",E14="plan_material"))),K14<>"",NOT(EXACT(K14,"not_applicable"))),AND(NOT(AND(D14="retain",E14="protocol_report")),L14<>"",NOT(EXACT(L14,"not_applicable")))),"CLEAR INACTIVE VALUES",IF(OR(NOT(OR(EXACT(D14,"retain"),EXACT(D14,"exclude"),EXACT(D14,"discuss"))),NOT(OR(EXACT(E14,"statistical_results"),EXACT(E14,"report_internal_inconsistency"),EXACT(E14,"plan_material"),EXACT(E14,"protocol_report"))),AND(AND(D14="retain",E14="statistical_results"),NOT(OR(EXACT(H14,"confirmed_issue"),EXACT(H14,"probable_issue"),EXACT(H14,"not_issue"),EXACT(H14,"indeterminate")))),AND(AND(D14="retain",E14="statistical_results"),NOT(OR(EXACT(I14,"substantive"),EXACT(I14,"minor_presentation"),EXACT(I14,"indeterminate")))),AND(AND(D14="retain",E14="statistical_results"),J14<>"",NOT(OR(EXACT(J14,"direct"),EXACT(J14,"possible"),EXACT(J14,"unlikely"),EXACT(J14,"unknown")))),AND(AND(D14="retain",OR(E14="report_internal_inconsistency",E14="plan_material")),NOT(OR(EXACT(K14,"substantive_inconsistency"),EXACT(K14,"minor_presentation"),EXACT(K14,"non_inconsistency"),EXACT(K14,"indeterminate")))),AND(AND(D14="retain",E14="protocol_report"),L14<>"",NOT(OR(EXACT(L14,"substantive_difference"),EXACT(L14,"minor_presentation"),EXACT(L14,"version_timing"),EXACT(L14,"non_inconsistency"),EXACT(L14,"indeterminate"))))),"CHECK FIELDS",IF(AND(F14<>"",NOT(OR(EXACT(F14,"no"),EXACT(F14,"primary_done")))),"CHECK COMPLETE",IF(EXACT(F14,"primary_done"),"PRIMARY READY","PRIMARY DRAFT")))))),"CHECK INPUT / KEY") | H14: =IF(AND(OR(D14="retain",D14=""),E14="statistical_results"),"","not_applicable") | I14: =IF(AND(OR(D14="retain",D14=""),E14="statistical_results"),"","not_applicable") | J14: =IF(AND(OR(D14="retain",D14=""),E14="statistical_results"),"","not_applicable") | K14: =IF(AND(OR(D14="retain",D14=""),OR(E14="report_internal_inconsistency",E14="plan_material")),"","not_applicable") | L14: =IF(AND(OR(D14="retain",D14=""),E14="protocol_report"),"","not_applicable") | R14: Protocol p80-81 and trial SAP p39-40 (OCR) state H_A: P(Y<=X) = 1/2 + theta with Y = MM and X = EVT Rankin score, theta = 0.0791, while lower mRS is better; the orientation appears borrowed from Lai et al. (higher score better). Real notational orientation slip, but it concerns the parent trial's adaptive efficacy test, which this exploratory analysis does not use.
A15: 2024::jama.2024.0572::C014 | B15: Retained interim schedule does not identify the 300-outcome rejection rule | C15: PLAN joi240006supp3_prod_1708623114.99733.pdf — trial SAP — PDF p.9, §7.2 planned looks, joi240006supp3_prod_1708623114.99733.pdf — p.11, planned sample counts, joi240006supp3_prod_1708623114.99733.pdf — p.12, §7.5 300-outcome review and unchanged-design statements, joi240006supp3_prod_1708623114.99733.pdf — p.40, calibrated settings. | D15: retain | E15: plan_material | F15: primary_done | G15: =IFERROR(IF(LEN(TRIM(CLEAN(SUBSTITUTE(Setup!$B$2,CHAR(160)," "))))=0,"CHECK REVIEWER ID",IF(OR(A15="",COUNTIF($A$2:$A$20,A15)<>1,LEFT(A15,LEN("2024::jama.2024.0572::"))<>"2024::jama.2024.0572::"),"CHECK KEY",IF(OR(AND(NOT(AND(D15="retain",E15="statistical_results")),H15<>"",NOT(EXACT(H15,"not_applicable"))),AND(NOT(AND(D15="retain",E15="statistical_results")),I15<>"",NOT(EXACT(I15,"not_applicable"))),AND(NOT(AND(D15="retain",E15="statistical_results")),J15<>"",NOT(EXACT(J15,"not_applicable"))),AND(NOT(AND(D15="retain",OR(E15="report_internal_inconsistency",E15="plan_material"))),K15<>"",NOT(EXACT(K15,"not_applicable"))),AND(NOT(AND(D15="retain",E15="protocol_report")),L15<>"",NOT(EXACT(L15,"not_applicable")))),"CLEAR INACTIVE VALUES",IF(OR(NOT(OR(EXACT(D15,"retain"),EXACT(D15,"exclude"),EXACT(D15,"discuss"))),NOT(OR(EXACT(E15,"statistical_results"),EXACT(E15,"report_internal_inconsistency"),EXACT(E15,"plan_material"),EXACT(E15,"protocol_report"))),AND(AND(D15="retain",E15="statistical_results"),NOT(OR(EXACT(H15,"confirmed_issue"),EXACT(H15,"probable_issue"),EXACT(H15,"not_issue"),EXACT(H15,"indeterminate")))),AND(AND(D15="retain",E15="statistical_results"),NOT(OR(EXACT(I15,"substantive"),EXACT(I15,"minor_presentation"),EXACT(I15,"indeterminate")))),AND(AND(D15="retain",E15="statistical_results"),J15<>"",NOT(OR(EXACT(J15,"direct"),EXACT(J15,"possible"),EXACT(J15,"unlikely"),EXACT(J15,"unknown")))),AND(AND(D15="retain",OR(E15="report_internal_inconsistency",E15="plan_material")),NOT(OR(EXACT(K15,"substantive_inconsistency"),EXACT(K15,"minor_presentation"),EXACT(K15,"non_inconsistency"),EXACT(K15,"indeterminate")))),AND(AND(D15="retain",E15="protocol_report"),L15<>"",NOT(OR(EXACT(L15,"substantive_difference"),EXACT(L15,"minor_presentation"),EXACT(L15,"version_timing"),EXACT(L15,"non_inconsistency"),EXACT(L15,"indeterminate"))))),"CHECK FIELDS",IF(AND(F15<>"",NOT(OR(EXACT(F15,"no"),EXACT(F15,"primary_done")))),"CHECK COMPLETE",IF(EXACT(F15,"primary_done"),"PRIMARY READY","PRIMARY DRAFT")))))),"CHECK INPUT / KEY") | H15: =IF(AND(OR(D15="retain",D15=""),E15="statistical_results"),"","not_applicable") | I15: =IF(AND(OR(D15="retain",D15=""),E15="statistical_results"),"","not_applicable") | J15: =IF(AND(OR(D15="retain",D15=""),E15="statistical_results"),"","not_applicable") | K15: indeterminate | L15: =IF(AND(OR(D15="retain",D15=""),E15="protocol_report"),"","not_applicable") | R15: Trial SAP (OCR p9, p11-12, p40) schedules efficacy looks at 200 and 380 patients with b = 2.604, but 7.5 reports a DSMB review at 300 patients after which the null was rejected because 'the boundary for efficacy has been crossed', while saying no interim analysis was added. Which boundary/information fraction applied at 300 is not specified. The report (main p4) repeats that the 'prespecified efficacy boundary was crossed'.
A16: 2024::jama.2024.0572::C015 | B16: PLAN sICH window and death component differ | C16: PLAN joi240006supp4_prod_1708623115.00733.pdf — analysis-specific SAP — PDF p.5, §5.2.5; PLAN joi240006supp3_prod_1708623114.99733.pdf — trial SAP — PDF p.13, secondary endpoints, joi240006supp3_prod_1708623114.99733.pdf — p.18, §10.2.3.4.1, joi240006supp3_prod_1708623114.99733.pdf — p.31, template footnote. REPORT jama_sarraj_2024_oi_240006_1708623114.96234.pdf — main article — PDF p.3, endpoint name and joi240006supp5_prod_1708623115.01733.pdf — results supplement — PDF p.38, eTable2 counts establish relevance and corroborate only. | D16: retain | E16: plan_material | F16: primary_done | G16: =IFERROR(IF(LEN(TRIM(CLEAN(SUBSTITUTE(Setup!$B$2,CHAR(160)," "))))=0,"CHECK REVIEWER ID",IF(OR(A16="",COUNTIF($A$2:$A$20,A16)<>1,LEFT(A16,LEN("2024::jama.2024.0572::"))<>"2024::jama.2024.0572::"),"CHECK KEY",IF(OR(AND(NOT(AND(D16="retain",E16="statistical_results")),H16<>"",NOT(EXACT(H16,"not_applicable"))),AND(NOT(AND(D16="retain",E16="statistical_results")),I16<>"",NOT(EXACT(I16,"not_applicable"))),AND(NOT(AND(D16="retain",E16="statistical_results")),J16<>"",NOT(EXACT(J16,"not_applicable"))),AND(NOT(AND(D16="retain",OR(E16="report_internal_inconsistency",E16="plan_material"))),K16<>"",NOT(EXACT(K16,"not_applicable"))),AND(NOT(AND(D16="retain",E16="protocol_report")),L16<>"",NOT(EXACT(L16,"not_applicable")))),"CLEAR INACTIVE VALUES",IF(OR(NOT(OR(EXACT(D16,"retain"),EXACT(D16,"exclude"),EXACT(D16,"discuss"))),NOT(OR(EXACT(E16,"statistical_results"),EXACT(E16,"report_internal_inconsistency"),EXACT(E16,"plan_material"),EXACT(E16,"protocol_report"))),AND(AND(D16="retain",E16="statistical_results"),NOT(OR(EXACT(H16,"confirmed_issue"),EXACT(H16,"probable_issue"),EXACT(H16,"not_issue"),EXACT(H16,"indeterminate")))),AND(AND(D16="retain",E16="statistical_results"),NOT(OR(EXACT(I16,"substantive"),EXACT(I16,"minor_presentation"),EXACT(I16,"indeterminate")))),AND(AND(D16="retain",E16="statistical_results"),J16<>"",NOT(OR(EXACT(J16,"direct"),EXACT(J16,"possible"),EXACT(J16,"unlikely"),EXACT(J16,"unknown")))),AND(AND(D16="retain",OR(E16="report_internal_inconsistency",E16="plan_material")),NOT(OR(EXACT(K16,"substantive_inconsistency"),EXACT(K16,"minor_presentation"),EXACT(K16,"non_inconsistency"),EXACT(K16,"indeterminate")))),AND(AND(D16="retain",E16="protocol_report"),L16<>"",NOT(OR(EXACT(L16,"substantive_difference"),EXACT(L16,"minor_presentation"),EXACT(L16,"version_timing"),EXACT(L16,"non_inconsistency"),EXACT(L16,"indeterminate"))))),"CHECK FIELDS",IF(AND(F16<>"",NOT(OR(EXACT(F16,"no"),EXACT(F16,"primary_done")))),"CHECK COMPLETE",IF(EXACT(F16,"primary_done"),"PRIMARY READY","PRIMARY DRAFT")))))),"CHECK INPUT / KEY") | H16: =IF(AND(OR(D16="retain",D16=""),E16="statistical_results"),"","not_applicable") | I16: =IF(AND(OR(D16="retain",D16=""),E16="statistical_results"),"","not_applicable") | J16: =IF(AND(OR(D16="retain",D16=""),E16="statistical_results"),"","not_applicable") | K16: substantive_inconsistency | L16: =IF(AND(OR(D16="retain",D16=""),E16="protocol_report"),"","not_applicable") | R16: Analysis SAP (supp4 p5) defines sICH as PH2/remote PH with >=4-point NIHSS increase at a 4-hour window; trial SAP (OCR p13, p18, p31) defines SITS-MOST sICH as >=4-point NIHSS increase or death within 24 hours. Window and death component differ; the report (main p3) cites SITS-MOST and eTable 2 gives 0/168 vs 2/168 without stating which definition applied.
A17: 2024::jama.2024.0572::C016 | B17: Planned mismatch-volume primary strata have no supplied counterpart | C17: PLAN joi240006supp4_prod_1708623115.00733.pdf — analysis-specific SAP — PDF p.6, §5.3.3, joi240006supp4_prod_1708623115.00733.pdf — p.4, §5.2.1 primary endpoint. Identified REPORT comparisons: jama_sarraj_2024_oi_240006_1708623114.96234.pdf — main article — PDF p.6, Figure1, jama_sarraj_2024_oi_240006_1708623114.96234.pdf — p.8, mismatch results, joi240006supp5_prod_1708623115.01733.pdf — results supplement — PDF p.23, eFigure17, joi240006supp5_prod_1708623115.01733.pdf — p.43, eTable7. Complete counterpart scope: jama_sarraj_2024_oi_240006_1708623114.96234.pdf — main article, PDF pp.1–14; entry p.1, joi240006supp5_prod_1708623115.01733.pdf — results supplement, PDF pp.1–53; entry p.1, joi240006supp1_prod_1708623114.97236.pdf — contributors, PDF pp.1–30; entry p.1, and joi240006supp6_prod_1708623115.02733.pdf — data sharing, PDF p.1. | D17: retain | E17: protocol_report | F17: primary_done | G17: =IFERROR(IF(LEN(TRIM(CLEAN(SUBSTITUTE(Setup!$B$2,CHAR(160)," "))))=0,"CHECK REVIEWER ID",IF(OR(A17="",COUNTIF($A$2:$A$20,A17)<>1,LEFT(A17,LEN("2024::jama.2024.0572::"))<>"2024::jama.2024.0572::"),"CHECK KEY",IF(OR(AND(NOT(AND(D17="retain",E17="statistical_results")),H17<>"",NOT(EXACT(H17,"not_applicable"))),AND(NOT(AND(D17="retain",E17="statistical_results")),I17<>"",NOT(EXACT(I17,"not_applicable"))),AND(NOT(AND(D17="retain",E17="statistical_results")),J17<>"",NOT(EXACT(J17,"not_applicable"))),AND(NOT(AND(D17="retain",OR(E17="report_internal_inconsistency",E17="plan_material"))),K17<>"",NOT(EXACT(K17,"not_applicable"))),AND(NOT(AND(D17="retain",E17="protocol_report")),L17<>"",NOT(EXACT(L17,"not_applicable")))),"CLEAR INACTIVE VALUES",IF(OR(NOT(OR(EXACT(D17,"retain"),EXACT(D17,"exclude"),EXACT(D17,"discuss"))),NOT(OR(EXACT(E17,"statistical_results"),EXACT(E17,"report_internal_inconsistency"),EXACT(E17,"plan_material"),EXACT(E17,"protocol_report"))),AND(AND(D17="retain",E17="statistical_results"),NOT(OR(EXACT(H17,"confirmed_issue"),EXACT(H17,"probable_issue"),EXACT(H17,"not_issue"),EXACT(H17,"indeterminate")))),AND(AND(D17="retain",E17="statistical_results"),NOT(OR(EXACT(I17,"substantive"),EXACT(I17,"minor_presentation"),EXACT(I17,"indeterminate")))),AND(AND(D17="retain",E17="statistical_results"),J17<>"",NOT(OR(EXACT(J17,"direct"),EXACT(J17,"possible"),EXACT(J17,"unlikely"),EXACT(J17,"unknown")))),AND(AND(D17="retain",OR(E17="report_internal_inconsistency",E17="plan_material")),NOT(OR(EXACT(K17,"substantive_inconsistency"),EXACT(K17,"minor_presentation"),EXACT(K17,"non_inconsistency"),EXACT(K17,"indeterminate")))),AND(AND(D17="retain",E17="protocol_report"),L17<>"",NOT(OR(EXACT(L17,"substantive_difference"),EXACT(L17,"minor_presentation"),EXACT(L17,"version_timing"),EXACT(L17,"non_inconsistency"),EXACT(L17,"indeterminate"))))),"CHECK FIELDS",IF(AND(F17<>"",NOT(OR(EXACT(F17,"no"),EXACT(F17,"primary_done")))),"CHECK COMPLETE",IF(EXACT(F17,"primary_done"),"PRIMARY READY","PRIMARY DRAFT")))))),"CHECK INPUT / KEY") | H17: =IF(AND(OR(D17="retain",D17=""),E17="statistical_results"),"","not_applicable") | I17: =IF(AND(OR(D17="retain",D17=""),E17="statistical_results"),"","not_applicable") | J17: =IF(AND(OR(D17="retain",D17=""),E17="statistical_results"),"","not_applicable") | K17: =IF(AND(OR(D17="retain",D17=""),OR(E17="report_internal_inconsistency",E17="plan_material")),"","not_applicable") | L17: substantive_difference | R17: Analysis SAP 5.3.3 (supp4 p6) plans stratification by mismatch volume thresholds of 50 and 100 mL with the 5.2 outcome analyses. Searched main and supp5 (eFig 7-13, 20; eTables 7-10): only the 1.2/10 and 1.8/15 ratio-volume profiles and continuous mismatch volume (eFig 17) are reported. The planned 50/100-mL strata are not reported.
A18: 2024::jama.2024.0572::C017 | B18: Adverse-outcome forest favors labels reverse its printed contrast | C18: REPORT joi240006supp5_prod_1708623115.01733.pdf — results supplement — PDF p.19, eFigure13 title, contrast, axis labels and all 16 rows; REPORT joi240006supp5_prod_1708623115.01733.pdf — results supplement — PDF p.15, eFigure9 direction convention and jama_sarraj_2024_oi_240006_1708623114.96234.pdf — main article — PDF p.3, mRS 5–6 definition corroborate only. | D18: retain | E18: statistical_results | F18: primary_done | G18: =IFERROR(IF(LEN(TRIM(CLEAN(SUBSTITUTE(Setup!$B$2,CHAR(160)," "))))=0,"CHECK REVIEWER ID",IF(OR(A18="",COUNTIF($A$2:$A$20,A18)<>1,LEFT(A18,LEN("2024::jama.2024.0572::"))<>"2024::jama.2024.0572::"),"CHECK KEY",IF(OR(AND(NOT(AND(D18="retain",E18="statistical_results")),H18<>"",NOT(EXACT(H18,"not_applicable"))),AND(NOT(AND(D18="retain",E18="statistical_results")),I18<>"",NOT(EXACT(I18,"not_applicable"))),AND(NOT(AND(D18="retain",E18="statistical_results")),J18<>"",NOT(EXACT(J18,"not_applicable"))),AND(NOT(AND(D18="retain",OR(E18="report_internal_inconsistency",E18="plan_material"))),K18<>"",NOT(EXACT(K18,"not_applicable"))),AND(NOT(AND(D18="retain",E18="protocol_report")),L18<>"",NOT(EXACT(L18,"not_applicable")))),"CLEAR INACTIVE VALUES",IF(OR(NOT(OR(EXACT(D18,"retain"),EXACT(D18,"exclude"),EXACT(D18,"discuss"))),NOT(OR(EXACT(E18,"statistical_results"),EXACT(E18,"report_internal_inconsistency"),EXACT(E18,"plan_material"),EXACT(E18,"protocol_report"))),AND(AND(D18="retain",E18="statistical_results"),NOT(OR(EXACT(H18,"confirmed_issue"),EXACT(H18,"probable_issue"),EXACT(H18,"not_issue"),EXACT(H18,"indeterminate")))),AND(AND(D18="retain",E18="statistical_results"),NOT(OR(EXACT(I18,"substantive"),EXACT(I18,"minor_presentation"),EXACT(I18,"indeterminate")))),AND(AND(D18="retain",E18="statistical_results"),J18<>"",NOT(OR(EXACT(J18,"direct"),EXACT(J18,"possible"),EXACT(J18,"unlikely"),EXACT(J18,"unknown")))),AND(AND(D18="retain",OR(E18="report_internal_inconsistency",E18="plan_material")),NOT(OR(EXACT(K18,"substantive_inconsistency"),EXACT(K18,"minor_presentation"),EXACT(K18,"non_inconsistency"),EXACT(K18,"indeterminate")))),AND(AND(D18="retain",E18="protocol_report"),L18<>"",NOT(OR(EXACT(L18,"substantive_difference"),EXACT(L18,"minor_presentation"),EXACT(L18,"version_timing"),EXACT(L18,"non_inconsistency"),EXACT(L18,"indeterminate"))))),"CHECK FIELDS",IF(AND(F18<>"",NOT(OR(EXACT(F18,"no"),EXACT(F18,"primary_done")))),"CHECK COMPLETE",IF(EXACT(F18,"primary_done"),"PRIMARY READY","PRIMARY DRAFT")))))),"CHECK INPUT / KEY") | H18: confirmed_issue | I18: minor_presentation | J18: unlikely | K18: =IF(AND(OR(D18="retain",D18=""),OR(E18="report_internal_inconsistency",E18="plan_material")),"","not_applicable") | L18: =IF(AND(OR(D18="retain",D18=""),E18="protocol_report"),"","not_applicable") | R18: eFigure 13 (supp5 p19, rendered): outcome is mRS 5-6 (adverse), RR = EVT vs MM, all 16 RRs < 1 (0.55-0.87), yet the axis labels the side below 1 'Favours Medical Management'. For an adverse outcome RR < 1 favors thrombectomy. Labels reversed; counts and RRs are clear.
A19: 2024::jama.2024.0572::C018 | B19: Discordant-profile counts exceed disjoint totals and change arm attribution | C19: REPORT joi240006supp5_prod_1708623115.01733.pdf — results supplement — PDF p.45, eTable8 independence, joi240006supp5_prod_1708623115.01733.pdf — p.46, eTable8 ambulation/adverse outcomes, joi240006supp5_prod_1708623115.01733.pdf — p.47, eTable9 favorable outcomes, joi240006supp5_prod_1708623115.01733.pdf — p.48, eTable9 adverse outcomes, joi240006supp5_prod_1708623115.01733.pdf — p.49, eTable10 favorable outcomes, joi240006supp5_prod_1708623115.01733.pdf — p.50, eTable10 adverse outcomes, joi240006supp5_prod_1708623115.01733.pdf — p.31, eFigure20x profile heading, and joi240006supp5_prod_1708623115.01733.pdf — p.32, eFigure20x distribution. | D19: retain | E19: statistical_results | F19: primary_done | G19: =IFERROR(IF(LEN(TRIM(CLEAN(SUBSTITUTE(Setup!$B$2,CHAR(160)," "))))=0,"CHECK REVIEWER ID",IF(OR(A19="",COUNTIF($A$2:$A$20,A19)<>1,LEFT(A19,LEN("2024::jama.2024.0572::"))<>"2024::jama.2024.0572::"),"CHECK KEY",IF(OR(AND(NOT(AND(D19="retain",E19="statistical_results")),H19<>"",NOT(EXACT(H19,"not_applicable"))),AND(NOT(AND(D19="retain",E19="statistical_results")),I19<>"",NOT(EXACT(I19,"not_applicable"))),AND(NOT(AND(D19="retain",E19="statistical_results")),J19<>"",NOT(EXACT(J19,"not_applicable"))),AND(NOT(AND(D19="retain",OR(E19="report_internal_inconsistency",E19="plan_material"))),K19<>"",NOT(EXACT(K19,"not_applicable"))),AND(NOT(AND(D19="retain",E19="protocol_report")),L19<>"",NOT(EXACT(L19,"not_applicable")))),"CLEAR INACTIVE VALUES",IF(OR(NOT(OR(EXACT(D19,"retain"),EXACT(D19,"exclude"),EXACT(D19,"discuss"))),NOT(OR(EXACT(E19,"statistical_results"),EXACT(E19,"report_internal_inconsistency"),EXACT(E19,"plan_material"),EXACT(E19,"protocol_report"))),AND(AND(D19="retain",E19="statistical_results"),NOT(OR(EXACT(H19,"confirmed_issue"),EXACT(H19,"probable_issue"),EXACT(H19,"not_issue"),EXACT(H19,"indeterminate")))),AND(AND(D19="retain",E19="statistical_results"),NOT(OR(EXACT(I19,"substantive"),EXACT(I19,"minor_presentation"),EXACT(I19,"indeterminate")))),AND(AND(D19="retain",E19="statistical_results"),J19<>"",NOT(OR(EXACT(J19,"direct"),EXACT(J19,"possible"),EXACT(J19,"unlikely"),EXACT(J19,"unknown")))),AND(AND(D19="retain",OR(E19="report_internal_inconsistency",E19="plan_material")),NOT(OR(EXACT(K19,"substantive_inconsistency"),EXACT(K19,"minor_presentation"),EXACT(K19,"non_inconsistency"),EXACT(K19,"indeterminate")))),AND(AND(D19="retain",E19="protocol_report"),L19<>"",NOT(OR(EXACT(L19,"substantive_difference"),EXACT(L19,"minor_presentation"),EXACT(L19,"version_timing"),EXACT(L19,"non_inconsistency"),EXACT(L19,"indeterminate"))))),"CHECK FIELDS",IF(AND(F19<>"",NOT(OR(EXACT(F19,"no"),EXACT(F19,"primary_done")))),"CHECK COMPLETE",IF(EXACT(F19,"primary_done"),"PRIMARY READY","PRIMARY DRAFT")))))),"CHECK INPUT / KEY") | H19: confirmed_issue | I19: substantive | J19: direct | K19: =IF(AND(OR(D19="retain",D19=""),OR(E19="report_internal_inconsistency",E19="plan_material")),"","not_applicable") | L19: =IF(AND(OR(D19="retain",D19=""),E19="protocol_report"),"","not_applicable") | R19: Discordant profile 2 (ASPECTS 6-10, core >=70 mL): eTable 9 (supp5 p47-48) gives MM mRS 0-3 3/11 and mRS 5-6 10/11 (sum 13 > 11) with MM median 6 (6-6); eTable 10 gives MM 4/12 and 11/12 (15 > 12), and 2/12 + 11/12 = 13 > 12. eTable 8 instead gives EVT 1/12 and 3/12 favorable and MM 0/11, i.e., favorable counts sit in the opposite arm in eTable 9.
A20: 2024::jama.2024.0572::C019 | B20: Final overall efficacy failure has competing rescue and terminal branches | C20: Principal PLAN comparison: joi240006supp2_prod_1708623114.99233.pdf — protocol — PDF p.48, final scenario 1 items 2/2.1/2.2 versus joi240006supp3_prod_1708623114.99733.pdf — trial SAP — PDF p.10, final paragraph and conclusions. PLAN context: joi240006supp2_prod_1708623114.99233.pdf — protocol p.1, August 4, 2021 date, joi240006supp2_prod_1708623114.99233.pdf — p.45, primary analysis/selection, joi240006supp2_prod_1708623114.99233.pdf — p.46, schedule/bounds, joi240006supp2_prod_1708623114.99233.pdf — p.47, enrollment scenarios, joi240006supp2_prod_1708623114.99233.pdf — p.49, simulation context, joi240006supp2_prod_1708623114.99233.pdf — p.81, final appendix rule; joi240006supp3_prod_1708623114.99733.pdf — trial SAP p.2, November 20, 2022 v1.0.0 approval, joi240006supp3_prod_1708623114.99733.pdf — p.9, retained final-selection language, joi240006supp3_prod_1708623114.99733.pdf — p.12, early-stop chronology, joi240006supp3_prod_1708623114.99733.pdf — p.40, final appendix threshold. | D20: exclude | E20: plan_material | F20: primary_done | G20: =IFERROR(IF(LEN(TRIM(CLEAN(SUBSTITUTE(Setup!$B$2,CHAR(160)," "))))=0,"CHECK REVIEWER ID",IF(OR(A20="",COUNTIF($A$2:$A$20,A20)<>1,LEFT(A20,LEN("2024::jama.2024.0572::"))<>"2024::jama.2024.0572::"),"CHECK KEY",IF(OR(AND(NOT(AND(D20="retain",E20="statistical_results")),H20<>"",NOT(EXACT(H20,"not_applicable"))),AND(NOT(AND(D20="retain",E20="statistical_results")),I20<>"",NOT(EXACT(I20,"not_applicable"))),AND(NOT(AND(D20="retain",E20="statistical_results")),J20<>"",NOT(EXACT(J20,"not_applicable"))),AND(NOT(AND(D20="retain",OR(E20="report_internal_inconsistency",E20="plan_material"))),K20<>"",NOT(EXACT(K20,"not_applicable"))),AND(NOT(AND(D20="retain",E20="protocol_report")),L20<>"",NOT(EXACT(L20,"not_applicable")))),"CLEAR INACTIVE VALUES",IF(OR(NOT(OR(EXACT(D20,"retain"),EXACT(D20,"exclude"),EXACT(D20,"discuss"))),NOT(OR(EXACT(E20,"statistical_results"),EXACT(E20,"report_internal_inconsistency"),EXACT(E20,"plan_material"),EXACT(E20,"protocol_report"))),AND(AND(D20="retain",E20="statistical_results"),NOT(OR(EXACT(H20,"confirmed_issue"),EXACT(H20,"probable_issue"),EXACT(H20,"not_issue"),EXACT(H20,"indeterminate")))),AND(AND(D20="retain",E20="statistical_results"),NOT(OR(EXACT(I20,"substantive"),EXACT(I20,"minor_presentation"),EXACT(I20,"indeterminate")))),AND(AND(D20="retain",E20="statistical_results"),J20<>"",NOT(OR(EXACT(J20,"direct"),EXACT(J20,"possible"),EXACT(J20,"unlikely"),EXACT(J20,"unknown")))),AND(AND(D20="retain",OR(E20="report_internal_inconsistency",E20="plan_material")),NOT(OR(EXACT(K20,"substantive_inconsistency"),EXACT(K20,"minor_presentation"),EXACT(K20,"non_inconsistency"),EXACT(K20,"indeterminate")))),AND(AND(D20="retain",E20="protocol_report"),L20<>"",NOT(OR(EXACT(L20,"substantive_difference"),EXACT(L20,"minor_presentation"),EXACT(L20,"version_timing"),EXACT(L20,"non_inconsistency"),EXACT(L20,"indeterminate"))))),"CHECK FIELDS",IF(AND(F20<>"",NOT(OR(EXACT(F20,"no"),EXACT(F20,"primary_done")))),"CHECK COMPLETE",IF(EXACT(F20,"primary_done"),"PRIMARY READY","PRIMARY DRAFT")))))),"CHECK INPUT / KEY") | H20: =IF(AND(OR(D20="retain",D20=""),E20="statistical_results"),"","not_applicable") | I20: =IF(AND(OR(D20="retain",D20=""),E20="statistical_results"),"","not_applicable") | J20: =IF(AND(OR(D20="retain",D20=""),E20="statistical_results"),"","not_applicable") | K20: =IF(AND(OR(D20="retain",D20=""),OR(E20="report_internal_inconsistency",E20="plan_material")),"","not_applicable") | L20: =IF(AND(OR(D20="retain",D20=""),E20="protocol_report"),"","not_applicable") | R20: Protocol (Aug 2021) p48 permits subgroup selection and testing after failure of the final overall efficacy test; trial SAP v1.0.0 (Nov 2022; OCR p10) declares no superiority on final failure without that branch. A real version difference, but it concerns a final-analysis branch of the parent trial that was never executed (trial stopped at 300) and on which this exploratory analysis does not rely.

Sheet C_jama.2024.11057
A1: Candidate key | B1: Candidate title | C1: Source location | D1: Disposition | E1: Review domain (AI suggestion; editable) | F1: Complete | G1: Validation hint | H1: Statistical_or_numerical issue | I1: Substantiveness | J1: Downstream impact | K1: Report-internal or planning-material inconsistency | L1: Protocol interpretation | R1: Notes (optional)
A2: 2024::jama.2024.11057::C001 | B2: Primary estimate attribution to planned baseline adjustment | C2: PLAN joi240078supp1_prod_1739900423.22574.pdf — p. 5, Primary Analysis; REPORT jama_graham_2024_oi_240078_1739900423.19074.pdf — p. 1, abstract, jama_graham_2024_oi_240078_1739900423.19074.pdf — p. 4, Statistical Methods, jama_graham_2024_oi_240078_1739900423.19074.pdf — p. 5, Vaping Cessation, and jama_graham_2024_oi_240078_1739900423.19074.pdf — p. 6, Table 2; REPORT joi240078supp2_prod_1739900423.24574.pdf — p. 14, eTable 5, Missing=Vaping; Amendment context: PLAN joi240078supp1_prod_1739900423.22574.pdf — p. 15 | D2: retain | E2: protocol_report | F2: primary_done | G2: =IFERROR(IF(LEN(TRIM(CLEAN(SUBSTITUTE(Setup!$B$2,CHAR(160)," "))))=0,"CHECK REVIEWER ID",IF(OR(A2="",COUNTIF($A$2:$A$6,A2)<>1,LEFT(A2,LEN("2024::jama.2024.11057::"))<>"2024::jama.2024.11057::"),"CHECK KEY",IF(OR(AND(NOT(AND(D2="retain",E2="statistical_results")),H2<>"",NOT(EXACT(H2,"not_applicable"))),AND(NOT(AND(D2="retain",E2="statistical_results")),I2<>"",NOT(EXACT(I2,"not_applicable"))),AND(NOT(AND(D2="retain",E2="statistical_results")),J2<>"",NOT(EXACT(J2,"not_applicable"))),AND(NOT(AND(D2="retain",OR(E2="report_internal_inconsistency",E2="plan_material"))),K2<>"",NOT(EXACT(K2,"not_applicable"))),AND(NOT(AND(D2="retain",E2="protocol_report")),L2<>"",NOT(EXACT(L2,"not_applicable")))),"CLEAR INACTIVE VALUES",IF(OR(NOT(OR(EXACT(D2,"retain"),EXACT(D2,"exclude"),EXACT(D2,"discuss"))),NOT(OR(EXACT(E2,"statistical_results"),EXACT(E2,"report_internal_inconsistency"),EXACT(E2,"plan_material"),EXACT(E2,"protocol_report"))),AND(AND(D2="retain",E2="statistical_results"),NOT(OR(EXACT(H2,"confirmed_issue"),EXACT(H2,"probable_issue"),EXACT(H2,"not_issue"),EXACT(H2,"indeterminate")))),AND(AND(D2="retain",E2="statistical_results"),NOT(OR(EXACT(I2,"substantive"),EXACT(I2,"minor_presentation"),EXACT(I2,"indeterminate")))),AND(AND(D2="retain",E2="statistical_results"),J2<>"",NOT(OR(EXACT(J2,"direct"),EXACT(J2,"possible"),EXACT(J2,"unlikely"),EXACT(J2,"unknown")))),AND(AND(D2="retain",OR(E2="report_internal_inconsistency",E2="plan_material")),NOT(OR(EXACT(K2,"substantive_inconsistency"),EXACT(K2,"minor_presentation"),EXACT(K2,"non_inconsistency"),EXACT(K2,"indeterminate")))),AND(AND(D2="retain",E2="protocol_report"),L2<>"",NOT(OR(EXACT(L2,"substantive_difference"),EXACT(L2,"minor_presentation"),EXACT(L2,"version_timing"),EXACT(L2,"non_inconsistency"),EXACT(L2,"indeterminate"))))),"CHECK FIELDS",IF(AND(F2<>"",NOT(OR(EXACT(F2,"no"),EXACT(F2,"primary_done")))),"CHECK COMPLETE",IF(EXACT(F2,"primary_done"),"PRIMARY READY","PRIMARY DRAFT")))))),"CHECK INPUT / KEY") | H2: =IF(AND(OR(D2="retain",D2=""),E2="statistical_results"),"","not_applicable") | I2: =IF(AND(OR(D2="retain",D2=""),E2="statistical_results"),"","not_applicable") | J2: =IF(AND(OR(D2="retain",D2=""),E2="statistical_results"),"","not_applicable") | K2: =IF(AND(OR(D2="retain",D2=""),OR(E2="report_internal_inconsistency",E2="plan_material")),"","not_applicable") | L2: substantive_difference | R2: Protocol (supp1 p5, Primary Analysis): 'All estimates will be adjusted for baseline confounders.' Report (main p4) uses ordinary logistic regression with no covariates named; printed primary RR 1.35 and OR 1.57 equal the crude values (287/759)/(208/744) = 1.353 and (287*536)/(472*208) = 1.567. The primary estimate is unadjusted; not described as a change (amendment list p15 is silent).
A3: 2024::jama.2024.11057::C002 | B3: Retention test population and waitlist exclusion | C3: REPORT jama_graham_2024_oi_240078_1739900423.19074.pdf — p. 2, waitlist discussion, jama_graham_2024_oi_240078_1739900423.19074.pdf — p. 4, first Results retention paragraph, and jama_graham_2024_oi_240078_1739900423.19074.pdf — p. 6, corroborating participant-flow figure. | D3: retain | E3: statistical_results | F3: primary_done | G3: =IFERROR(IF(LEN(TRIM(CLEAN(SUBSTITUTE(Setup!$B$2,CHAR(160)," "))))=0,"CHECK REVIEWER ID",IF(OR(A3="",COUNTIF($A$2:$A$6,A3)<>1,LEFT(A3,LEN("2024::jama.2024.11057::"))<>"2024::jama.2024.11057::"),"CHECK KEY",IF(OR(AND(NOT(AND(D3="retain",E3="statistical_results")),H3<>"",NOT(EXACT(H3,"not_applicable"))),AND(NOT(AND(D3="retain",E3="statistical_results")),I3<>"",NOT(EXACT(I3,"not_applicable"))),AND(NOT(AND(D3="retain",E3="statistical_results")),J3<>"",NOT(EXACT(J3,"not_applicable"))),AND(NOT(AND(D3="retain",OR(E3="report_internal_inconsistency",E3="plan_material"))),K3<>"",NOT(EXACT(K3,"not_applicable"))),AND(NOT(AND(D3="retain",E3="protocol_report")),L3<>"",NOT(EXACT(L3,"not_applicable")))),"CLEAR INACTIVE VALUES",IF(OR(NOT(OR(EXACT(D3,"retain"),EXACT(D3,"exclude"),EXACT(D3,"discuss"))),NOT(OR(EXACT(E3,"statistical_results"),EXACT(E3,"report_internal_inconsistency"),EXACT(E3,"plan_material"),EXACT(E3,"protocol_report"))),AND(AND(D3="retain",E3="statistical_results"),NOT(OR(EXACT(H3,"confirmed_issue"),EXACT(H3,"probable_issue"),EXACT(H3,"not_issue"),EXACT(H3,"indeterminate")))),AND(AND(D3="retain",E3="statistical_results"),NOT(OR(EXACT(I3,"substantive"),EXACT(I3,"minor_presentation"),EXACT(I3,"indeterminate")))),AND(AND(D3="retain",E3="statistical_results"),J3<>"",NOT(OR(EXACT(J3,"direct"),EXACT(J3,"possible"),EXACT(J3,"unlikely"),EXACT(J3,"unknown")))),AND(AND(D3="retain",OR(E3="report_internal_inconsistency",E3="plan_material")),NOT(OR(EXACT(K3,"substantive_inconsistency"),EXACT(K3,"minor_presentation"),EXACT(K3,"non_inconsistency"),EXACT(K3,"indeterminate")))),AND(AND(D3="retain",E3="protocol_report"),L3<>"",NOT(OR(EXACT(L3,"substantive_difference"),EXACT(L3,"minor_presentation"),EXACT(L3,"version_timing"),EXACT(L3,"non_inconsistency"),EXACT(L3,"indeterminate"))))),"CHECK FIELDS",IF(AND(F3<>"",NOT(OR(EXACT(F3,"no"),EXACT(F3,"primary_done")))),"CHECK COMPLETE",IF(EXACT(F3,"primary_done"),"PRIMARY READY","PRIMARY DRAFT")))))),"CHECK INPUT / KEY") | H3: confirmed_issue | I3: minor_presentation | J3: unlikely | K3: =IF(AND(OR(D3="retain",D3=""),OR(E3="report_internal_inconsistency",E3="plan_material")),"","not_applicable") | L3: =IF(AND(OR(D3="retain",D3=""),E3="protocol_report"),"","not_applicable") | R3: Main p2 says the waitlist group was not included in tests of statistical significance, but the retention P values on p4 (P=.02 at 1 month, P=.11 at 7 months) reproduce only as 3-group tests including waitlist (chi-square P = .017 and .115). Two-group tests (intervention vs assessment-only) give P = .007 and .064. Conclusions about retention are unchanged.
A4: 2024::jama.2024.11057::C003 | B4: Prequit intervention duration across supplied documents | C4: REPORT jama_graham_2024_oi_240078_1739900423.19074.pdf — p. 3, intervention description; PLAN joi240078supp1_prod_1739900423.22574.pdf — p. 2, program description and joi240078supp1_prod_1739900423.22574.pdf — p. 4, trial intervention assignment; REPORT joi240078supp2_prod_1739900423.24574.pdf — p. 2, eAppendix A; Amendment context: PLAN joi240078supp1_prod_1739900423.22574.pdf — p. 15 | D4: retain | E4: report_internal_inconsistency | F4: primary_done | G4: =IFERROR(IF(LEN(TRIM(CLEAN(SUBSTITUTE(Setup!$B$2,CHAR(160)," "))))=0,"CHECK REVIEWER ID",IF(OR(A4="",COUNTIF($A$2:$A$6,A4)<>1,LEFT(A4,LEN("2024::jama.2024.11057::"))<>"2024::jama.2024.11057::"),"CHECK KEY",IF(OR(AND(NOT(AND(D4="retain",E4="statistical_results")),H4<>"",NOT(EXACT(H4,"not_applicable"))),AND(NOT(AND(D4="retain",E4="statistical_results")),I4<>"",NOT(EXACT(I4,"not_applicable"))),AND(NOT(AND(D4="retain",E4="statistical_results")),J4<>"",NOT(EXACT(J4,"not_applicable"))),AND(NOT(AND(D4="retain",OR(E4="report_internal_inconsistency",E4="plan_material"))),K4<>"",NOT(EXACT(K4,"not_applicable"))),AND(NOT(AND(D4="retain",E4="protocol_report")),L4<>"",NOT(EXACT(L4,"not_applicable")))),"CLEAR INACTIVE VALUES",IF(OR(NOT(OR(EXACT(D4,"retain"),EXACT(D4,"exclude"),EXACT(D4,"discuss"))),NOT(OR(EXACT(E4,"statistical_results"),EXACT(E4,"report_internal_inconsistency"),EXACT(E4,"plan_material"),EXACT(E4,"protocol_report"))),AND(AND(D4="retain",E4="statistical_results"),NOT(OR(EXACT(H4,"confirmed_issue"),EXACT(H4,"probable_issue"),EXACT(H4,"not_issue"),EXACT(H4,"indeterminate")))),AND(AND(D4="retain",E4="statistical_results"),NOT(OR(EXACT(I4,"substantive"),EXACT(I4,"minor_presentation"),EXACT(I4,"indeterminate")))),AND(AND(D4="retain",E4="statistical_results"),J4<>"",NOT(OR(EXACT(J4,"direct"),EXACT(J4,"possible"),EXACT(J4,"unlikely"),EXACT(J4,"unknown")))),AND(AND(D4="retain",OR(E4="report_internal_inconsistency",E4="plan_material")),NOT(OR(EXACT(K4,"substantive_inconsistency"),EXACT(K4,"minor_presentation"),EXACT(K4,"non_inconsistency"),EXACT(K4,"indeterminate")))),AND(AND(D4="retain",E4="protocol_report"),L4<>"",NOT(OR(EXACT(L4,"substantive_difference"),EXACT(L4,"minor_presentation"),EXACT(L4,"version_timing"),EXACT(L4,"non_inconsistency"),EXACT(L4,"indeterminate"))))),"CHECK FIELDS",IF(AND(F4<>"",NOT(OR(EXACT(F4,"no"),EXACT(F4,"primary_done")))),"CHECK COMPLETE",IF(EXACT(F4,"primary_done"),"PRIMARY READY","PRIMARY DRAFT")))))),"CHECK INPUT / KEY") | H4: =IF(AND(OR(D4="retain",D4=""),E4="statistical_results"),"","not_applicable") | I4: =IF(AND(OR(D4="retain",D4=""),E4="statistical_results"),"","not_applicable") | J4: =IF(AND(OR(D4="retain",D4=""),E4="statistical_results"),"","not_applicable") | K4: substantive_inconsistency | L4: =IF(AND(OR(D4="retain",D4=""),E4="protocol_report"),"","not_applicable") | R4: E changed from protocol_report: main p3 says quit-date users receive messages '6 weeks before and 8 weeks after' the quit date, while the results supplement eAppendix A (supp2 p2) says '1 week preceding their quit date and 8 weeks afterward'; the protocol (supp1 p2) also says one week and only corroborates the supplement. The conflict is within the report; the prequit intervention duration cannot be determined.
A5: 2024::jama.2024.11057::C004 | B5: Planned moderator selection and reported testing family | C5: PLAN joi240078supp1_prod_1739900423.22574.pdf — p. 5, Primary Analysis and joi240078supp1_prod_1739900423.22574.pdf — p. 6, opening continuation; REPORT jama_graham_2024_oi_240078_1739900423.19074.pdf — p. 4, Statistical Methods and jama_graham_2024_oi_240078_1739900423.19074.pdf — p. 5, Moderator Results; REPORT joi240078supp2_prod_1739900423.24574.pdf — p. 6, eAppendix D and joi240078supp2_prod_1739900423.24574.pdf — p. 15, eTable 6; Amendment context: PLAN joi240078supp1_prod_1739900423.22574.pdf — p. 15 | D5: retain | E5: protocol_report | F5: primary_done | G5: =IFERROR(IF(LEN(TRIM(CLEAN(SUBSTITUTE(Setup!$B$2,CHAR(160)," "))))=0,"CHECK REVIEWER ID",IF(OR(A5="",COUNTIF($A$2:$A$6,A5)<>1,LEFT(A5,LEN("2024::jama.2024.11057::"))<>"2024::jama.2024.11057::"),"CHECK KEY",IF(OR(AND(NOT(AND(D5="retain",E5="statistical_results")),H5<>"",NOT(EXACT(H5,"not_applicable"))),AND(NOT(AND(D5="retain",E5="statistical_results")),I5<>"",NOT(EXACT(I5,"not_applicable"))),AND(NOT(AND(D5="retain",E5="statistical_results")),J5<>"",NOT(EXACT(J5,"not_applicable"))),AND(NOT(AND(D5="retain",OR(E5="report_internal_inconsistency",E5="plan_material"))),K5<>"",NOT(EXACT(K5,"not_applicable"))),AND(NOT(AND(D5="retain",E5="protocol_report")),L5<>"",NOT(EXACT(L5,"not_applicable")))),"CLEAR INACTIVE VALUES",IF(OR(NOT(OR(EXACT(D5,"retain"),EXACT(D5,"exclude"),EXACT(D5,"discuss"))),NOT(OR(EXACT(E5,"statistical_results"),EXACT(E5,"report_internal_inconsistency"),EXACT(E5,"plan_material"),EXACT(E5,"protocol_report"))),AND(AND(D5="retain",E5="statistical_results"),NOT(OR(EXACT(H5,"confirmed_issue"),EXACT(H5,"probable_issue"),EXACT(H5,"not_issue"),EXACT(H5,"indeterminate")))),AND(AND(D5="retain",E5="statistical_results"),NOT(OR(EXACT(I5,"substantive"),EXACT(I5,"minor_presentation"),EXACT(I5,"indeterminate")))),AND(AND(D5="retain",E5="statistical_results"),J5<>"",NOT(OR(EXACT(J5,"direct"),EXACT(J5,"possible"),EXACT(J5,"unlikely"),EXACT(J5,"unknown")))),AND(AND(D5="retain",OR(E5="report_internal_inconsistency",E5="plan_material")),NOT(OR(EXACT(K5,"substantive_inconsistency"),EXACT(K5,"minor_presentation"),EXACT(K5,"non_inconsistency"),EXACT(K5,"indeterminate")))),AND(AND(D5="retain",E5="protocol_report"),L5<>"",NOT(OR(EXACT(L5,"substantive_difference"),EXACT(L5,"minor_presentation"),EXACT(L5,"version_timing"),EXACT(L5,"non_inconsistency"),EXACT(L5,"indeterminate"))))),"CHECK FIELDS",IF(AND(F5<>"",NOT(OR(EXACT(F5,"no"),EXACT(F5,"primary_done")))),"CHECK COMPLETE",IF(EXACT(F5,"primary_done"),"PRIMARY READY","PRIMARY DRAFT")))))),"CHECK INPUT / KEY") | H5: =IF(AND(OR(D5="retain",D5=""),E5="statistical_results"),"","not_applicable") | I5: =IF(AND(OR(D5="retain",D5=""),E5="statistical_results"),"","not_applicable") | J5: =IF(AND(OR(D5="retain",D5=""),E5="statistical_results"),"","not_applicable") | K5: =IF(AND(OR(D5="retain",D5=""),OR(E5="report_internal_inconsistency",E5="plan_material")),"","not_applicable") | L5: substantive_difference | R5: Protocol (supp1 p5-6) plans to identify selected potential moderators and test treatment x moderator interactions only for those associated with the primary outcome; no multiplicity rule stated. Report (main p4-5; supp2 eAppendix D p6, eTable 6 p15) tests all 25 Table 1 characteristics one at a time with Holm adjustment. The 'no moderators' conclusion depends on the Holm step: nominal P = .010, .024, .026, .033 for four moderators.
A6: 2024::jama.2024.11057::C005 | B6: Weighted odds-ratio upper confidence limit in eTable 5 | C6: REPORT joi240078supp2_prod_1739900423.24574.pdf — p. 14, eTable 5, 30-day IPRW OR cell and all five comparator OR cells; method context in REPORT joi240078supp2_prod_1739900423.24574.pdf — the same PDF — p. 5, eAppendix C. | D6: retain | E6: statistical_results | F6: primary_done | G6: =IFERROR(IF(LEN(TRIM(CLEAN(SUBSTITUTE(Setup!$B$2,CHAR(160)," "))))=0,"CHECK REVIEWER ID",IF(OR(A6="",COUNTIF($A$2:$A$6,A6)<>1,LEFT(A6,LEN("2024::jama.2024.11057::"))<>"2024::jama.2024.11057::"),"CHECK KEY",IF(OR(AND(NOT(AND(D6="retain",E6="statistical_results")),H6<>"",NOT(EXACT(H6,"not_applicable"))),AND(NOT(AND(D6="retain",E6="statistical_results")),I6<>"",NOT(EXACT(I6,"not_applicable"))),AND(NOT(AND(D6="retain",E6="statistical_results")),J6<>"",NOT(EXACT(J6,"not_applicable"))),AND(NOT(AND(D6="retain",OR(E6="report_internal_inconsistency",E6="plan_material"))),K6<>"",NOT(EXACT(K6,"not_applicable"))),AND(NOT(AND(D6="retain",E6="protocol_report")),L6<>"",NOT(EXACT(L6,"not_applicable")))),"CLEAR INACTIVE VALUES",IF(OR(NOT(OR(EXACT(D6,"retain"),EXACT(D6,"exclude"),EXACT(D6,"discuss"))),NOT(OR(EXACT(E6,"statistical_results"),EXACT(E6,"report_internal_inconsistency"),EXACT(E6,"plan_material"),EXACT(E6,"protocol_report"))),AND(AND(D6="retain",E6="statistical_results"),NOT(OR(EXACT(H6,"confirmed_issue"),EXACT(H6,"probable_issue"),EXACT(H6,"not_issue"),EXACT(H6,"indeterminate")))),AND(AND(D6="retain",E6="statistical_results"),NOT(OR(EXACT(I6,"substantive"),EXACT(I6,"minor_presentation"),EXACT(I6,"indeterminate")))),AND(AND(D6="retain",E6="statistical_results"),J6<>"",NOT(OR(EXACT(J6,"direct"),EXACT(J6,"possible"),EXACT(J6,"unlikely"),EXACT(J6,"unknown")))),AND(AND(D6="retain",OR(E6="report_internal_inconsistency",E6="plan_material")),NOT(OR(EXACT(K6,"substantive_inconsistency"),EXACT(K6,"minor_presentation"),EXACT(K6,"non_inconsistency"),EXACT(K6,"indeterminate")))),AND(AND(D6="retain",E6="protocol_report"),L6<>"",NOT(OR(EXACT(L6,"substantive_difference"),EXACT(L6,"minor_presentation"),EXACT(L6,"version_timing"),EXACT(L6,"non_inconsistency"),EXACT(L6,"indeterminate"))))),"CHECK FIELDS",IF(AND(F6<>"",NOT(OR(EXACT(F6,"no"),EXACT(F6,"primary_done")))),"CHECK COMPLETE",IF(EXACT(F6,"primary_done"),"PRIMARY READY","PRIMARY DRAFT")))))),"CHECK INPUT / KEY") | H6: confirmed_issue | I6: minor_presentation | J6: unlikely | K6: =IF(AND(OR(D6="retain",D6=""),OR(E6="report_internal_inconsistency",E6="plan_material")),"","not_applicable") | L6: =IF(AND(OR(D6="retain",D6=""),E6="protocol_report"),"","not_applicable") | R6: eTable 5 (supp2 p14) IPRW 30-day OR 1.92 (1.50, 2.24): geometric midpoint of the CI = sqrt(1.50*2.24) = 1.83; the upper limit implied by 1.92 and 1.50 is 1.92^2/1.50 = 2.46. All five other OR rows reproduce (midpoints 1.98, 1.57, 2.65, 2.61, 2.33). The upper limit 2.24 is misprinted; sensitivity analysis only.

Sheet C_jama.2024.12829
A1: Candidate key | B1: Candidate title | C1: Source location | D1: Disposition | E1: Review domain (AI suggestion; editable) | F1: Complete | G1: Validation hint | H1: Statistical_or_numerical issue | I1: Substantiveness | J1: Downstream impact | K1: Report-internal or planning-material inconsistency | L1: Protocol interpretation | R1: Notes (optional)
A2: 2024::jama.2024.12829::C001 | B2: BMI subgroup partition and prespecification | C2: REPORT jama_sun_2024_oi_240088_1746815064.14747.pdf — main p4, Statistical Analysis prespecification sentence, jama_sun_2024_oi_240088_1746815064.14747.pdf — p5, subgroup narrative, and jama_sun_2024_oi_240088_1746815064.14747.pdf — p7, Figure 2, both BMI rows and interaction cell; PLAN joi240088supp2_prod_1746815064.36071.pdf — original protocol p41, line 760, joi240088supp2_prod_1746815064.36071.pdf — final protocol p103, line 1779, joi240088supp2_prod_1746815064.36071.pdf — original SAP p140, line 2358, and joi240088supp2_prod_1746815064.36071.pdf — final SAP p160, line 2768. The original-SAP line locator was clarified to 2358 during screening, before stable registration. | D2: retain | E2: protocol_report | F2: primary_done | G2: =IFERROR(IF(LEN(TRIM(CLEAN(SUBSTITUTE(Setup!$B$2,CHAR(160)," "))))=0,"CHECK REVIEWER ID",IF(OR(A2="",COUNTIF($A$2:$A$8,A2)<>1,LEFT(A2,LEN("2024::jama.2024.12829::"))<>"2024::jama.2024.12829::"),"CHECK KEY",IF(OR(AND(NOT(AND(D2="retain",E2="statistical_results")),H2<>"",NOT(EXACT(H2,"not_applicable"))),AND(NOT(AND(D2="retain",E2="statistical_results")),I2<>"",NOT(EXACT(I2,"not_applicable"))),AND(NOT(AND(D2="retain",E2="statistical_results")),J2<>"",NOT(EXACT(J2,"not_applicable"))),AND(NOT(AND(D2="retain",OR(E2="report_internal_inconsistency",E2="plan_material"))),K2<>"",NOT(EXACT(K2,"not_applicable"))),AND(NOT(AND(D2="retain",E2="protocol_report")),L2<>"",NOT(EXACT(L2,"not_applicable")))),"CLEAR INACTIVE VALUES",IF(OR(NOT(OR(EXACT(D2,"retain"),EXACT(D2,"exclude"),EXACT(D2,"discuss"))),NOT(OR(EXACT(E2,"statistical_results"),EXACT(E2,"report_internal_inconsistency"),EXACT(E2,"plan_material"),EXACT(E2,"protocol_report"))),AND(AND(D2="retain",E2="statistical_results"),NOT(OR(EXACT(H2,"confirmed_issue"),EXACT(H2,"probable_issue"),EXACT(H2,"not_issue"),EXACT(H2,"indeterminate")))),AND(AND(D2="retain",E2="statistical_results"),NOT(OR(EXACT(I2,"substantive"),EXACT(I2,"minor_presentation"),EXACT(I2,"indeterminate")))),AND(AND(D2="retain",E2="statistical_results"),J2<>"",NOT(OR(EXACT(J2,"direct"),EXACT(J2,"possible"),EXACT(J2,"unlikely"),EXACT(J2,"unknown")))),AND(AND(D2="retain",OR(E2="report_internal_inconsistency",E2="plan_material")),NOT(OR(EXACT(K2,"substantive_inconsistency"),EXACT(K2,"minor_presentation"),EXACT(K2,"non_inconsistency"),EXACT(K2,"indeterminate")))),AND(AND(D2="retain",E2="protocol_report"),L2<>"",NOT(OR(EXACT(L2,"substantive_difference"),EXACT(L2,"minor_presentation"),EXACT(L2,"version_timing"),EXACT(L2,"non_inconsistency"),EXACT(L2,"indeterminate"))))),"CHECK FIELDS",IF(AND(F2<>"",NOT(OR(EXACT(F2,"no"),EXACT(F2,"primary_done")))),"CHECK COMPLETE",IF(EXACT(F2,"primary_done"),"PRIMARY READY","PRIMARY DRAFT")))))),"CHECK INPUT / KEY") | H2: =IF(AND(OR(D2="retain",D2=""),E2="statistical_results"),"","not_applicable") | I2: =IF(AND(OR(D2="retain",D2=""),E2="statistical_results"),"","not_applicable") | J2: =IF(AND(OR(D2="retain",D2=""),E2="statistical_results"),"","not_applicable") | K2: =IF(AND(OR(D2="retain",D2=""),OR(E2="report_internal_inconsistency",E2="plan_material")),"","not_applicable") | L2: substantive_difference | R2: All supplied protocol and SAP versions (supp2, original protocol p41 line 760, final protocol p103, both SAPs) specify BMI subgroups <25, 25-30 and >=30 kg/m2. Figure 2 (main p7) reports BMI <25 vs >=25 (HR 0.17 vs 0.48, interaction P=.17), and main p4 says 'All subgroup analyses in the forest plot were prespecified.' The BMI partition differs from the plan and is described as prespecified.
A3: 2024::jama.2024.12829::C002 | B3: Sensitivity-analysis population headers | C3: REPORT jama_sun_2024_oi_240088_1746815064.14747.pdf — main p5, Figure 1 final per-protocol boxes; joi240088supp1_prod_1746815064.21247.pdf — results supplement p20, Table S7 both arm headers, both site totals, and both arms' event rows; joi240088supp1_prod_1746815064.21247.pdf — p21, Table S8 title, both headers, primary row, and all three component rows; joi240088supp1_prod_1746815064.21247.pdf — p23, Table S10 per-protocol section. | D3: retain | E3: statistical_results | F3: primary_done | G3: =IFERROR(IF(LEN(TRIM(CLEAN(SUBSTITUTE(Setup!$B$2,CHAR(160)," "))))=0,"CHECK REVIEWER ID",IF(OR(A3="",COUNTIF($A$2:$A$8,A3)<>1,LEFT(A3,LEN("2024::jama.2024.12829::"))<>"2024::jama.2024.12829::"),"CHECK KEY",IF(OR(AND(NOT(AND(D3="retain",E3="statistical_results")),H3<>"",NOT(EXACT(H3,"not_applicable"))),AND(NOT(AND(D3="retain",E3="statistical_results")),I3<>"",NOT(EXACT(I3,"not_applicable"))),AND(NOT(AND(D3="retain",E3="statistical_results")),J3<>"",NOT(EXACT(J3,"not_applicable"))),AND(NOT(AND(D3="retain",OR(E3="report_internal_inconsistency",E3="plan_material"))),K3<>"",NOT(EXACT(K3,"not_applicable"))),AND(NOT(AND(D3="retain",E3="protocol_report")),L3<>"",NOT(EXACT(L3,"not_applicable")))),"CLEAR INACTIVE VALUES",IF(OR(NOT(OR(EXACT(D3,"retain"),EXACT(D3,"exclude"),EXACT(D3,"discuss"))),NOT(OR(EXACT(E3,"statistical_results"),EXACT(E3,"report_internal_inconsistency"),EXACT(E3,"plan_material"),EXACT(E3,"protocol_report"))),AND(AND(D3="retain",E3="statistical_results"),NOT(OR(EXACT(H3,"confirmed_issue"),EXACT(H3,"probable_issue"),EXACT(H3,"not_issue"),EXACT(H3,"indeterminate")))),AND(AND(D3="retain",E3="statistical_results"),NOT(OR(EXACT(I3,"substantive"),EXACT(I3,"minor_presentation"),EXACT(I3,"indeterminate")))),AND(AND(D3="retain",E3="statistical_results"),J3<>"",NOT(OR(EXACT(J3,"direct"),EXACT(J3,"possible"),EXACT(J3,"unlikely"),EXACT(J3,"unknown")))),AND(AND(D3="retain",OR(E3="report_internal_inconsistency",E3="plan_material")),NOT(OR(EXACT(K3,"substantive_inconsistency"),EXACT(K3,"minor_presentation"),EXACT(K3,"non_inconsistency"),EXACT(K3,"indeterminate")))),AND(AND(D3="retain",E3="protocol_report"),L3<>"",NOT(OR(EXACT(L3,"substantive_difference"),EXACT(L3,"minor_presentation"),EXACT(L3,"version_timing"),EXACT(L3,"non_inconsistency"),EXACT(L3,"indeterminate"))))),"CHECK FIELDS",IF(AND(F3<>"",NOT(OR(EXACT(F3,"no"),EXACT(F3,"primary_done")))),"CHECK COMPLETE",IF(EXACT(F3,"primary_done"),"PRIMARY READY","PRIMARY DRAFT")))))),"CHECK INPUT / KEY") | H3: confirmed_issue | I3: minor_presentation | J3: possible | K3: =IF(AND(OR(D3="retain",D3=""),OR(E3="report_internal_inconsistency",E3="plan_material")),"","not_applicable") | L3: =IF(AND(OR(D3="retain",D3=""),E3="protocol_report"),"","not_applicable") | R3: Arm headers appear swapped between Tables S7 and S8 (supp1 p20-21). S7 headers say 233/238 (per-protocol) but its site totals 256+245 = 501 and events 4+7 = 11 and 19+15 = 34 match the primary population (249/252). S8 (per-protocol) headers say 249/252, but 9 (3.9%) = 9/233 and 33 (13.9%) = 33/238 match the per-protocol sizes in Figure 1 and Table S10.
A4: 2024::jama.2024.12829::C003 | B4: Center-adjusted primary event count | C4: REPORT jama_sun_2024_oi_240088_1746815064.14747.pdf — main p7, Figure 2 overall row, jama_sun_2024_oi_240088_1746815064.14747.pdf — p8, Table 2 primary row, arm headers, and first-event footnote, jama_sun_2024_oi_240088_1746815064.14747.pdf — p6, adjusted-result narrative; joi240088supp1_prod_1746815064.21247.pdf — results supplement p19, Table S6 primary row, headers, full endpoint, and adjustment footnotes. joi240088supp1_prod_1746815064.21247.pdf — Supplement p21, Table S8 is an alternative-population locator only. | D4: retain | E4: statistical_results | F4: primary_done | G4: =IFERROR(IF(LEN(TRIM(CLEAN(SUBSTITUTE(Setup!$B$2,CHAR(160)," "))))=0,"CHECK REVIEWER ID",IF(OR(A4="",COUNTIF($A$2:$A$8,A4)<>1,LEFT(A4,LEN("2024::jama.2024.12829::"))<>"2024::jama.2024.12829::"),"CHECK KEY",IF(OR(AND(NOT(AND(D4="retain",E4="statistical_results")),H4<>"",NOT(EXACT(H4,"not_applicable"))),AND(NOT(AND(D4="retain",E4="statistical_results")),I4<>"",NOT(EXACT(I4,"not_applicable"))),AND(NOT(AND(D4="retain",E4="statistical_results")),J4<>"",NOT(EXACT(J4,"not_applicable"))),AND(NOT(AND(D4="retain",OR(E4="report_internal_inconsistency",E4="plan_material"))),K4<>"",NOT(EXACT(K4,"not_applicable"))),AND(NOT(AND(D4="retain",E4="protocol_report")),L4<>"",NOT(EXACT(L4,"not_applicable")))),"CLEAR INACTIVE VALUES",IF(OR(NOT(OR(EXACT(D4,"retain"),EXACT(D4,"exclude"),EXACT(D4,"discuss"))),NOT(OR(EXACT(E4,"statistical_results"),EXACT(E4,"report_internal_inconsistency"),EXACT(E4,"plan_material"),EXACT(E4,"protocol_report"))),AND(AND(D4="retain",E4="statistical_results"),NOT(OR(EXACT(H4,"confirmed_issue"),EXACT(H4,"probable_issue"),EXACT(H4,"not_issue"),EXACT(H4,"indeterminate")))),AND(AND(D4="retain",E4="statistical_results"),NOT(OR(EXACT(I4,"substantive"),EXACT(I4,"minor_presentation"),EXACT(I4,"indeterminate")))),AND(AND(D4="retain",E4="statistical_results"),J4<>"",NOT(OR(EXACT(J4,"direct"),EXACT(J4,"possible"),EXACT(J4,"unlikely"),EXACT(J4,"unknown")))),AND(AND(D4="retain",OR(E4="report_internal_inconsistency",E4="plan_material")),NOT(OR(EXACT(K4,"substantive_inconsistency"),EXACT(K4,"minor_presentation"),EXACT(K4,"non_inconsistency"),EXACT(K4,"indeterminate")))),AND(AND(D4="retain",E4="protocol_report"),L4<>"",NOT(OR(EXACT(L4,"substantive_difference"),EXACT(L4,"minor_presentation"),EXACT(L4,"version_timing"),EXACT(L4,"non_inconsistency"),EXACT(L4,"indeterminate"))))),"CHECK FIELDS",IF(AND(F4<>"",NOT(OR(EXACT(F4,"no"),EXACT(F4,"primary_done")))),"CHECK COMPLETE",IF(EXACT(F4,"primary_done"),"PRIMARY READY","PRIMARY DRAFT")))))),"CHECK INPUT / KEY") | H4: confirmed_issue | I4: minor_presentation | J4: unlikely | K4: =IF(AND(OR(D4="retain",D4=""),OR(E4="report_internal_inconsistency",E4="plan_material")),"","not_applicable") | L4: =IF(AND(OR(D4="retain",D4=""),E4="protocol_report"),"","not_applicable") | R4: Table S6 (center-adjusted, supp1 p19) gives BA 9 (3.9%) with n=249, while the primary displays give 11 (4.4%). 9/249 = 3.6%, so 9 (3.9) is not self-consistent; it equals the per-protocol BA cell of Table S8 (9/233 = 3.86%). AMM 34 (13.5) matches the primary. The BA cell appears copied from the per-protocol table; the adjusted HR 0.32 (0.16-0.62) is close to the primary.
A5: 2024::jama.2024.12829::C004 | B5: Outside-territory stroke difference interval | C5: REPORT jama_sun_2024_oi_240088_1746815064.14747.pdf — main p8, Table 2 one-year outside-territory stroke row, all count/difference/HR/P cells; jama_sun_2024_oi_240088_1746815064.14747.pdf — p4, Statistical Analysis confidence and significance conventions. | D5: retain | E5: statistical_results | F5: primary_done | G5: =IFERROR(IF(LEN(TRIM(CLEAN(SUBSTITUTE(Setup!$B$2,CHAR(160)," "))))=0,"CHECK REVIEWER ID",IF(OR(A5="",COUNTIF($A$2:$A$8,A5)<>1,LEFT(A5,LEN("2024::jama.2024.12829::"))<>"2024::jama.2024.12829::"),"CHECK KEY",IF(OR(AND(NOT(AND(D5="retain",E5="statistical_results")),H5<>"",NOT(EXACT(H5,"not_applicable"))),AND(NOT(AND(D5="retain",E5="statistical_results")),I5<>"",NOT(EXACT(I5,"not_applicable"))),AND(NOT(AND(D5="retain",E5="statistical_results")),J5<>"",NOT(EXACT(J5,"not_applicable"))),AND(NOT(AND(D5="retain",OR(E5="report_internal_inconsistency",E5="plan_material"))),K5<>"",NOT(EXACT(K5,"not_applicable"))),AND(NOT(AND(D5="retain",E5="protocol_report")),L5<>"",NOT(EXACT(L5,"not_applicable")))),"CLEAR INACTIVE VALUES",IF(OR(NOT(OR(EXACT(D5,"retain"),EXACT(D5,"exclude"),EXACT(D5,"discuss"))),NOT(OR(EXACT(E5,"statistical_results"),EXACT(E5,"report_internal_inconsistency"),EXACT(E5,"plan_material"),EXACT(E5,"protocol_report"))),AND(AND(D5="retain",E5="statistical_results"),NOT(OR(EXACT(H5,"confirmed_issue"),EXACT(H5,"probable_issue"),EXACT(H5,"not_issue"),EXACT(H5,"indeterminate")))),AND(AND(D5="retain",E5="statistical_results"),NOT(OR(EXACT(I5,"substantive"),EXACT(I5,"minor_presentation"),EXACT(I5,"indeterminate")))),AND(AND(D5="retain",E5="statistical_results"),J5<>"",NOT(OR(EXACT(J5,"direct"),EXACT(J5,"possible"),EXACT(J5,"unlikely"),EXACT(J5,"unknown")))),AND(AND(D5="retain",OR(E5="report_internal_inconsistency",E5="plan_material")),NOT(OR(EXACT(K5,"substantive_inconsistency"),EXACT(K5,"minor_presentation"),EXACT(K5,"non_inconsistency"),EXACT(K5,"indeterminate")))),AND(AND(D5="retain",E5="protocol_report"),L5<>"",NOT(OR(EXACT(L5,"substantive_difference"),EXACT(L5,"minor_presentation"),EXACT(L5,"version_timing"),EXACT(L5,"non_inconsistency"),EXACT(L5,"indeterminate"))))),"CHECK FIELDS",IF(AND(F5<>"",NOT(OR(EXACT(F5,"no"),EXACT(F5,"primary_done")))),"CHECK COMPLETE",IF(EXACT(F5,"primary_done"),"PRIMARY READY","PRIMARY DRAFT")))))),"CHECK INPUT / KEY") | H5: confirmed_issue | I5: minor_presentation | J5: unlikely | K5: =IF(AND(OR(D5="retain",D5=""),OR(E5="report_internal_inconsistency",E5="plan_material")),"","not_applicable") | L5: =IF(AND(OR(D5="retain",D5=""),E5="protocol_report"),"","not_applicable") | R5: Table 2 (main p8): outside-territory stroke within 1 year, 3/249 vs 4/252, incidence difference -0.4 (95% CI -2.4 to -1.7) with P=.72; the point lies outside the interval and the interval excludes 0. Wald recomputation gives -0.38 (-2.44 to 1.67); the upper limit's sign is misprinted. All other incidence-difference CIs in Table 2 reproduce (e.g., primary -9.07, -14.0 to -4.14).
A6: 2024::jama.2024.12829::C005 | B6: Ninety-day mRS count and percentage | C6: REPORT joi240088supp1_prod_1746815064.21247.pdf — results supplement p13, Figure S4 BA header, all seven category annotations and mRS 2 leader. jama_sun_2024_oi_240088_1746815064.14747.pdf — Main p8, 90-day mRS generalized-OR row and footnote is corroborative only. | D6: retain | E6: statistical_results | F6: primary_done | G6: =IFERROR(IF(LEN(TRIM(CLEAN(SUBSTITUTE(Setup!$B$2,CHAR(160)," "))))=0,"CHECK REVIEWER ID",IF(OR(A6="",COUNTIF($A$2:$A$8,A6)<>1,LEFT(A6,LEN("2024::jama.2024.12829::"))<>"2024::jama.2024.12829::"),"CHECK KEY",IF(OR(AND(NOT(AND(D6="retain",E6="statistical_results")),H6<>"",NOT(EXACT(H6,"not_applicable"))),AND(NOT(AND(D6="retain",E6="statistical_results")),I6<>"",NOT(EXACT(I6,"not_applicable"))),AND(NOT(AND(D6="retain",E6="statistical_results")),J6<>"",NOT(EXACT(J6,"not_applicable"))),AND(NOT(AND(D6="retain",OR(E6="report_internal_inconsistency",E6="plan_material"))),K6<>"",NOT(EXACT(K6,"not_applicable"))),AND(NOT(AND(D6="retain",E6="protocol_report")),L6<>"",NOT(EXACT(L6,"not_applicable")))),"CLEAR INACTIVE VALUES",IF(OR(NOT(OR(EXACT(D6,"retain"),EXACT(D6,"exclude"),EXACT(D6,"discuss"))),NOT(OR(EXACT(E6,"statistical_results"),EXACT(E6,"report_internal_inconsistency"),EXACT(E6,"plan_material"),EXACT(E6,"protocol_report"))),AND(AND(D6="retain",E6="statistical_results"),NOT(OR(EXACT(H6,"confirmed_issue"),EXACT(H6,"probable_issue"),EXACT(H6,"not_issue"),EXACT(H6,"indeterminate")))),AND(AND(D6="retain",E6="statistical_results"),NOT(OR(EXACT(I6,"substantive"),EXACT(I6,"minor_presentation"),EXACT(I6,"indeterminate")))),AND(AND(D6="retain",E6="statistical_results"),J6<>"",NOT(OR(EXACT(J6,"direct"),EXACT(J6,"possible"),EXACT(J6,"unlikely"),EXACT(J6,"unknown")))),AND(AND(D6="retain",OR(E6="report_internal_inconsistency",E6="plan_material")),NOT(OR(EXACT(K6,"substantive_inconsistency"),EXACT(K6,"minor_presentation"),EXACT(K6,"non_inconsistency"),EXACT(K6,"indeterminate")))),AND(AND(D6="retain",E6="protocol_report"),L6<>"",NOT(OR(EXACT(L6,"substantive_difference"),EXACT(L6,"minor_presentation"),EXACT(L6,"version_timing"),EXACT(L6,"non_inconsistency"),EXACT(L6,"indeterminate"))))),"CHECK FIELDS",IF(AND(F6<>"",NOT(OR(EXACT(F6,"no"),EXACT(F6,"primary_done")))),"CHECK COMPLETE",IF(EXACT(F6,"primary_done"),"PRIMARY READY","PRIMARY DRAFT")))))),"CHECK INPUT / KEY") | H6: confirmed_issue | I6: minor_presentation | J6: unlikely | K6: =IF(AND(OR(D6="retain",D6=""),OR(E6="report_internal_inconsistency",E6="plan_material")),"","not_applicable") | L6: =IF(AND(OR(D6="retain",D6=""),E6="protocol_report"),"","not_applicable") | R6: Figure S4 (supp1 p13, rendered): BA group mRS 2 at 90 days labeled '2.0 (N=50)'. Category counts 205+36+50+2+0+0+1 = 294 > 249; with N=5 the total is 249 and 5/249 = 2.0%. Count label misprinted (5 shown as 50).
A7: 2024::jama.2024.12829::C006 | B7: Safety-test specification | C7: PLAN joi240088supp2_prod_1746815064.36071.pdf — original SAP p142, §12.4, lines 2387–2390, joi240088supp2_prod_1746815064.36071.pdf — final SAP p162, lines 2801–2806; REPORT joi240088supp1_prod_1746815064.21247.pdf — results supplement p24, Table S11 overall, nervous-system, and disabling-stroke rows, superscripts c/d and both test footnotes. jama_sun_2024_oi_240088_1746815064.14747.pdf — Main p6, disabling-stroke narrative corroborates the reported result only. | D7: retain | E7: statistical_results | F7: primary_done | G7: =IFERROR(IF(LEN(TRIM(CLEAN(SUBSTITUTE(Setup!$B$2,CHAR(160)," "))))=0,"CHECK REVIEWER ID",IF(OR(A7="",COUNTIF($A$2:$A$8,A7)<>1,LEFT(A7,LEN("2024::jama.2024.12829::"))<>"2024::jama.2024.12829::"),"CHECK KEY",IF(OR(AND(NOT(AND(D7="retain",E7="statistical_results")),H7<>"",NOT(EXACT(H7,"not_applicable"))),AND(NOT(AND(D7="retain",E7="statistical_results")),I7<>"",NOT(EXACT(I7,"not_applicable"))),AND(NOT(AND(D7="retain",E7="statistical_results")),J7<>"",NOT(EXACT(J7,"not_applicable"))),AND(NOT(AND(D7="retain",OR(E7="report_internal_inconsistency",E7="plan_material"))),K7<>"",NOT(EXACT(K7,"not_applicable"))),AND(NOT(AND(D7="retain",E7="protocol_report")),L7<>"",NOT(EXACT(L7,"not_applicable")))),"CLEAR INACTIVE VALUES",IF(OR(NOT(OR(EXACT(D7,"retain"),EXACT(D7,"exclude"),EXACT(D7,"discuss"))),NOT(OR(EXACT(E7,"statistical_results"),EXACT(E7,"report_internal_inconsistency"),EXACT(E7,"plan_material"),EXACT(E7,"protocol_report"))),AND(AND(D7="retain",E7="statistical_results"),NOT(OR(EXACT(H7,"confirmed_issue"),EXACT(H7,"probable_issue"),EXACT(H7,"not_issue"),EXACT(H7,"indeterminate")))),AND(AND(D7="retain",E7="statistical_results"),NOT(OR(EXACT(I7,"substantive"),EXACT(I7,"minor_presentation"),EXACT(I7,"indeterminate")))),AND(AND(D7="retain",E7="statistical_results"),J7<>"",NOT(OR(EXACT(J7,"direct"),EXACT(J7,"possible"),EXACT(J7,"unlikely"),EXACT(J7,"unknown")))),AND(AND(D7="retain",OR(E7="report_internal_inconsistency",E7="plan_material")),NOT(OR(EXACT(K7,"substantive_inconsistency"),EXACT(K7,"minor_presentation"),EXACT(K7,"non_inconsistency"),EXACT(K7,"indeterminate")))),AND(AND(D7="retain",E7="protocol_report"),L7<>"",NOT(OR(EXACT(L7,"substantive_difference"),EXACT(L7,"minor_presentation"),EXACT(L7,"version_timing"),EXACT(L7,"non_inconsistency"),EXACT(L7,"indeterminate"))))),"CHECK FIELDS",IF(AND(F7<>"",NOT(OR(EXACT(F7,"no"),EXACT(F7,"primary_done")))),"CHECK COMPLETE",IF(EXACT(F7,"primary_done"),"PRIMARY READY","PRIMARY DRAFT")))))),"CHECK INPUT / KEY") | H7: probable_issue | I7: minor_presentation | J7: unlikely | K7: =IF(AND(OR(D7="retain",D7=""),OR(E7="report_internal_inconsistency",E7="plan_material")),"","not_applicable") | L7: =IF(AND(OR(D7="retain",D7=""),E7="protocol_report"),"","not_applicable") | R7: E changed from protocol_report: both SAPs specify Fisher's exact test for grouped AEs, and Table S11 (supp1 p24) labels three rows 'Chi-square' (footnote c), but the printed P values (.84, .35, .02) reproduce exactly with Fisher's test (0.841, 0.350, 0.020), not Pearson (0.710, 0.253, 0.013) or Yates (0.865, 0.363, 0.023). The method actually used appears to match the plan; the footnote label is likely wrong.
A8: 2024::jama.2024.12829::C007 | B8: Original planned event forecast | C8: PLAN joi240088supp2_prod_1746815064.36071.pdf — original protocol p11, sample-size synopsis, joi240088supp2_prod_1746815064.36071.pdf — p12, 728→802 expansion and follow-up, joi240088supp2_prod_1746815064.36071.pdf — p18, twelve-month primary hypothesis and 1:1 allocation, joi240088supp2_prod_1746815064.36071.pdf — p40, original statistical section and sample-size opening, joi240088supp2_prod_1746815064.36071.pdf — p41, detailed sample-size continuation. jama_sun_2024_oi_240088_1746815064.14747.pdf — Main p3, original 802 design history is corroborative only. joi240088supp2_prod_1746815064.36071.pdf — PLAN p126, later 802→512 amendment establishes the revised-design boundary. | D8: exclude | E8: plan_material | F8: primary_done | G8: =IFERROR(IF(LEN(TRIM(CLEAN(SUBSTITUTE(Setup!$B$2,CHAR(160)," "))))=0,"CHECK REVIEWER ID",IF(OR(A8="",COUNTIF($A$2:$A$8,A8)<>1,LEFT(A8,LEN("2024::jama.2024.12829::"))<>"2024::jama.2024.12829::"),"CHECK KEY",IF(OR(AND(NOT(AND(D8="retain",E8="statistical_results")),H8<>"",NOT(EXACT(H8,"not_applicable"))),AND(NOT(AND(D8="retain",E8="statistical_results")),I8<>"",NOT(EXACT(I8,"not_applicable"))),AND(NOT(AND(D8="retain",E8="statistical_results")),J8<>"",NOT(EXACT(J8,"not_applicable"))),AND(NOT(AND(D8="retain",OR(E8="report_internal_inconsistency",E8="plan_material"))),K8<>"",NOT(EXACT(K8,"not_applicable"))),AND(NOT(AND(D8="retain",E8="protocol_report")),L8<>"",NOT(EXACT(L8,"not_applicable")))),"CLEAR INACTIVE VALUES",IF(OR(NOT(OR(EXACT(D8,"retain"),EXACT(D8,"exclude"),EXACT(D8,"discuss"))),NOT(OR(EXACT(E8,"statistical_results"),EXACT(E8,"report_internal_inconsistency"),EXACT(E8,"plan_material"),EXACT(E8,"protocol_report"))),AND(AND(D8="retain",E8="statistical_results"),NOT(OR(EXACT(H8,"confirmed_issue"),EXACT(H8,"probable_issue"),EXACT(H8,"not_issue"),EXACT(H8,"indeterminate")))),AND(AND(D8="retain",E8="statistical_results"),NOT(OR(EXACT(I8,"substantive"),EXACT(I8,"minor_presentation"),EXACT(I8,"indeterminate")))),AND(AND(D8="retain",E8="statistical_results"),J8<>"",NOT(OR(EXACT(J8,"direct"),EXACT(J8,"possible"),EXACT(J8,"unlikely"),EXACT(J8,"unknown")))),AND(AND(D8="retain",OR(E8="report_internal_inconsistency",E8="plan_material")),NOT(OR(EXACT(K8,"substantive_inconsistency"),EXACT(K8,"minor_presentation"),EXACT(K8,"non_inconsistency"),EXACT(K8,"indeterminate")))),AND(AND(D8="retain",E8="protocol_report"),L8<>"",NOT(OR(EXACT(L8,"substantive_difference"),EXACT(L8,"minor_presentation"),EXACT(L8,"version_timing"),EXACT(L8,"non_inconsistency"),EXACT(L8,"indeterminate"))))),"CHECK FIELDS",IF(AND(F8<>"",NOT(OR(EXACT(F8,"no"),EXACT(F8,"primary_done")))),"CHECK COMPLETE",IF(EXACT(F8,"primary_done"),"PRIMARY READY","PRIMARY DRAFT")))))),"CHECK INPUT / KEY") | H8: =IF(AND(OR(D8="retain",D8=""),E8="statistical_results"),"","not_applicable") | I8: =IF(AND(OR(D8="retain",D8=""),E8="statistical_results"),"","not_applicable") | J8: =IF(AND(OR(D8="retain",D8=""),E8="statistical_results"),"","not_applicable") | K8: =IF(AND(OR(D8="retain",D8=""),OR(E8="report_internal_inconsistency",E8="plan_material")),"","not_applicable") | L8: =IF(AND(OR(D8="retain",D8=""),E8="protocol_report"),"","not_applicable") | R8: Original protocol V2.0 (supp2 p11, p41): 686 patients and 91 events. 91 equals the Schoenfeld event count for 90% power (90.3), whereas 686 with 12.2%/6.25% one-year risks yields about 63 events, consistent with the 80% power stated on p41 (67 events required). The original design is internally loose (90% vs 80%), but it was superseded by the final V2.3 design of 512 patients with new assumptions, which the reported analysis uses.

Sheet C_jama.2024.19585
A1: Candidate key | B1: Candidate title | C1: Source location | D1: Disposition | E1: Review domain (AI suggestion; editable) | F1: Complete | G1: Validation hint | H1: Statistical_or_numerical issue | I1: Substantiveness | J1: Downstream impact | K1: Report-internal or planning-material inconsistency | L1: Protocol interpretation | R1: Notes (optional)
A2: 2024::jama.2024.19585::C001 | B2: ED absolute-effect interval and separately adjusted test give different null-value readings | C2: REPORT jama_dupuis_2024_oi_240111_1733431204.38761.pdf — DOC-001 p. 9 Table 3 ED row and footnote b; REPORT jama_dupuis_2024_oi_240111_1733431204.38761.pdf — p. 4 significance rule; corroborating REPORT jama_dupuis_2024_oi_240111_1733431204.38761.pdf — p. 1 abstract, jama_dupuis_2024_oi_240111_1733431204.38761.pdf — p. 6 ED narrative, and joi240111supp2_prod_1733431204.76024.pdf — DOC-003 p. 17 eTable 12 Poisson ED result. | D2: exclude | E2: statistical_results | F2: primary_done | G2: =IFERROR(IF(LEN(TRIM(CLEAN(SUBSTITUTE(Setup!$B$2,CHAR(160)," "))))=0,"CHECK REVIEWER ID",IF(OR(A2="",COUNTIF($A$2:$A$8,A2)<>1,LEFT(A2,LEN("2024::jama.2024.19585::"))<>"2024::jama.2024.19585::"),"CHECK KEY",IF(OR(AND(NOT(AND(D2="retain",E2="statistical_results")),H2<>"",NOT(EXACT(H2,"not_applicable"))),AND(NOT(AND(D2="retain",E2="statistical_results")),I2<>"",NOT(EXACT(I2,"not_applicable"))),AND(NOT(AND(D2="retain",E2="statistical_results")),J2<>"",NOT(EXACT(J2,"not_applicable"))),AND(NOT(AND(D2="retain",OR(E2="report_internal_inconsistency",E2="plan_material"))),K2<>"",NOT(EXACT(K2,"not_applicable"))),AND(NOT(AND(D2="retain",E2="protocol_report")),L2<>"",NOT(EXACT(L2,"not_applicable")))),"CLEAR INACTIVE VALUES",IF(OR(NOT(OR(EXACT(D2,"retain"),EXACT(D2,"exclude"),EXACT(D2,"discuss"))),NOT(OR(EXACT(E2,"statistical_results"),EXACT(E2,"report_internal_inconsistency"),EXACT(E2,"plan_material"),EXACT(E2,"protocol_report"))),AND(AND(D2="retain",E2="statistical_results"),NOT(OR(EXACT(H2,"confirmed_issue"),EXACT(H2,"probable_issue"),EXACT(H2,"not_issue"),EXACT(H2,"indeterminate")))),AND(AND(D2="retain",E2="statistical_results"),NOT(OR(EXACT(I2,"substantive"),EXACT(I2,"minor_presentation"),EXACT(I2,"indeterminate")))),AND(AND(D2="retain",E2="statistical_results"),J2<>"",NOT(OR(EXACT(J2,"direct"),EXACT(J2,"possible"),EXACT(J2,"unlikely"),EXACT(J2,"unknown")))),AND(AND(D2="retain",OR(E2="report_internal_inconsistency",E2="plan_material")),NOT(OR(EXACT(K2,"substantive_inconsistency"),EXACT(K2,"minor_presentation"),EXACT(K2,"non_inconsistency"),EXACT(K2,"indeterminate")))),AND(AND(D2="retain",E2="protocol_report"),L2<>"",NOT(OR(EXACT(L2,"substantive_difference"),EXACT(L2,"minor_presentation"),EXACT(L2,"version_timing"),EXACT(L2,"non_inconsistency"),EXACT(L2,"indeterminate"))))),"CHECK FIELDS",IF(AND(F2<>"",NOT(OR(EXACT(F2,"no"),EXACT(F2,"primary_done")))),"CHECK COMPLETE",IF(EXACT(F2,"primary_done"),"PRIMARY READY","PRIMARY DRAFT")))))),"CHECK INPUT / KEY") | H2: =IF(AND(OR(D2="retain",D2=""),E2="statistical_results"),"","not_applicable") | I2: =IF(AND(OR(D2="retain",D2=""),E2="statistical_results"),"","not_applicable") | J2: =IF(AND(OR(D2="retain",D2=""),E2="statistical_results"),"","not_applicable") | K2: =IF(AND(OR(D2="retain",D2=""),OR(E2="report_internal_inconsistency",E2="plan_material")),"","not_applicable") | L2: =IF(AND(OR(D2="retain",D2=""),E2="protocol_report"),"","not_applicable") | R2: Table 3 (main p9) ED visits: absolute difference 3.38 per 100 patient-weeks (95% CrI -0.57 to 7.94) and RR 1.72 (95% CI 1.03-2.87), P=.04. Footnote b states the two come from different models (RR: Poisson with site random effect plus 2 stratification variables; absolute difference: marginalized model with treatment and site only, Bayesian CrI). Different models and inferential frameworks; no contradiction.
A3: 2024::jama.2024.19585::C002 | B3: Triggered primary total-score ordinal sensitivity is absent from the supplied report | C3: PLAN joi240111supp1_prod_1733431204.57929.pdf — DOC-002 p. 11 final protocol primary analysis, joi240111supp1_prod_1733431204.57929.pdf — p. 36 SAP primary analysis, joi240111supp1_prod_1733431204.57929.pdf — p. 31 amendment history; REPORT jama_dupuis_2024_oi_240111_1733431204.38761.pdf — DOC-001 p. 3 primary methods, jama_dupuis_2024_oi_240111_1733431204.38761.pdf — p. 4 sensitivities, joi240111supp2_prod_1733431204.76024.pdf — DOC-003 p. 18 eFigure 1 item 2, joi240111supp2_prod_1733431204.76024.pdf — p. 19 other sensitivities. Absence check covers DOC-001 pp. 1–11 and DOC-003 pp. 1–23, as mapped and independently searched. | D3: retain | E3: protocol_report | F3: primary_done | G3: =IFERROR(IF(LEN(TRIM(CLEAN(SUBSTITUTE(Setup!$B$2,CHAR(160)," "))))=0,"CHECK REVIEWER ID",IF(OR(A3="",COUNTIF($A$2:$A$8,A3)<>1,LEFT(A3,LEN("2024::jama.2024.19585::"))<>"2024::jama.2024.19585::"),"CHECK KEY",IF(OR(AND(NOT(AND(D3="retain",E3="statistical_results")),H3<>"",NOT(EXACT(H3,"not_applicable"))),AND(NOT(AND(D3="retain",E3="statistical_results")),I3<>"",NOT(EXACT(I3,"not_applicable"))),AND(NOT(AND(D3="retain",E3="statistical_results")),J3<>"",NOT(EXACT(J3,"not_applicable"))),AND(NOT(AND(D3="retain",OR(E3="report_internal_inconsistency",E3="plan_material"))),K3<>"",NOT(EXACT(K3,"not_applicable"))),AND(NOT(AND(D3="retain",E3="protocol_report")),L3<>"",NOT(EXACT(L3,"not_applicable")))),"CLEAR INACTIVE VALUES",IF(OR(NOT(OR(EXACT(D3,"retain"),EXACT(D3,"exclude"),EXACT(D3,"discuss"))),NOT(OR(EXACT(E3,"statistical_results"),EXACT(E3,"report_internal_inconsistency"),EXACT(E3,"plan_material"),EXACT(E3,"protocol_report"))),AND(AND(D3="retain",E3="statistical_results"),NOT(OR(EXACT(H3,"confirmed_issue"),EXACT(H3,"probable_issue"),EXACT(H3,"not_issue"),EXACT(H3,"indeterminate")))),AND(AND(D3="retain",E3="statistical_results"),NOT(OR(EXACT(I3,"substantive"),EXACT(I3,"minor_presentation"),EXACT(I3,"indeterminate")))),AND(AND(D3="retain",E3="statistical_results"),J3<>"",NOT(OR(EXACT(J3,"direct"),EXACT(J3,"possible"),EXACT(J3,"unlikely"),EXACT(J3,"unknown")))),AND(AND(D3="retain",OR(E3="report_internal_inconsistency",E3="plan_material")),NOT(OR(EXACT(K3,"substantive_inconsistency"),EXACT(K3,"minor_presentation"),EXACT(K3,"non_inconsistency"),EXACT(K3,"indeterminate")))),AND(AND(D3="retain",E3="protocol_report"),L3<>"",NOT(OR(EXACT(L3,"substantive_difference"),EXACT(L3,"minor_presentation"),EXACT(L3,"version_timing"),EXACT(L3,"non_inconsistency"),EXACT(L3,"indeterminate"))))),"CHECK FIELDS",IF(AND(F3<>"",NOT(OR(EXACT(F3,"no"),EXACT(F3,"primary_done")))),"CHECK COMPLETE",IF(EXACT(F3,"primary_done"),"PRIMARY READY","PRIMARY DRAFT")))))),"CHECK INPUT / KEY") | H3: =IF(AND(OR(D3="retain",D3=""),E3="statistical_results"),"","not_applicable") | I3: =IF(AND(OR(D3="retain",D3=""),E3="statistical_results"),"","not_applicable") | J3: =IF(AND(OR(D3="retain",D3=""),E3="statistical_results"),"","not_applicable") | K3: =IF(AND(OR(D3="retain",D3=""),OR(E3="report_internal_inconsistency",E3="plan_material")),"","not_applicable") | L3: substantive_difference | R3: Final protocol (supp1 p11) and SAP (p36) require two sensitivity analyses if primary-model residuals deviate substantially from normality: a normalizing transformation and an ordinal regression model. eFigure 1 (supp2 p18) reports residuals 'clearly non-normal, right-skewed' and gives only the square-root analysis (-0.7, -1.1 to -0.3). The triggered ordinal analysis is not reported in the main article or supplement.
A4: 2024::jama.2024.19585::C003 | B4: Explicitly planned week-4 symptom and chart-outcome comparisons are not supplied | C4: PLAN joi240111supp1_prod_1733431204.57929.pdf — DOC-002 p. 11 final protocol secondary items 1–4, joi240111supp1_prod_1733431204.57929.pdf — p. 12 item 5, joi240111supp1_prod_1733431204.57929.pdf — p. 34 PRO definitions, joi240111supp1_prod_1733431204.57929.pdf — p. 35 chart endpoints, joi240111supp1_prod_1733431204.57929.pdf — p. 36 symptom models, joi240111supp1_prod_1733431204.57929.pdf — p. 37 secondary models; REPORT jama_dupuis_2024_oi_240111_1733431204.38761.pdf — DOC-001 p. 1 abstract, jama_dupuis_2024_oi_240111_1733431204.38761.pdf — p. 4 analyses/results, jama_dupuis_2024_oi_240111_1733431204.38761.pdf — p. 7 Table 2; REPORT joi240111supp2_prod_1733431204.76024.pdf — DOC-003 p. 12 eTable 9, joi240111supp2_prod_1733431204.76024.pdf — p. 13 eTable 10, joi240111supp2_prod_1733431204.76024.pdf — p. 14 eTable 10, joi240111supp2_prod_1733431204.76024.pdf — p. 15 eTable 10, joi240111supp2_prod_1733431204.76024.pdf — p. 20 eFigure 2, joi240111supp2_prod_1733431204.76024.pdf — p. 21 eFigure 3. Complete absence search: all supplied REPORT pages. | D4: retain | E4: protocol_report | F4: primary_done | G4: =IFERROR(IF(LEN(TRIM(CLEAN(SUBSTITUTE(Setup!$B$2,CHAR(160)," "))))=0,"CHECK REVIEWER ID",IF(OR(A4="",COUNTIF($A$2:$A$8,A4)<>1,LEFT(A4,LEN("2024::jama.2024.19585::"))<>"2024::jama.2024.19585::"),"CHECK KEY",IF(OR(AND(NOT(AND(D4="retain",E4="statistical_results")),H4<>"",NOT(EXACT(H4,"not_applicable"))),AND(NOT(AND(D4="retain",E4="statistical_results")),I4<>"",NOT(EXACT(I4,"not_applicable"))),AND(NOT(AND(D4="retain",E4="statistical_results")),J4<>"",NOT(EXACT(J4,"not_applicable"))),AND(NOT(AND(D4="retain",OR(E4="report_internal_inconsistency",E4="plan_material"))),K4<>"",NOT(EXACT(K4,"not_applicable"))),AND(NOT(AND(D4="retain",E4="protocol_report")),L4<>"",NOT(EXACT(L4,"not_applicable")))),"CLEAR INACTIVE VALUES",IF(OR(NOT(OR(EXACT(D4,"retain"),EXACT(D4,"exclude"),EXACT(D4,"discuss"))),NOT(OR(EXACT(E4,"statistical_results"),EXACT(E4,"report_internal_inconsistency"),EXACT(E4,"plan_material"),EXACT(E4,"protocol_report"))),AND(AND(D4="retain",E4="statistical_results"),NOT(OR(EXACT(H4,"confirmed_issue"),EXACT(H4,"probable_issue"),EXACT(H4,"not_issue"),EXACT(H4,"indeterminate")))),AND(AND(D4="retain",E4="statistical_results"),NOT(OR(EXACT(I4,"substantive"),EXACT(I4,"minor_presentation"),EXACT(I4,"indeterminate")))),AND(AND(D4="retain",E4="statistical_results"),J4<>"",NOT(OR(EXACT(J4,"direct"),EXACT(J4,"possible"),EXACT(J4,"unlikely"),EXACT(J4,"unknown")))),AND(AND(D4="retain",OR(E4="report_internal_inconsistency",E4="plan_material")),NOT(OR(EXACT(K4,"substantive_inconsistency"),EXACT(K4,"minor_presentation"),EXACT(K4,"non_inconsistency"),EXACT(K4,"indeterminate")))),AND(AND(D4="retain",E4="protocol_report"),L4<>"",NOT(OR(EXACT(L4,"substantive_difference"),EXACT(L4,"minor_presentation"),EXACT(L4,"version_timing"),EXACT(L4,"non_inconsistency"),EXACT(L4,"indeterminate"))))),"CHECK FIELDS",IF(AND(F4<>"",NOT(OR(EXACT(F4,"no"),EXACT(F4,"primary_done")))),"CHECK COMPLETE",IF(EXACT(F4,"primary_done"),"PRIMARY READY","PRIMARY DRAFT")))))),"CHECK INPUT / KEY") | H4: =IF(AND(OR(D4="retain",D4=""),E4="statistical_results"),"","not_applicable") | I4: =IF(AND(OR(D4="retain",D4=""),E4="statistical_results"),"","not_applicable") | J4: =IF(AND(OR(D4="retain",D4=""),E4="statistical_results"),"","not_applicable") | K4: =IF(AND(OR(D4="retain",D4=""),OR(E4="report_internal_inconsistency",E4="plan_material")),"","not_applicable") | L4: substantive_difference | R4: Final protocol/SAP (supp1 p11-12, p36-37) plan comparative analyses of individual SSPedi symptoms at weeks 4 and 8 (proportional-odds models) and of documentation/interventions at weeks 4 and 8. The report gives comparative estimates only at week 8 (Table 2, eTables 8, 10); week 4 appears only descriptively (eTable 9, means and counts, no effect estimates).
A5: 2024::jama.2024.19585::C004 | B5: Final planned intervention effects and reported logistic OR analyses differ | C5: PLAN joi240111supp1_prod_1733431204.57929.pdf — DOC-002 p. 12 final protocol item 5, joi240111supp1_prod_1733431204.57929.pdf — p. 37 final SAP item 5, joi240111supp1_prod_1733431204.57929.pdf — p. 31 version history; REPORT jama_dupuis_2024_oi_240111_1733431204.38761.pdf — DOC-001 p. 1 abstract secondary outcomes/conclusion, jama_dupuis_2024_oi_240111_1733431204.38761.pdf — p. 4 secondary methods, joi240111supp2_prod_1733431204.76024.pdf — DOC-003 p. 13 eTable 10, joi240111supp2_prod_1733431204.76024.pdf — p. 14 eTable 10, joi240111supp2_prod_1733431204.76024.pdf — p. 15 footnote b, joi240111supp2_prod_1733431204.76024.pdf — p. 22 eMethods. | D5: retain | E5: protocol_report | F5: primary_done | G5: =IFERROR(IF(LEN(TRIM(CLEAN(SUBSTITUTE(Setup!$B$2,CHAR(160)," "))))=0,"CHECK REVIEWER ID",IF(OR(A5="",COUNTIF($A$2:$A$8,A5)<>1,LEFT(A5,LEN("2024::jama.2024.19585::"))<>"2024::jama.2024.19585::"),"CHECK KEY",IF(OR(AND(NOT(AND(D5="retain",E5="statistical_results")),H5<>"",NOT(EXACT(H5,"not_applicable"))),AND(NOT(AND(D5="retain",E5="statistical_results")),I5<>"",NOT(EXACT(I5,"not_applicable"))),AND(NOT(AND(D5="retain",E5="statistical_results")),J5<>"",NOT(EXACT(J5,"not_applicable"))),AND(NOT(AND(D5="retain",OR(E5="report_internal_inconsistency",E5="plan_material"))),K5<>"",NOT(EXACT(K5,"not_applicable"))),AND(NOT(AND(D5="retain",E5="protocol_report")),L5<>"",NOT(EXACT(L5,"not_applicable")))),"CLEAR INACTIVE VALUES",IF(OR(NOT(OR(EXACT(D5,"retain"),EXACT(D5,"exclude"),EXACT(D5,"discuss"))),NOT(OR(EXACT(E5,"statistical_results"),EXACT(E5,"report_internal_inconsistency"),EXACT(E5,"plan_material"),EXACT(E5,"protocol_report"))),AND(AND(D5="retain",E5="statistical_results"),NOT(OR(EXACT(H5,"confirmed_issue"),EXACT(H5,"probable_issue"),EXACT(H5,"not_issue"),EXACT(H5,"indeterminate")))),AND(AND(D5="retain",E5="statistical_results"),NOT(OR(EXACT(I5,"substantive"),EXACT(I5,"minor_presentation"),EXACT(I5,"indeterminate")))),AND(AND(D5="retain",E5="statistical_results"),J5<>"",NOT(OR(EXACT(J5,"direct"),EXACT(J5,"possible"),EXACT(J5,"unlikely"),EXACT(J5,"unknown")))),AND(AND(D5="retain",OR(E5="report_internal_inconsistency",E5="plan_material")),NOT(OR(EXACT(K5,"substantive_inconsistency"),EXACT(K5,"minor_presentation"),EXACT(K5,"non_inconsistency"),EXACT(K5,"indeterminate")))),AND(AND(D5="retain",E5="protocol_report"),L5<>"",NOT(OR(EXACT(L5,"substantive_difference"),EXACT(L5,"minor_presentation"),EXACT(L5,"version_timing"),EXACT(L5,"non_inconsistency"),EXACT(L5,"indeterminate"))))),"CHECK FIELDS",IF(AND(F5<>"",NOT(OR(EXACT(F5,"no"),EXACT(F5,"primary_done")))),"CHECK COMPLETE",IF(EXACT(F5,"primary_done"),"PRIMARY READY","PRIMARY DRAFT")))))),"CHECK INPUT / KEY") | H5: =IF(AND(OR(D5="retain",D5=""),E5="statistical_results"),"","not_applicable") | I5: =IF(AND(OR(D5="retain",D5=""),E5="statistical_results"),"","not_applicable") | J5: =IF(AND(OR(D5="retain",D5=""),E5="statistical_results"),"","not_applicable") | K5: =IF(AND(OR(D5="retain",D5=""),OR(E5="report_internal_inconsistency",E5="plan_material")),"","not_applicable") | L5: substantive_difference | R5: Final protocol/SAP item 5 (supp1 p12, p37): intervention outcomes analyzed as simple differences in proportions ignoring clustering, Fisher exact P values and Newcombe CIs. Report (main p4; supp2 eTable 10 footnote b, eMethods p22): mixed or fixed logistic models with ORs. Effect measure and model differ; not described as a change. Note that the sparse-cell rows' P values reproduce with Fisher's test (see C007), so the plan's test may have been used in part.
A6: 2024::jama.2024.19585::C005 | B6: Finite severe-mouth-sore ORs accompany an empty intervention cohort | C6: REPORT joi240111supp2_prod_1733431204.76024.pdf — DOC-003 p. 13 documentation, mouth sores, SSPedi≥3; REPORT joi240111supp2_prod_1733431204.76024.pdf — p. 14 any intervention, mouth sores, SSPedi≥3; REPORT joi240111supp2_prod_1733431204.76024.pdf — p. 14 symptom-specific intervention, mouth sores, SSPedi≥3; REPORT joi240111supp2_prod_1733431204.76024.pdf — p. 15 footnotes b/c and joi240111supp2_prod_1733431204.76024.pdf — p. 22 eMethods. | D6: retain | E6: statistical_results | F6: primary_done | G6: =IFERROR(IF(LEN(TRIM(CLEAN(SUBSTITUTE(Setup!$B$2,CHAR(160)," "))))=0,"CHECK REVIEWER ID",IF(OR(A6="",COUNTIF($A$2:$A$8,A6)<>1,LEFT(A6,LEN("2024::jama.2024.19585::"))<>"2024::jama.2024.19585::"),"CHECK KEY",IF(OR(AND(NOT(AND(D6="retain",E6="statistical_results")),H6<>"",NOT(EXACT(H6,"not_applicable"))),AND(NOT(AND(D6="retain",E6="statistical_results")),I6<>"",NOT(EXACT(I6,"not_applicable"))),AND(NOT(AND(D6="retain",E6="statistical_results")),J6<>"",NOT(EXACT(J6,"not_applicable"))),AND(NOT(AND(D6="retain",OR(E6="report_internal_inconsistency",E6="plan_material"))),K6<>"",NOT(EXACT(K6,"not_applicable"))),AND(NOT(AND(D6="retain",E6="protocol_report")),L6<>"",NOT(EXACT(L6,"not_applicable")))),"CLEAR INACTIVE VALUES",IF(OR(NOT(OR(EXACT(D6,"retain"),EXACT(D6,"exclude"),EXACT(D6,"discuss"))),NOT(OR(EXACT(E6,"statistical_results"),EXACT(E6,"report_internal_inconsistency"),EXACT(E6,"plan_material"),EXACT(E6,"protocol_report"))),AND(AND(D6="retain",E6="statistical_results"),NOT(OR(EXACT(H6,"confirmed_issue"),EXACT(H6,"probable_issue"),EXACT(H6,"not_issue"),EXACT(H6,"indeterminate")))),AND(AND(D6="retain",E6="statistical_results"),NOT(OR(EXACT(I6,"substantive"),EXACT(I6,"minor_presentation"),EXACT(I6,"indeterminate")))),AND(AND(D6="retain",E6="statistical_results"),J6<>"",NOT(OR(EXACT(J6,"direct"),EXACT(J6,"possible"),EXACT(J6,"unlikely"),EXACT(J6,"unknown")))),AND(AND(D6="retain",OR(E6="report_internal_inconsistency",E6="plan_material")),NOT(OR(EXACT(K6,"substantive_inconsistency"),EXACT(K6,"minor_presentation"),EXACT(K6,"non_inconsistency"),EXACT(K6,"indeterminate")))),AND(AND(D6="retain",E6="protocol_report"),L6<>"",NOT(OR(EXACT(L6,"substantive_difference"),EXACT(L6,"minor_presentation"),EXACT(L6,"version_timing"),EXACT(L6,"non_inconsistency"),EXACT(L6,"indeterminate"))))),"CHECK FIELDS",IF(AND(F6<>"",NOT(OR(EXACT(F6,"no"),EXACT(F6,"primary_done")))),"CHECK COMPLETE",IF(EXACT(F6,"primary_done"),"PRIMARY READY","PRIMARY DRAFT")))))),"CHECK INPUT / KEY") | H6: confirmed_issue | I6: minor_presentation | J6: unlikely | K6: =IF(AND(OR(D6="retain",D6=""),OR(E6="report_internal_inconsistency",E6="plan_material")),"","not_applicable") | L6: =IF(AND(OR(D6="retain",D6=""),E6="protocol_report"),"","not_applicable") | R6: eTable 10 (supp2 p13-14), severe mouth sores (SSPedi>=3): intervention 0/0 vs control 2/8 and 1/8, with ORs 2.6 (0.04-170.4) and 5.00 (0.07-366.4), P>.99. An OR cannot be estimated with an empty arm. Values reproduce exactly with a 0.5 continuity correction (Haldane-Woolf), which is not described; footnote b names logistic regression.
A7: 2024::jama.2024.19585::C006 | B7: Sadness interval excludes one while the displayed P is at the strict threshold | C7: REPORT joi240111supp2_prod_1733431204.76024.pdf — DOC-003 p. 13 eTable 10 any intervention, sadness, all participants; REPORT jama_dupuis_2024_oi_240111_1733431204.38761.pdf — DOC-001 p. 4 P<.05 rule, jama_dupuis_2024_oi_240111_1733431204.38761.pdf — p. 5 matched counts/P and significance narrative; REPORT joi240111supp2_prod_1733431204.76024.pdf — DOC-003 p. 15 footnote b, joi240111supp2_prod_1733431204.76024.pdf — p. 22 eMethods. | D7: exclude | E7: statistical_results | F7: primary_done | G7: =IFERROR(IF(LEN(TRIM(CLEAN(SUBSTITUTE(Setup!$B$2,CHAR(160)," "))))=0,"CHECK REVIEWER ID",IF(OR(A7="",COUNTIF($A$2:$A$8,A7)<>1,LEFT(A7,LEN("2024::jama.2024.19585::"))<>"2024::jama.2024.19585::"),"CHECK KEY",IF(OR(AND(NOT(AND(D7="retain",E7="statistical_results")),H7<>"",NOT(EXACT(H7,"not_applicable"))),AND(NOT(AND(D7="retain",E7="statistical_results")),I7<>"",NOT(EXACT(I7,"not_applicable"))),AND(NOT(AND(D7="retain",E7="statistical_results")),J7<>"",NOT(EXACT(J7,"not_applicable"))),AND(NOT(AND(D7="retain",OR(E7="report_internal_inconsistency",E7="plan_material"))),K7<>"",NOT(EXACT(K7,"not_applicable"))),AND(NOT(AND(D7="retain",E7="protocol_report")),L7<>"",NOT(EXACT(L7,"not_applicable")))),"CLEAR INACTIVE VALUES",IF(OR(NOT(OR(EXACT(D7,"retain"),EXACT(D7,"exclude"),EXACT(D7,"discuss"))),NOT(OR(EXACT(E7,"statistical_results"),EXACT(E7,"report_internal_inconsistency"),EXACT(E7,"plan_material"),EXACT(E7,"protocol_report"))),AND(AND(D7="retain",E7="statistical_results"),NOT(OR(EXACT(H7,"confirmed_issue"),EXACT(H7,"probable_issue"),EXACT(H7,"not_issue"),EXACT(H7,"indeterminate")))),AND(AND(D7="retain",E7="statistical_results"),NOT(OR(EXACT(I7,"substantive"),EXACT(I7,"minor_presentation"),EXACT(I7,"indeterminate")))),AND(AND(D7="retain",E7="statistical_results"),J7<>"",NOT(OR(EXACT(J7,"direct"),EXACT(J7,"possible"),EXACT(J7,"unlikely"),EXACT(J7,"unknown")))),AND(AND(D7="retain",OR(E7="report_internal_inconsistency",E7="plan_material")),NOT(OR(EXACT(K7,"substantive_inconsistency"),EXACT(K7,"minor_presentation"),EXACT(K7,"non_inconsistency"),EXACT(K7,"indeterminate")))),AND(AND(D7="retain",E7="protocol_report"),L7<>"",NOT(OR(EXACT(L7,"substantive_difference"),EXACT(L7,"minor_presentation"),EXACT(L7,"version_timing"),EXACT(L7,"non_inconsistency"),EXACT(L7,"indeterminate"))))),"CHECK FIELDS",IF(AND(F7<>"",NOT(OR(EXACT(F7,"no"),EXACT(F7,"primary_done")))),"CHECK COMPLETE",IF(EXACT(F7,"primary_done"),"PRIMARY READY","PRIMARY DRAFT")))))),"CHECK INPUT / KEY") | H7: =IF(AND(OR(D7="retain",D7=""),E7="statistical_results"),"","not_applicable") | I7: =IF(AND(OR(D7="retain",D7=""),E7="statistical_results"),"","not_applicable") | J7: =IF(AND(OR(D7="retain",D7=""),E7="statistical_results"),"","not_applicable") | K7: =IF(AND(OR(D7="retain",D7=""),OR(E7="report_internal_inconsistency",E7="plan_material")),"","not_applicable") | L7: =IF(AND(OR(D7="retain",D7=""),E7="protocol_report"),"","not_applicable") | R7: Sadness any-intervention, all participants (supp2 p13; main p5): OR 0.51 (0.26-0.99), P=.05, called significant under the P<.05 rule. An unrounded P in [.045, .05) is compatible with an upper limit of 0.99; the displayed P is a rounding boundary, not a demonstrable inconsistency.
A8: 2024::jama.2024.19585::C007 | B8: Neuropathy and hunger symptom-specific intervals include one with significant P values | C8: REPORT joi240111supp2_prod_1733431204.76024.pdf — DOC-003 p. 14 symptom-specific intervention, neuropathy, SSPedi≥1; REPORT joi240111supp2_prod_1733431204.76024.pdf — p. 14 symptom-specific intervention, hunger, SSPedi≥1; REPORT joi240111supp2_prod_1733431204.76024.pdf — p. 15 footnotes b/c and joi240111supp2_prod_1733431204.76024.pdf — p. 22 eMethods; REPORT jama_dupuis_2024_oi_240111_1733431204.38761.pdf — DOC-001 p. 4 threshold/methods, jama_dupuis_2024_oi_240111_1733431204.38761.pdf — p. 5 matched counts and jama_dupuis_2024_oi_240111_1733431204.38761.pdf — p. 6 significance statements. | D8: retain | E8: statistical_results | F8: primary_done | G8: =IFERROR(IF(LEN(TRIM(CLEAN(SUBSTITUTE(Setup!$B$2,CHAR(160)," "))))=0,"CHECK REVIEWER ID",IF(OR(A8="",COUNTIF($A$2:$A$8,A8)<>1,LEFT(A8,LEN("2024::jama.2024.19585::"))<>"2024::jama.2024.19585::"),"CHECK KEY",IF(OR(AND(NOT(AND(D8="retain",E8="statistical_results")),H8<>"",NOT(EXACT(H8,"not_applicable"))),AND(NOT(AND(D8="retain",E8="statistical_results")),I8<>"",NOT(EXACT(I8,"not_applicable"))),AND(NOT(AND(D8="retain",E8="statistical_results")),J8<>"",NOT(EXACT(J8,"not_applicable"))),AND(NOT(AND(D8="retain",OR(E8="report_internal_inconsistency",E8="plan_material"))),K8<>"",NOT(EXACT(K8,"not_applicable"))),AND(NOT(AND(D8="retain",E8="protocol_report")),L8<>"",NOT(EXACT(L8,"not_applicable")))),"CLEAR INACTIVE VALUES",IF(OR(NOT(OR(EXACT(D8,"retain"),EXACT(D8,"exclude"),EXACT(D8,"discuss"))),NOT(OR(EXACT(E8,"statistical_results"),EXACT(E8,"report_internal_inconsistency"),EXACT(E8,"plan_material"),EXACT(E8,"protocol_report"))),AND(AND(D8="retain",E8="statistical_results"),NOT(OR(EXACT(H8,"confirmed_issue"),EXACT(H8,"probable_issue"),EXACT(H8,"not_issue"),EXACT(H8,"indeterminate")))),AND(AND(D8="retain",E8="statistical_results"),NOT(OR(EXACT(I8,"substantive"),EXACT(I8,"minor_presentation"),EXACT(I8,"indeterminate")))),AND(AND(D8="retain",E8="statistical_results"),J8<>"",NOT(OR(EXACT(J8,"direct"),EXACT(J8,"possible"),EXACT(J8,"unlikely"),EXACT(J8,"unknown")))),AND(AND(D8="retain",OR(E8="report_internal_inconsistency",E8="plan_material")),NOT(OR(EXACT(K8,"substantive_inconsistency"),EXACT(K8,"minor_presentation"),EXACT(K8,"non_inconsistency"),EXACT(K8,"indeterminate")))),AND(AND(D8="retain",E8="protocol_report"),L8<>"",NOT(OR(EXACT(L8,"substantive_difference"),EXACT(L8,"minor_presentation"),EXACT(L8,"version_timing"),EXACT(L8,"non_inconsistency"),EXACT(L8,"indeterminate"))))),"CHECK FIELDS",IF(AND(F8<>"",NOT(OR(EXACT(F8,"no"),EXACT(F8,"primary_done")))),"CHECK COMPLETE",IF(EXACT(F8,"primary_done"),"PRIMARY READY","PRIMARY DRAFT")))))),"CHECK INPUT / KEY") | H8: confirmed_issue | I8: minor_presentation | J8: unlikely | K8: =IF(AND(OR(D8="retain",D8=""),OR(E8="report_internal_inconsistency",E8="plan_material")),"","not_applicable") | L8: =IF(AND(OR(D8="retain",D8=""),E8="protocol_report"),"","not_applicable") | R8: eTable 10 (supp2 p14), symptom-specific intervention among those with SSPedi>=1: neuropathy 6/57 vs 0/70, OR 17.8 (0.98-323.1), P=.007; hunger 6/111 vs 0/130, OR 16.08 (0.9-288.74), P=.009. CIs include 1 while P<.05; main p6 calls both significant. The ORs/CIs reproduce exactly with a 0.5-corrected Woolf interval and the P values exactly with Fisher's exact test (.00702, .00886), not with the logistic regression named in footnote b.

Sheet C_jama.2024.2302
A1: Candidate key | B1: Candidate title | C1: Source location | D1: Disposition | E1: Review domain (AI suggestion; editable) | F1: Complete | G1: Validation hint | H1: Statistical_or_numerical issue | I1: Substantiveness | J1: Downstream impact | K1: Report-internal or planning-material inconsistency | L1: Protocol interpretation | R1: Notes (optional)
A2: 2024::jama.2024.2302::C001 | B2: Abstract operative-repair population count | C2: REPORT jama_blakely_2024_oi_240020_1710443209.74411.pdf — main PDF p. 1, Abstract Results; jama_blakely_2024_oi_240020_1710443209.74411.pdf — p. 3, Figure 1 repair/no-repair branches; jama_blakely_2024_oi_240020_1710443209.74411.pdf — p. 4, Patient Characteristics and Surgery Characteristics; jama_blakely_2024_oi_240020_1710443209.74411.pdf — p. 5, Surgery Characteristics continuation. | D2: retain | E2: statistical_results | F2: primary_done | G2: =IFERROR(IF(LEN(TRIM(CLEAN(SUBSTITUTE(Setup!$B$2,CHAR(160)," "))))=0,"CHECK REVIEWER ID",IF(OR(A2="",COUNTIF($A$2:$A$7,A2)<>1,LEFT(A2,LEN("2024::jama.2024.2302::"))<>"2024::jama.2024.2302::"),"CHECK KEY",IF(OR(AND(NOT(AND(D2="retain",E2="statistical_results")),H2<>"",NOT(EXACT(H2,"not_applicable"))),AND(NOT(AND(D2="retain",E2="statistical_results")),I2<>"",NOT(EXACT(I2,"not_applicable"))),AND(NOT(AND(D2="retain",E2="statistical_results")),J2<>"",NOT(EXACT(J2,"not_applicable"))),AND(NOT(AND(D2="retain",OR(E2="report_internal_inconsistency",E2="plan_material"))),K2<>"",NOT(EXACT(K2,"not_applicable"))),AND(NOT(AND(D2="retain",E2="protocol_report")),L2<>"",NOT(EXACT(L2,"not_applicable")))),"CLEAR INACTIVE VALUES",IF(OR(NOT(OR(EXACT(D2,"retain"),EXACT(D2,"exclude"),EXACT(D2,"discuss"))),NOT(OR(EXACT(E2,"statistical_results"),EXACT(E2,"report_internal_inconsistency"),EXACT(E2,"plan_material"),EXACT(E2,"protocol_report"))),AND(AND(D2="retain",E2="statistical_results"),NOT(OR(EXACT(H2,"confirmed_issue"),EXACT(H2,"probable_issue"),EXACT(H2,"not_issue"),EXACT(H2,"indeterminate")))),AND(AND(D2="retain",E2="statistical_results"),NOT(OR(EXACT(I2,"substantive"),EXACT(I2,"minor_presentation"),EXACT(I2,"indeterminate")))),AND(AND(D2="retain",E2="statistical_results"),J2<>"",NOT(OR(EXACT(J2,"direct"),EXACT(J2,"possible"),EXACT(J2,"unlikely"),EXACT(J2,"unknown")))),AND(AND(D2="retain",OR(E2="report_internal_inconsistency",E2="plan_material")),NOT(OR(EXACT(K2,"substantive_inconsistency"),EXACT(K2,"minor_presentation"),EXACT(K2,"non_inconsistency"),EXACT(K2,"indeterminate")))),AND(AND(D2="retain",E2="protocol_report"),L2<>"",NOT(OR(EXACT(L2,"substantive_difference"),EXACT(L2,"minor_presentation"),EXACT(L2,"version_timing"),EXACT(L2,"non_inconsistency"),EXACT(L2,"indeterminate"))))),"CHECK FIELDS",IF(AND(F2<>"",NOT(OR(EXACT(F2,"no"),EXACT(F2,"primary_done")))),"CHECK COMPLETE",IF(EXACT(F2,"primary_done"),"PRIMARY READY","PRIMARY DRAFT")))))),"CHECK INPUT / KEY") | H2: confirmed_issue | I2: substantive | J2: unlikely | K2: =IF(AND(OR(D2="retain",D2=""),OR(E2="report_internal_inconsistency",E2="plan_material")),"","not_applicable") | L2: =IF(AND(OR(D2="retain",D2=""),E2="protocol_report"),"","not_applicable") | R2: Abstract (main p1): 'Among the 338 randomized infants ..., 320 underwent operative repair'. 320 = 163 + 157 infants remaining after 9 withdrawals per group (Table 1, p4). Surgery characteristics (p4-5) give 152 early + 129 late = 281 who underwent repair; 11 early and 28 late infants did not. The abstract mislabels the post-withdrawal cohort as the operated population.
A3: 2024::jama.2024.2302::C002 | B3: Planned and reported primary and hospital-day analysis specifications | C3: PLAN joi240020supp1_prod_1710443209.74911.pdf — protocol PDF p. 13, lines 471–488, primary/hospital analysis paragraphs; PLAN joi240020supp2_prod_1710443209.75411.pdf — SAP p. 7, lines 263–266, joi240020supp2_prod_1710443209.75411.pdf — p. 8, lines 267–271; REPORT jama_blakely_2024_oi_240020_1710443209.74411.pdf — main p. 4, Statistical Analysis, jama_blakely_2024_oi_240020_1710443209.74411.pdf — p. 6, Table 2; REPORT joi240020supp3_prod_1710443209.75411.pdf — results supplement p. 5, eTable 2 and model footnote. | D3: retain | E3: protocol_report | F3: primary_done | G3: =IFERROR(IF(LEN(TRIM(CLEAN(SUBSTITUTE(Setup!$B$2,CHAR(160)," "))))=0,"CHECK REVIEWER ID",IF(OR(A3="",COUNTIF($A$2:$A$7,A3)<>1,LEFT(A3,LEN("2024::jama.2024.2302::"))<>"2024::jama.2024.2302::"),"CHECK KEY",IF(OR(AND(NOT(AND(D3="retain",E3="statistical_results")),H3<>"",NOT(EXACT(H3,"not_applicable"))),AND(NOT(AND(D3="retain",E3="statistical_results")),I3<>"",NOT(EXACT(I3,"not_applicable"))),AND(NOT(AND(D3="retain",E3="statistical_results")),J3<>"",NOT(EXACT(J3,"not_applicable"))),AND(NOT(AND(D3="retain",OR(E3="report_internal_inconsistency",E3="plan_material"))),K3<>"",NOT(EXACT(K3,"not_applicable"))),AND(NOT(AND(D3="retain",E3="protocol_report")),L3<>"",NOT(EXACT(L3,"not_applicable")))),"CLEAR INACTIVE VALUES",IF(OR(NOT(OR(EXACT(D3,"retain"),EXACT(D3,"exclude"),EXACT(D3,"discuss"))),NOT(OR(EXACT(E3,"statistical_results"),EXACT(E3,"report_internal_inconsistency"),EXACT(E3,"plan_material"),EXACT(E3,"protocol_report"))),AND(AND(D3="retain",E3="statistical_results"),NOT(OR(EXACT(H3,"confirmed_issue"),EXACT(H3,"probable_issue"),EXACT(H3,"not_issue"),EXACT(H3,"indeterminate")))),AND(AND(D3="retain",E3="statistical_results"),NOT(OR(EXACT(I3,"substantive"),EXACT(I3,"minor_presentation"),EXACT(I3,"indeterminate")))),AND(AND(D3="retain",E3="statistical_results"),J3<>"",NOT(OR(EXACT(J3,"direct"),EXACT(J3,"possible"),EXACT(J3,"unlikely"),EXACT(J3,"unknown")))),AND(AND(D3="retain",OR(E3="report_internal_inconsistency",E3="plan_material")),NOT(OR(EXACT(K3,"substantive_inconsistency"),EXACT(K3,"minor_presentation"),EXACT(K3,"non_inconsistency"),EXACT(K3,"indeterminate")))),AND(AND(D3="retain",E3="protocol_report"),L3<>"",NOT(OR(EXACT(L3,"substantive_difference"),EXACT(L3,"minor_presentation"),EXACT(L3,"version_timing"),EXACT(L3,"non_inconsistency"),EXACT(L3,"indeterminate"))))),"CHECK FIELDS",IF(AND(F3<>"",NOT(OR(EXACT(F3,"no"),EXACT(F3,"primary_done")))),"CHECK COMPLETE",IF(EXACT(F3,"primary_done"),"PRIMARY READY","PRIMARY DRAFT")))))),"CHECK INPUT / KEY") | H3: =IF(AND(OR(D3="retain",D3=""),E3="statistical_results"),"","not_applicable") | I3: =IF(AND(OR(D3="retain",D3=""),E3="statistical_results"),"","not_applicable") | J3: =IF(AND(OR(D3="retain",D3=""),E3="statistical_results"),"","not_applicable") | K3: =IF(AND(OR(D3="retain",D3=""),OR(E3="report_internal_inconsistency",E3="plan_material")),"","not_applicable") | L3: substantive_difference | R3: Protocol (supp1 p13): primary outcome by binomial GLMM with log link; hospital days by lognormal model. SAP (supp2 p7-8): logistic and negative binomial mixed models, same model for frequentist and Bayesian analyses. Report (main p4): Bayesian logistic mixed model, negative binomial for hospital days, but the frequentist primary analysis used GEE (exchangeable by site) because the mixed model did not converge (disclosed).
A4: 2024::jama.2024.2302::C003 | B4: Bayesian intervention and subgroup main-effect prior specifications | C4: PLAN joi240020supp1_prod_1710443209.74911.pdf — protocol p. 13, lines 486–498; PLAN joi240020supp2_prod_1710443209.75411.pdf — SAP p. 8, lines 283–290, joi240020supp2_prod_1710443209.75411.pdf — p. 9, lines 327–332; REPORT jama_blakely_2024_oi_240020_1710443209.74411.pdf — main p. 4, priors/modifier paragraphs; affected REPORT results jama_blakely_2024_oi_240020_1710443209.74411.pdf — main p. 6, Table 2/Figure 2, jama_blakely_2024_oi_240020_1710443209.74411.pdf — p. 8, Figure 3. | D4: retain | E4: protocol_report | F4: primary_done | G4: =IFERROR(IF(LEN(TRIM(CLEAN(SUBSTITUTE(Setup!$B$2,CHAR(160)," "))))=0,"CHECK REVIEWER ID",IF(OR(A4="",COUNTIF($A$2:$A$7,A4)<>1,LEFT(A4,LEN("2024::jama.2024.2302::"))<>"2024::jama.2024.2302::"),"CHECK KEY",IF(OR(AND(NOT(AND(D4="retain",E4="statistical_results")),H4<>"",NOT(EXACT(H4,"not_applicable"))),AND(NOT(AND(D4="retain",E4="statistical_results")),I4<>"",NOT(EXACT(I4,"not_applicable"))),AND(NOT(AND(D4="retain",E4="statistical_results")),J4<>"",NOT(EXACT(J4,"not_applicable"))),AND(NOT(AND(D4="retain",OR(E4="report_internal_inconsistency",E4="plan_material"))),K4<>"",NOT(EXACT(K4,"not_applicable"))),AND(NOT(AND(D4="retain",E4="protocol_report")),L4<>"",NOT(EXACT(L4,"not_applicable")))),"CLEAR INACTIVE VALUES",IF(OR(NOT(OR(EXACT(D4,"retain"),EXACT(D4,"exclude"),EXACT(D4,"discuss"))),NOT(OR(EXACT(E4,"statistical_results"),EXACT(E4,"report_internal_inconsistency"),EXACT(E4,"plan_material"),EXACT(E4,"protocol_report"))),AND(AND(D4="retain",E4="statistical_results"),NOT(OR(EXACT(H4,"confirmed_issue"),EXACT(H4,"probable_issue"),EXACT(H4,"not_issue"),EXACT(H4,"indeterminate")))),AND(AND(D4="retain",E4="statistical_results"),NOT(OR(EXACT(I4,"substantive"),EXACT(I4,"minor_presentation"),EXACT(I4,"indeterminate")))),AND(AND(D4="retain",E4="statistical_results"),J4<>"",NOT(OR(EXACT(J4,"direct"),EXACT(J4,"possible"),EXACT(J4,"unlikely"),EXACT(J4,"unknown")))),AND(AND(D4="retain",OR(E4="report_internal_inconsistency",E4="plan_material")),NOT(OR(EXACT(K4,"substantive_inconsistency"),EXACT(K4,"minor_presentation"),EXACT(K4,"non_inconsistency"),EXACT(K4,"indeterminate")))),AND(AND(D4="retain",E4="protocol_report"),L4<>"",NOT(OR(EXACT(L4,"substantive_difference"),EXACT(L4,"minor_presentation"),EXACT(L4,"version_timing"),EXACT(L4,"non_inconsistency"),EXACT(L4,"indeterminate"))))),"CHECK FIELDS",IF(AND(F4<>"",NOT(OR(EXACT(F4,"no"),EXACT(F4,"primary_done")))),"CHECK COMPLETE",IF(EXACT(F4,"primary_done"),"PRIMARY READY","PRIMARY DRAFT")))))),"CHECK INPUT / KEY") | H4: =IF(AND(OR(D4="retain",D4=""),E4="statistical_results"),"","not_applicable") | I4: =IF(AND(OR(D4="retain",D4=""),E4="statistical_results"),"","not_applicable") | J4: =IF(AND(OR(D4="retain",D4=""),E4="statistical_results"),"","not_applicable") | K4: =IF(AND(OR(D4="retain",D4=""),OR(E4="report_internal_inconsistency",E4="plan_material")),"","not_applicable") | L4: substantive_difference | R4: SAP (supp2 p8-9): intervention prior for categorical outcomes OR 1.0 with 95% CrI 0.2-4 (Normal(0, SD 0.7) on log OR; exp(+/-1.96*0.7) = 0.25-3.94); count outcomes RR 0.33-3.3; interaction terms Normal(0, SD 0.6) (0.31-3.24). Report (main p4): OR/RR prior 0.33-3.0 for both and 0.33-3.0 for interactions. Protocol (supp1 p13): 0.33-3.0 overall; subgroup main effects N(0,1000). Priors stated in the report match the protocol, not the later SAP.
A5: 2024::jama.2024.2302::C004 | B5: Formal interim analysis information milestone | C5: PLAN joi240020supp1_prod_1710443209.74911.pdf — protocol p. 14, lines 519–530, joi240020supp1_prod_1710443209.74911.pdf — p. 25, version 7 history, lines 979–982; PLAN joi240020supp2_prod_1710443209.75411.pdf — SAP p. 4, lines 119–127; REPORT jama_blakely_2024_oi_240020_1710443209.74411.pdf — main p. 4, formal interim paragraph, jama_blakely_2024_oi_240020_1710443209.74411.pdf — p. 8, early-stopping limitation. | D5: retain | E5: protocol_report | F5: primary_done | G5: =IFERROR(IF(LEN(TRIM(CLEAN(SUBSTITUTE(Setup!$B$2,CHAR(160)," "))))=0,"CHECK REVIEWER ID",IF(OR(A5="",COUNTIF($A$2:$A$7,A5)<>1,LEFT(A5,LEN("2024::jama.2024.2302::"))<>"2024::jama.2024.2302::"),"CHECK KEY",IF(OR(AND(NOT(AND(D5="retain",E5="statistical_results")),H5<>"",NOT(EXACT(H5,"not_applicable"))),AND(NOT(AND(D5="retain",E5="statistical_results")),I5<>"",NOT(EXACT(I5,"not_applicable"))),AND(NOT(AND(D5="retain",E5="statistical_results")),J5<>"",NOT(EXACT(J5,"not_applicable"))),AND(NOT(AND(D5="retain",OR(E5="report_internal_inconsistency",E5="plan_material"))),K5<>"",NOT(EXACT(K5,"not_applicable"))),AND(NOT(AND(D5="retain",E5="protocol_report")),L5<>"",NOT(EXACT(L5,"not_applicable")))),"CLEAR INACTIVE VALUES",IF(OR(NOT(OR(EXACT(D5,"retain"),EXACT(D5,"exclude"),EXACT(D5,"discuss"))),NOT(OR(EXACT(E5,"statistical_results"),EXACT(E5,"report_internal_inconsistency"),EXACT(E5,"plan_material"),EXACT(E5,"protocol_report"))),AND(AND(D5="retain",E5="statistical_results"),NOT(OR(EXACT(H5,"confirmed_issue"),EXACT(H5,"probable_issue"),EXACT(H5,"not_issue"),EXACT(H5,"indeterminate")))),AND(AND(D5="retain",E5="statistical_results"),NOT(OR(EXACT(I5,"substantive"),EXACT(I5,"minor_presentation"),EXACT(I5,"indeterminate")))),AND(AND(D5="retain",E5="statistical_results"),J5<>"",NOT(OR(EXACT(J5,"direct"),EXACT(J5,"possible"),EXACT(J5,"unlikely"),EXACT(J5,"unknown")))),AND(AND(D5="retain",OR(E5="report_internal_inconsistency",E5="plan_material")),NOT(OR(EXACT(K5,"substantive_inconsistency"),EXACT(K5,"minor_presentation"),EXACT(K5,"non_inconsistency"),EXACT(K5,"indeterminate")))),AND(AND(D5="retain",E5="protocol_report"),L5<>"",NOT(OR(EXACT(L5,"substantive_difference"),EXACT(L5,"minor_presentation"),EXACT(L5,"version_timing"),EXACT(L5,"non_inconsistency"),EXACT(L5,"indeterminate"))))),"CHECK FIELDS",IF(AND(F5<>"",NOT(OR(EXACT(F5,"no"),EXACT(F5,"primary_done")))),"CHECK COMPLETE",IF(EXACT(F5,"primary_done"),"PRIMARY READY","PRIMARY DRAFT")))))),"CHECK INPUT / KEY") | H5: =IF(AND(OR(D5="retain",D5=""),E5="statistical_results"),"","not_applicable") | I5: =IF(AND(OR(D5="retain",D5=""),E5="statistical_results"),"","not_applicable") | J5: =IF(AND(OR(D5="retain",D5=""),E5="statistical_results"),"","not_applicable") | K5: =IF(AND(OR(D5="retain",D5=""),OR(E5="report_internal_inconsistency",E5="plan_material")),"","not_applicable") | L5: substantive_difference | R5: Protocol v7 (supp1 p14, p25) and SAP (supp2 p4): one formal interim analysis when 10-month data were available for about 200 infants (planned December 2019). Report (main p4): the formal interim analysis was completed with data for 309 infants in February 2021, and enrollment stopped after the 97% probability exceeded the 95% threshold. The information fraction of the stopping analysis differs from the plan.
A6: 2024::jama.2024.2302::C005 | B6: Planned primary and key-secondary analyses without supplied reported counterparts | C6: PLAN joi240020supp2_prod_1710443209.75411.pdf — SAP p. 4, lines 133–149, modeled death, joi240020supp2_prod_1710443209.75411.pdf — p. 5, lines 163–166, PP population, joi240020supp2_prod_1710443209.75411.pdf — p. 8, lines 269–276, ≥3%/≥5% benefit, joi240020supp2_prod_1710443209.75411.pdf — p. 9, lines 315–347, PP/modifiers/continuous GA; PLAN joi240020supp1_prod_1710443209.74911.pdf — protocol p. 13, lines 490–500, modifiers; alternative publication scope joi240020supp2_prod_1710443209.75411.pdf — SAP p. 2, lines 28–37. REPORT counterparts/search: jama_blakely_2024_oi_240020_1710443209.74411.pdf — main p. 4, methods and developmental deferral, jama_blakely_2024_oi_240020_1710443209.74411.pdf — p. 6, primary/hospital results, jama_blakely_2024_oi_240020_1710443209.74411.pdf — p. 7, Table 3 and heterogeneity, jama_blakely_2024_oi_240020_1710443209.74411.pdf — p. 8, Figure 3; joi240020supp3_prod_1710443209.75411.pdf — results supplement p. 1, contents, joi240020supp3_prod_1710443209.75411.pdf — p. 5, eTable 2. Complete absence search covers main physical pp. 1–10 and results-supplement pp. 1–8, including all other flow/baseline/center/reference/acknowledgment pages. | D6: retain | E6: protocol_report | F6: primary_done | G6: =IFERROR(IF(LEN(TRIM(CLEAN(SUBSTITUTE(Setup!$B$2,CHAR(160)," "))))=0,"CHECK REVIEWER ID",IF(OR(A6="",COUNTIF($A$2:$A$7,A6)<>1,LEFT(A6,LEN("2024::jama.2024.2302::"))<>"2024::jama.2024.2302::"),"CHECK KEY",IF(OR(AND(NOT(AND(D6="retain",E6="statistical_results")),H6<>"",NOT(EXACT(H6,"not_applicable"))),AND(NOT(AND(D6="retain",E6="statistical_results")),I6<>"",NOT(EXACT(I6,"not_applicable"))),AND(NOT(AND(D6="retain",E6="statistical_results")),J6<>"",NOT(EXACT(J6,"not_applicable"))),AND(NOT(AND(D6="retain",OR(E6="report_internal_inconsistency",E6="plan_material"))),K6<>"",NOT(EXACT(K6,"not_applicable"))),AND(NOT(AND(D6="retain",E6="protocol_report")),L6<>"",NOT(EXACT(L6,"not_applicable")))),"CLEAR INACTIVE VALUES",IF(OR(NOT(OR(EXACT(D6,"retain"),EXACT(D6,"exclude"),EXACT(D6,"discuss"))),NOT(OR(EXACT(E6,"statistical_results"),EXACT(E6,"report_internal_inconsistency"),EXACT(E6,"plan_material"),EXACT(E6,"protocol_report"))),AND(AND(D6="retain",E6="statistical_results"),NOT(OR(EXACT(H6,"confirmed_issue"),EXACT(H6,"probable_issue"),EXACT(H6,"not_issue"),EXACT(H6,"indeterminate")))),AND(AND(D6="retain",E6="statistical_results"),NOT(OR(EXACT(I6,"substantive"),EXACT(I6,"minor_presentation"),EXACT(I6,"indeterminate")))),AND(AND(D6="retain",E6="statistical_results"),J6<>"",NOT(OR(EXACT(J6,"direct"),EXACT(J6,"possible"),EXACT(J6,"unlikely"),EXACT(J6,"unknown")))),AND(AND(D6="retain",OR(E6="report_internal_inconsistency",E6="plan_material")),NOT(OR(EXACT(K6,"substantive_inconsistency"),EXACT(K6,"minor_presentation"),EXACT(K6,"non_inconsistency"),EXACT(K6,"indeterminate")))),AND(AND(D6="retain",E6="protocol_report"),L6<>"",NOT(OR(EXACT(L6,"substantive_difference"),EXACT(L6,"minor_presentation"),EXACT(L6,"version_timing"),EXACT(L6,"non_inconsistency"),EXACT(L6,"indeterminate"))))),"CHECK FIELDS",IF(AND(F6<>"",NOT(OR(EXACT(F6,"no"),EXACT(F6,"primary_done")))),"CHECK COMPLETE",IF(EXACT(F6,"primary_done"),"PRIMARY READY","PRIMARY DRAFT")))))),"CHECK INPUT / KEY") | H6: =IF(AND(OR(D6="retain",D6=""),E6="statistical_results"),"","not_applicable") | I6: =IF(AND(OR(D6="retain",D6=""),E6="statistical_results"),"","not_applicable") | J6: =IF(AND(OR(D6="retain",D6=""),E6="statistical_results"),"","not_applicable") | K6: =IF(AND(OR(D6="retain",D6=""),OR(E6="report_internal_inconsistency",E6="plan_material")),"","not_applicable") | L6: substantive_difference | R6: SAP (supp2 p4-5, p8-9) plans a per-protocol primary analysis, probabilities of >=3% and >=5% SAE reduction, effect modifiers maternal education, prenatal care, IH difficult to reduce, sex, race/ethnicity and distance, continuous GA analysis, and modeled analyses of death and BSIDIII. Searched main and supp3: none reported; report gives only GA, BPD and approach subgroups, any-benefit probability and descriptive deaths. BSIDIII is disclosed as ongoing (main p4).
A7: 2024::jama.2024.2302::C006 | B7: Protocol hospital-day median assumptions | C7: PLAN joi240020supp1_prod_1710443209.74911.pdf — protocol p. 3, lines 105–109, specific aim, joi240020supp1_prod_1710443209.74911.pdf — p. 12, lines 460–462, power assumptions; corroborating PLAN joi240020supp2_prod_1710443209.75411.pdf — SAP p. 3, lines 73–80, clarification; related power outputs joi240020supp1_prod_1710443209.74911.pdf — protocol p. 13, Table 4, joi240020supp2_prod_1710443209.75411.pdf — SAP p. 4, lines 114–115. | D7: retain | E7: plan_material | F7: primary_done | G7: =IFERROR(IF(LEN(TRIM(CLEAN(SUBSTITUTE(Setup!$B$2,CHAR(160)," "))))=0,"CHECK REVIEWER ID",IF(OR(A7="",COUNTIF($A$2:$A$7,A7)<>1,LEFT(A7,LEN("2024::jama.2024.2302::"))<>"2024::jama.2024.2302::"),"CHECK KEY",IF(OR(AND(NOT(AND(D7="retain",E7="statistical_results")),H7<>"",NOT(EXACT(H7,"not_applicable"))),AND(NOT(AND(D7="retain",E7="statistical_results")),I7<>"",NOT(EXACT(I7,"not_applicable"))),AND(NOT(AND(D7="retain",E7="statistical_results")),J7<>"",NOT(EXACT(J7,"not_applicable"))),AND(NOT(AND(D7="retain",OR(E7="report_internal_inconsistency",E7="plan_material"))),K7<>"",NOT(EXACT(K7,"not_applicable"))),AND(NOT(AND(D7="retain",E7="protocol_report")),L7<>"",NOT(EXACT(L7,"not_applicable")))),"CLEAR INACTIVE VALUES",IF(OR(NOT(OR(EXACT(D7,"retain"),EXACT(D7,"exclude"),EXACT(D7,"discuss"))),NOT(OR(EXACT(E7,"statistical_results"),EXACT(E7,"report_internal_inconsistency"),EXACT(E7,"plan_material"),EXACT(E7,"protocol_report"))),AND(AND(D7="retain",E7="statistical_results"),NOT(OR(EXACT(H7,"confirmed_issue"),EXACT(H7,"probable_issue"),EXACT(H7,"not_issue"),EXACT(H7,"indeterminate")))),AND(AND(D7="retain",E7="statistical_results"),NOT(OR(EXACT(I7,"substantive"),EXACT(I7,"minor_presentation"),EXACT(I7,"indeterminate")))),AND(AND(D7="retain",E7="statistical_results"),J7<>"",NOT(OR(EXACT(J7,"direct"),EXACT(J7,"possible"),EXACT(J7,"unlikely"),EXACT(J7,"unknown")))),AND(AND(D7="retain",OR(E7="report_internal_inconsistency",E7="plan_material")),NOT(OR(EXACT(K7,"substantive_inconsistency"),EXACT(K7,"minor_presentation"),EXACT(K7,"non_inconsistency"),EXACT(K7,"indeterminate")))),AND(AND(D7="retain",E7="protocol_report"),L7<>"",NOT(OR(EXACT(L7,"substantive_difference"),EXACT(L7,"minor_presentation"),EXACT(L7,"version_timing"),EXACT(L7,"non_inconsistency"),EXACT(L7,"indeterminate"))))),"CHECK FIELDS",IF(AND(F7<>"",NOT(OR(EXACT(F7,"no"),EXACT(F7,"primary_done")))),"CHECK COMPLETE",IF(EXACT(F7,"primary_done"),"PRIMARY READY","PRIMARY DRAFT")))))),"CHECK INPUT / KEY") | H7: =IF(AND(OR(D7="retain",D7=""),E7="statistical_results"),"","not_applicable") | I7: =IF(AND(OR(D7="retain",D7=""),E7="statistical_results"),"","not_applicable") | J7: =IF(AND(OR(D7="retain",D7=""),E7="statistical_results"),"","not_applicable") | K7: minor_presentation | L7: =IF(AND(OR(D7="retain",D7=""),E7="protocol_report"),"","not_applicable") | R7: Protocol p3 hypothesizes median hospital days 18 (early) vs 15 (late); protocol p12 power section assumes medians 8 vs 5 (means 18 vs 13). The SAP (supp2 p3) explicitly states the p3 values are incorrect and the p12 values are correct. Real plan-internal inconsistency, resolved by the SAP.

Sheet C_jama.2024.23898
A1: Candidate key | B1: Candidate title | C1: Source location | D1: Disposition | E1: Review domain (AI suggestion; editable) | F1: Complete | G1: Validation hint | H1: Statistical_or_numerical issue | I1: Substantiveness | J1: Downstream impact | K1: Report-internal or planning-material inconsistency | L1: Protocol interpretation | R1: Notes (optional)
