Workbook

Sheet Setup
A1: Field | B1: Value
A2: reviewerId | B2: R_Bulun
A3: reviewerName (optional)
A4: reviewerRole | B4: R_Bulun
A5: year | B5: 2025

Sheet Checks
A1: Check | B1: Result
A2: Reviewer role | B2: =Setup!B4
A3: Candidates | B3: 133
A4: Primary ready rows | B4: =COUNTIF('C_jama.2024.24764'!$G$2:$G$6,"PRIMARY READY")+COUNTIF('C_jama.2024.27643'!$G$2:$G$17,"PRIMARY READY")+COUNTIF('C_jama.2025.11178'!$G$2:$G$19,"PRIMARY READY")+COUNTIF('C_jama.2025.15185'!$G$2:$G$7,"PRIMARY READY")+COUNTIF('C_jama.2025.15440'!$G$2:$G$2,"PRIMARY READY")+COUNTIF('C_jama.2025.16450'!$G$2:$G$7,"PRIMARY READY")+COUNTIF('C_jama.2025.19563'!$G$2:$G$14,"PRIMARY READY")+COUNTIF('C_jama.2025.19843'!$G$2:$G$8,"PRIMARY READY")+COUNTIF('C_jama.2025.20765'!$G$2:$G$20,"PRIMARY READY")+COUNTIF('C_jama.2025.24175'!$G$2:$G$15,"PRIMARY READY")+COUNTIF('C_jama.2025.4390'!$G$2:$G$14,"PRIMARY READY")+COUNTIF('C_jama.2025.7583'!$G$2:$G$5,"PRIMARY READY")+COUNTIF('C_jama.2025.7710'!$G$2:$G$4,"PRIMARY READY")+COUNTIF('C_jama.2025.9110'!$G$2:$G$4,"PRIMARY READY")+COUNTIF('C_jama.2025.9663'!$G$2:$G$6,"PRIMARY READY")
A5: Discuss / unresolved rows | B5: =COUNTIF('C_jama.2024.24764'!$D$2:$D$6,"discuss")+COUNTIF('C_jama.2024.27643'!$D$2:$D$17,"discuss")+COUNTIF('C_jama.2025.11178'!$D$2:$D$19,"discuss")+COUNTIF('C_jama.2025.15185'!$D$2:$D$7,"discuss")+COUNTIF('C_jama.2025.15440'!$D$2:$D$2,"discuss")+COUNTIF('C_jama.2025.16450'!$D$2:$D$7,"discuss")+COUNTIF('C_jama.2025.19563'!$D$2:$D$14,"discuss")+COUNTIF('C_jama.2025.19843'!$D$2:$D$8,"discuss")+COUNTIF('C_jama.2025.20765'!$D$2:$D$20,"discuss")+COUNTIF('C_jama.2025.24175'!$D$2:$D$15,"discuss")+COUNTIF('C_jama.2025.4390'!$D$2:$D$14,"discuss")+COUNTIF('C_jama.2025.7583'!$D$2:$D$5,"discuss")+COUNTIF('C_jama.2025.7710'!$D$2:$D$4,"discuss")+COUNTIF('C_jama.2025.9110'!$D$2:$D$4,"discuss")+COUNTIF('C_jama.2025.9663'!$D$2:$D$6,"discuss")
A6: Unfinished rows | B6: =B3-B4
A7: Workflow status | B7: =IF(B4=B3,"PRIMARY READY","ACTION NEEDED")
A8: Meaning | B8: PRIMARY READY means independent entry is complete. Discuss remains unresolved and is not counted as absence of error.
A9: Next action | B9: Inspect G on the C_ sheets. Save and deliver this file after review.

Sheet Papers
A1: Paper | B1: Review worksheet | C1: Candidates
A2: jama.2024.24764 | B2: C_jama.2024.24764 | C2: 5
A3: jama.2024.27643 | B3: C_jama.2024.27643 | C3: 16
A4: jama.2025.11178 | B4: C_jama.2025.11178 | C4: 18
A5: jama.2025.15185 | B5: C_jama.2025.15185 | C5: 6
A6: jama.2025.15440 | B6: C_jama.2025.15440 | C6: 1
A7: jama.2025.16450 | B7: C_jama.2025.16450 | C7: 6
A8: jama.2025.19563 | B8: C_jama.2025.19563 | C8: 13
A9: jama.2025.19843 | B9: C_jama.2025.19843 | C9: 7
A10: jama.2025.20765 | B10: C_jama.2025.20765 | C10: 19
A11: jama.2025.24175 | B11: C_jama.2025.24175 | C11: 14
A12: jama.2025.4390 | B12: C_jama.2025.4390 | C12: 13
A13: jama.2025.7583 | B13: C_jama.2025.7583 | C13: 4
... A16: jama.2025.9663 | B16: C_jama.2025.9663 | C16: 5

Sheet C_jama.2024.24764
A1: Candidate key | B1: Candidate title | C1: Source location | D1: Disposition | E1: Review domain (AI suggestion; editable) | F1: Complete | G1: Validation hint | H1: Statistical_or_numerical issue | I1: Substantiveness | J1: Downstream impact | K1: Report-internal or planning-material inconsistency | L1: Protocol interpretation | R1: Notes (optional)
A2: 2025::jama.2024.24764::C001 | B2: Quality-of-life conclusion versus the day-7 index test | C2: REPORT jama_atherton_2025_oi_240145_1741627844.85412.pdf — main article abstract, PDF p. 1; REPORT jama_atherton_2025_oi_240145_1741627844.85412.pdf — main Secondary Outcomes, PDF p. 6; REPORT joi240145supp3_prod_1741627844.89412.pdf — results supplement eTable 3, day-7 index, later-time rows and interaction, PDF p. 4. Corroborating PLAN joi240145supp1_prod_1741627844.87412.pdf — SAP §§5.1–5.2, PDF p. 12. | D2: retain | E2: statistical_results | F2: primary_done | G2: =IFERROR(IF(LEN(TRIM(CLEAN(SUBSTITUTE(Setup!$B$2,CHAR(160)," "))))=0,"CHECK REVIEWER ID",IF(OR(A2="",COUNTIF($A$2:$A$6,A2)<>1,LEFT(A2,LEN("2025::jama.2024.24764::"))<>"2025::jama.2024.24764::"),"CHECK KEY",IF(OR(AND(NOT(AND(D2="retain",E2="statistical_results")),H2<>"",NOT(EXACT(H2,"not_applicable"))),AND(NOT(AND(D2="retain",E2="statistical_results")),I2<>"",NOT(EXACT(I2,"not_applicable"))),AND(NOT(AND(D2="retain",E2="statistical_results")),J2<>"",NOT(EXACT(J2,"not_applicable"))),AND(NOT(AND(D2="retain",OR(E2="report_internal_inconsistency",E2="plan_material"))),K2<>"",NOT(EXACT(K2,"not_applicable"))),AND(NOT(AND(D2="retain",E2="protocol_report")),L2<>"",NOT(EXACT(L2,"not_applicable")))),"CLEAR INACTIVE VALUES",IF(OR(NOT(OR(EXACT(D2,"retain"),EXACT(D2,"exclude"),EXACT(D2,"discuss"))),NOT(OR(EXACT(E2,"statistical_results"),EXACT(E2,"report_internal_inconsistency"),EXACT(E2,"plan_material"),EXACT(E2,"protocol_report"))),AND(AND(D2="retain",E2="statistical_results"),NOT(OR(EXACT(H2,"confirmed_issue"),EXACT(H2,"probable_issue"),EXACT(H2,"not_issue"),EXACT(H2,"indeterminate")))),AND(AND(D2="retain",E2="statistical_results"),NOT(OR(EXACT(I2,"substantive"),EXACT(I2,"minor_presentation"),EXACT(I2,"indeterminate")))),AND(AND(D2="retain",E2="statistical_results"),J2<>"",NOT(OR(EXACT(J2,"direct"),EXACT(J2,"possible"),EXACT(J2,"unlikely"),EXACT(J2,"unknown")))),AND(AND(D2="retain",OR(E2="report_internal_inconsistency",E2="plan_material")),NOT(OR(EXACT(K2,"substantive_inconsistency"),EXACT(K2,"minor_presentation"),EXACT(K2,"non_inconsistency"),EXACT(K2,"indeterminate")))),AND(AND(D2="retain",E2="protocol_report"),L2<>"",NOT(OR(EXACT(L2,"substantive_difference"),EXACT(L2,"minor_presentation"),EXACT(L2,"version_timing"),EXACT(L2,"non_inconsistency"),EXACT(L2,"indeterminate"))))),"CHECK FIELDS",IF(AND(F2<>"",NOT(OR(EXACT(F2,"no"),EXACT(F2,"primary_done")))),"CHECK COMPLETE",IF(EXACT(F2,"primary_done"),"PRIMARY READY","PRIMARY DRAFT")))))),"CHECK INPUT / KEY") | H2: confirmed_issue | I2: substantive | J2: possible | K2: =IF(AND(OR(D2="retain",D2=""),OR(E2="report_internal_inconsistency",E2="plan_material")),"","not_applicable") | L2: =IF(AND(OR(D2="retain",D2=""),E2="protocol_report"),"","not_applicable") | R2: Main p.1 abstract counts quality of life among secondary outcomes with no significant difference and p.6 says no QoL differences citing eTables 2-4, but Supp3 eTable 3 p.4 shows day-7 EQ-5D index MD -0.057 (-0.104 to -0.010), P=.02 (CI-implied P=.017), a SAP-planned day-specific contrast with no multiplicity correction (SAP p.26, p.12). Summary claim contradicts the cited table.
A3: 2025::jama.2024.24764::C002 | B3: Planned hospital-stay differences versus reported geometric ratios | C3: PLAN joi240145supp1_prod_1741627844.87412.pdf — SAP §9.2, PDF p. 15, joi240145supp1_prod_1741627844.87412.pdf — SAP §9.6, PDF p. 25, joi240145supp1_prod_1741627844.87412.pdf — SAP Appendix D7 shell, PDF p. 42; PLAN joi240145supp4_prod_1741627844.90412.pdf — protocol UK definition, PDF p. 24, joi240145supp4_prod_1741627844.90412.pdf — protocol §14.2.2, PDF p. 39; REPORT jama_atherton_2025_oi_240145_1741627844.85412.pdf — main abstract, PDF p. 1, jama_atherton_2025_oi_240145_1741627844.85412.pdf — Statistical Analysis, PDF p. 4, jama_atherton_2025_oi_240145_1741627844.85412.pdf — Secondary Outcomes, PDF p. 6, jama_atherton_2025_oi_240145_1741627844.85412.pdf — Table 3 UK/pooled rows and footnote c, PDF p. 8. | D3: retain | E3: protocol_report | F3: primary_done | G3: =IFERROR(IF(LEN(TRIM(CLEAN(SUBSTITUTE(Setup!$B$2,CHAR(160)," "))))=0,"CHECK REVIEWER ID",IF(OR(A3="",COUNTIF($A$2:$A$6,A3)<>1,LEFT(A3,LEN("2025::jama.2024.24764::"))<>"2025::jama.2024.24764::"),"CHECK KEY",IF(OR(AND(NOT(AND(D3="retain",E3="statistical_results")),H3<>"",NOT(EXACT(H3,"not_applicable"))),AND(NOT(AND(D3="retain",E3="statistical_results")),I3<>"",NOT(EXACT(I3,"not_applicable"))),AND(NOT(AND(D3="retain",E3="statistical_results")),J3<>"",NOT(EXACT(J3,"not_applicable"))),AND(NOT(AND(D3="retain",OR(E3="report_internal_inconsistency",E3="plan_material"))),K3<>"",NOT(EXACT(K3,"not_applicable"))),AND(NOT(AND(D3="retain",E3="protocol_report")),L3<>"",NOT(EXACT(L3,"not_applicable")))),"CLEAR INACTIVE VALUES",IF(OR(NOT(OR(EXACT(D3,"retain"),EXACT(D3,"exclude"),EXACT(D3,"discuss"))),NOT(OR(EXACT(E3,"statistical_results"),EXACT(E3,"report_internal_inconsistency"),EXACT(E3,"plan_material"),EXACT(E3,"protocol_report"))),AND(AND(D3="retain",E3="statistical_results"),NOT(OR(EXACT(H3,"confirmed_issue"),EXACT(H3,"probable_issue"),EXACT(H3,"not_issue"),EXACT(H3,"indeterminate")))),AND(AND(D3="retain",E3="statistical_results"),NOT(OR(EXACT(I3,"substantive"),EXACT(I3,"minor_presentation"),EXACT(I3,"indeterminate")))),AND(AND(D3="retain",E3="statistical_results"),J3<>"",NOT(OR(EXACT(J3,"direct"),EXACT(J3,"possible"),EXACT(J3,"unlikely"),EXACT(J3,"unknown")))),AND(AND(D3="retain",OR(E3="report_internal_inconsistency",E3="plan_material")),NOT(OR(EXACT(K3,"substantive_inconsistency"),EXACT(K3,"minor_presentation"),EXACT(K3,"non_inconsistency"),EXACT(K3,"indeterminate")))),AND(AND(D3="retain",E3="protocol_report"),L3<>"",NOT(OR(EXACT(L3,"substantive_difference"),EXACT(L3,"minor_presentation"),EXACT(L3,"version_timing"),EXACT(L3,"non_inconsistency"),EXACT(L3,"indeterminate"))))),"CHECK FIELDS",IF(AND(F3<>"",NOT(OR(EXACT(F3,"no"),EXACT(F3,"primary_done")))),"CHECK COMPLETE",IF(EXACT(F3,"primary_done"),"PRIMARY READY","PRIMARY DRAFT")))))),"CHECK INPUT / KEY") | H3: =IF(AND(OR(D3="retain",D3=""),E3="statistical_results"),"","not_applicable") | I3: =IF(AND(OR(D3="retain",D3=""),E3="statistical_results"),"","not_applicable") | J3: =IF(AND(OR(D3="retain",D3=""),E3="statistical_results"),"","not_applicable") | K3: =IF(AND(OR(D3="retain",D3=""),OR(E3="report_internal_inconsistency",E3="plan_material")),"","not_applicable") | L3: substantive_difference | R3: SAP p.25/p.42 plans UK-only adjusted mean difference for LOS (log transform only as sensitivity, SAP p.15; protocol p.39 allows median difference if skewed); report gives adjusted ratio of geometric means for UK and adds a pooled UK+Australia analysis that is the abstract result (main pp.1, 4, 8). Log transform disclosed (main p.4).
A4: 2025::jama.2024.24764::C003 | B4: Reported predicted-survival exclusion versus supplied eligibility criteria | C4: REPORT jama_atherton_2025_oi_240145_1741627844.85412.pdf — main Eligibility Criteria, PDF p. 2 and jama_atherton_2025_oi_240145_1741627844.85412.pdf — mortality interpretation, PDF p. 10; PLAN joi240145supp4_prod_1741627844.90412.pdf — protocol §§5.1–5.2, PDF p. 17, joi240145supp4_prod_1741627844.90412.pdf — Key Eligibility Criteria summary, PDF p. 8, and joi240145supp4_prod_1741627844.90412.pdf — amendment context, PDF p. 2. | D4: retain | E4: protocol_report | F4: primary_done | G4: =IFERROR(IF(LEN(TRIM(CLEAN(SUBSTITUTE(Setup!$B$2,CHAR(160)," "))))=0,"CHECK REVIEWER ID",IF(OR(A4="",COUNTIF($A$2:$A$6,A4)<>1,LEFT(A4,LEN("2025::jama.2024.24764::"))<>"2025::jama.2024.24764::"),"CHECK KEY",IF(OR(AND(NOT(AND(D4="retain",E4="statistical_results")),H4<>"",NOT(EXACT(H4,"not_applicable"))),AND(NOT(AND(D4="retain",E4="statistical_results")),I4<>"",NOT(EXACT(I4,"not_applicable"))),AND(NOT(AND(D4="retain",E4="statistical_results")),J4<>"",NOT(EXACT(J4,"not_applicable"))),AND(NOT(AND(D4="retain",OR(E4="report_internal_inconsistency",E4="plan_material"))),K4<>"",NOT(EXACT(K4,"not_applicable"))),AND(NOT(AND(D4="retain",E4="protocol_report")),L4<>"",NOT(EXACT(L4,"not_applicable")))),"CLEAR INACTIVE VALUES",IF(OR(NOT(OR(EXACT(D4,"retain"),EXACT(D4,"exclude"),EXACT(D4,"discuss"))),NOT(OR(EXACT(E4,"statistical_results"),EXACT(E4,"report_internal_inconsistency"),EXACT(E4,"plan_material"),EXACT(E4,"protocol_report"))),AND(AND(D4="retain",E4="statistical_results"),NOT(OR(EXACT(H4,"confirmed_issue"),EXACT(H4,"probable_issue"),EXACT(H4,"not_issue"),EXACT(H4,"indeterminate")))),AND(AND(D4="retain",E4="statistical_results"),NOT(OR(EXACT(I4,"substantive"),EXACT(I4,"minor_presentation"),EXACT(I4,"indeterminate")))),AND(AND(D4="retain",E4="statistical_results"),J4<>"",NOT(OR(EXACT(J4,"direct"),EXACT(J4,"possible"),EXACT(J4,"unlikely"),EXACT(J4,"unknown")))),AND(AND(D4="retain",OR(E4="report_internal_inconsistency",E4="plan_material")),NOT(OR(EXACT(K4,"substantive_inconsistency"),EXACT(K4,"minor_presentation"),EXACT(K4,"non_inconsistency"),EXACT(K4,"indeterminate")))),AND(AND(D4="retain",E4="protocol_report"),L4<>"",NOT(OR(EXACT(L4,"substantive_difference"),EXACT(L4,"minor_presentation"),EXACT(L4,"version_timing"),EXACT(L4,"non_inconsistency"),EXACT(L4,"indeterminate"))))),"CHECK FIELDS",IF(AND(F4<>"",NOT(OR(EXACT(F4,"no"),EXACT(F4,"primary_done")))),"CHECK COMPLETE",IF(EXACT(F4,"primary_done"),"PRIMARY READY","PRIMARY DRAFT")))))),"CHECK INPUT / KEY") | H4: =IF(AND(OR(D4="retain",D4=""),E4="statistical_results"),"","not_applicable") | I4: =IF(AND(OR(D4="retain",D4=""),E4="statistical_results"),"","not_applicable") | J4: =IF(AND(OR(D4="retain",D4=""),E4="statistical_results"),"","not_applicable") | K4: =IF(AND(OR(D4="retain",D4=""),OR(E4="report_internal_inconsistency",E4="plan_material")),"","not_applicable") | L4: substantive_difference | R4: Main p.2 lists 'not expected to survive beyond 30 days' as an exclusion and p.10 invokes it; protocol v4.0 §5.1-5.2 (p.17) and summary (p.8) list only two exclusions (recent abdominal surgery, expected reopening). Table 1 also shows 7 ASA V participants, at odds with the p.10 statement.
A5: 2025::jama.2024.24764::C004 | B5: Unstructured versus independent quality-of-life covariance | C5: PLAN joi240145supp1_prod_1741627844.87412.pdf — SAP §9.6 SF-12 and EQ-5D paragraphs, PDF p. 26; REPORT jama_atherton_2025_oi_240145_1741627844.85412.pdf — main Statistical Analysis, PDF p. 4; affected REPORT jama_atherton_2025_oi_240145_1741627844.85412.pdf — main Table 3 day-30 SF-12 rows, PDF p. 8, joi240145supp3_prod_1741627844.89412.pdf — results eTable 2, all PCS/MCS rows and interactions, PDF p. 3, joi240145supp3_prod_1741627844.89412.pdf — results eTable 3 index rows/interaction, PDF p. 4, and joi240145supp3_prod_1741627844.89412.pdf — results eTable 4 health rows/interaction, PDF p. 4. | D5: retain | E5: protocol_report | F5: primary_done | G5: =IFERROR(IF(LEN(TRIM(CLEAN(SUBSTITUTE(Setup!$B$2,CHAR(160)," "))))=0,"CHECK REVIEWER ID",IF(OR(A5="",COUNTIF($A$2:$A$6,A5)<>1,LEFT(A5,LEN("2025::jama.2024.24764::"))<>"2025::jama.2024.24764::"),"CHECK KEY",IF(OR(AND(NOT(AND(D5="retain",E5="statistical_results")),H5<>"",NOT(EXACT(H5,"not_applicable"))),AND(NOT(AND(D5="retain",E5="statistical_results")),I5<>"",NOT(EXACT(I5,"not_applicable"))),AND(NOT(AND(D5="retain",E5="statistical_results")),J5<>"",NOT(EXACT(J5,"not_applicable"))),AND(NOT(AND(D5="retain",OR(E5="report_internal_inconsistency",E5="plan_material"))),K5<>"",NOT(EXACT(K5,"not_applicable"))),AND(NOT(AND(D5="retain",E5="protocol_report")),L5<>"",NOT(EXACT(L5,"not_applicable")))),"CLEAR INACTIVE VALUES",IF(OR(NOT(OR(EXACT(D5,"retain"),EXACT(D5,"exclude"),EXACT(D5,"discuss"))),NOT(OR(EXACT(E5,"statistical_results"),EXACT(E5,"report_internal_inconsistency"),EXACT(E5,"plan_material"),EXACT(E5,"protocol_report"))),AND(AND(D5="retain",E5="statistical_results"),NOT(OR(EXACT(H5,"confirmed_issue"),EXACT(H5,"probable_issue"),EXACT(H5,"not_issue"),EXACT(H5,"indeterminate")))),AND(AND(D5="retain",E5="statistical_results"),NOT(OR(EXACT(I5,"substantive"),EXACT(I5,"minor_presentation"),EXACT(I5,"indeterminate")))),AND(AND(D5="retain",E5="statistical_results"),J5<>"",NOT(OR(EXACT(J5,"direct"),EXACT(J5,"possible"),EXACT(J5,"unlikely"),EXACT(J5,"unknown")))),AND(AND(D5="retain",OR(E5="report_internal_inconsistency",E5="plan_material")),NOT(OR(EXACT(K5,"substantive_inconsistency"),EXACT(K5,"minor_presentation"),EXACT(K5,"non_inconsistency"),EXACT(K5,"indeterminate")))),AND(AND(D5="retain",E5="protocol_report"),L5<>"",NOT(OR(EXACT(L5,"substantive_difference"),EXACT(L5,"minor_presentation"),EXACT(L5,"version_timing"),EXACT(L5,"non_inconsistency"),EXACT(L5,"indeterminate"))))),"CHECK FIELDS",IF(AND(F5<>"",NOT(OR(EXACT(F5,"no"),EXACT(F5,"primary_done")))),"CHECK COMPLETE",IF(EXACT(F5,"primary_done"),"PRIMARY READY","PRIMARY DRAFT")))))),"CHECK INPUT / KEY") | H5: =IF(AND(OR(D5="retain",D5=""),E5="statistical_results"),"","not_applicable") | I5: =IF(AND(OR(D5="retain",D5=""),E5="statistical_results"),"","not_applicable") | J5: =IF(AND(OR(D5="retain",D5=""),E5="statistical_results"),"","not_applicable") | K5: =IF(AND(OR(D5="retain",D5=""),OR(E5="report_internal_inconsistency",E5="plan_material")),"","not_applicable") | L5: substantive_difference | R5: SAP §9.6 p.26 specifies unstructured covariance with robust sandwich SEs for SF-12 and EQ-5D repeated-measures models; main p.4 states an independent covariance structure was assumed. Not disclosed as a change.
A6: 2025::jama.2024.24764::C005 | B6: SAP fixed-participant parameterization and adjusted contrasts | C6: PLAN joi240145supp1_prod_1741627844.87412.pdf — SAP §9.6 SF-12 fixed-parameter declaration, PDF p. 26; PLAN joi240145supp1_prod_1741627844.87412.pdf — same paragraph's assessment-time, baseline adjustment and time-specific contrast declarations, PDF p. 26; inherited PLAN joi240145supp1_prod_1741627844.87412.pdf — EQ-5D index/health methods paragraph, PDF p. 26. No REPORT location is a conflicting party. | D6: retain | E6: plan_material | F6: primary_done | G6: =IFERROR(IF(LEN(TRIM(CLEAN(SUBSTITUTE(Setup!$B$2,CHAR(160)," "))))=0,"CHECK REVIEWER ID",IF(OR(A6="",COUNTIF($A$2:$A$6,A6)<>1,LEFT(A6,LEN("2025::jama.2024.24764::"))<>"2025::jama.2024.24764::"),"CHECK KEY",IF(OR(AND(NOT(AND(D6="retain",E6="statistical_results")),H6<>"",NOT(EXACT(H6,"not_applicable"))),AND(NOT(AND(D6="retain",E6="statistical_results")),I6<>"",NOT(EXACT(I6,"not_applicable"))),AND(NOT(AND(D6="retain",E6="statistical_results")),J6<>"",NOT(EXACT(J6,"not_applicable"))),AND(NOT(AND(D6="retain",OR(E6="report_internal_inconsistency",E6="plan_material"))),K6<>"",NOT(EXACT(K6,"not_applicable"))),AND(NOT(AND(D6="retain",E6="protocol_report")),L6<>"",NOT(EXACT(L6,"not_applicable")))),"CLEAR INACTIVE VALUES",IF(OR(NOT(OR(EXACT(D6,"retain"),EXACT(D6,"exclude"),EXACT(D6,"discuss"))),NOT(OR(EXACT(E6,"statistical_results"),EXACT(E6,"report_internal_inconsistency"),EXACT(E6,"plan_material"),EXACT(E6,"protocol_report"))),AND(AND(D6="retain",E6="statistical_results"),NOT(OR(EXACT(H6,"confirmed_issue"),EXACT(H6,"probable_issue"),EXACT(H6,"not_issue"),EXACT(H6,"indeterminate")))),AND(AND(D6="retain",E6="statistical_results"),NOT(OR(EXACT(I6,"substantive"),EXACT(I6,"minor_presentation"),EXACT(I6,"indeterminate")))),AND(AND(D6="retain",E6="statistical_results"),J6<>"",NOT(OR(EXACT(J6,"direct"),EXACT(J6,"possible"),EXACT(J6,"unlikely"),EXACT(J6,"unknown")))),AND(AND(D6="retain",OR(E6="report_internal_inconsistency",E6="plan_material")),NOT(OR(EXACT(K6,"substantive_inconsistency"),EXACT(K6,"minor_presentation"),EXACT(K6,"non_inconsistency"),EXACT(K6,"indeterminate")))),AND(AND(D6="retain",E6="protocol_report"),L6<>"",NOT(OR(EXACT(L6,"substantive_difference"),EXACT(L6,"minor_presentation"),EXACT(L6,"version_timing"),EXACT(L6,"non_inconsistency"),EXACT(L6,"indeterminate"))))),"CHECK FIELDS",IF(AND(F6<>"",NOT(OR(EXACT(F6,"no"),EXACT(F6,"primary_done")))),"CHECK COMPLETE",IF(EXACT(F6,"primary_done"),"PRIMARY READY","PRIMARY DRAFT")))))),"CHECK INPUT / KEY") | H6: =IF(AND(OR(D6="retain",D6=""),E6="statistical_results"),"","not_applicable") | I6: =IF(AND(OR(D6="retain",D6=""),E6="statistical_results"),"","not_applicable") | J6: =IF(AND(OR(D6="retain",D6=""),E6="statistical_results"),"","not_applicable") | K6: minor_presentation | L6: =IF(AND(OR(D6="retain",D6=""),E6="protocol_report"),"","not_applicable") | R6: SAP §9.6 p.26 lists participant as a fixed effect together with treatment group and baseline score; read literally, these are aliased with participant indicators. The repeated-measures/unstructured-covariance wording makes the intended model clear, so I treat it as a wording slip in the plan.

Sheet C_jama.2024.27643
A1: Candidate key | B1: Candidate title | C1: Source location | D1: Disposition | E1: Review domain (AI suggestion; editable) | F1: Complete | G1: Validation hint | H1: Statistical_or_numerical issue | I1: Substantiveness | J1: Downstream impact | K1: Report-internal or planning-material inconsistency | L1: Protocol interpretation | R1: Notes (optional)
A2: 2025::jama.2024.27643::C001 | B2: Muscle-strength outcome status | C2: Physical PDF pages; PLAN/REPORT roles are stated above and within the evidence. joi240158supp1_prod_1742927563.7611.pdf — PDF p. 112; joi240158supp1_prod_1742927563.7611.pdf — PDF p. 184; joi240158supp2_prod_1742927563.7711.pdf — PDF p. 76; joi240158supp2_prod_1742927563.7711.pdf — PDF p. 77; joi240158supp2_prod_1742927563.7711.pdf — PDF p. 78; joi240158supp2_prod_1742927563.7711.pdf — PDF p. 109; joi240158supp2_prod_1742927563.7711.pdf — PDF p. 110; joi240158supp2_prod_1742927563.7711.pdf — PDF p. 111; joi240158supp2_prod_1742927563.7711.pdf — PDF p. 112; jama_berry_2025_oi_240158_1742927563.7361.pdf — PDF p. 3; joi240158supp3_prod_1742927563.7911.pdf — PDF p. 5; joi240158supp3_prod_1742927563.7911.pdf — PDF p. 6; joi240158supp2_prod_1742927563.7711.pdf — PDF p. 104 | D2: retain | E2: protocol_report | F2: primary_done | G2: =IFERROR(IF(LEN(TRIM(CLEAN(SUBSTITUTE(Setup!$B$2,CHAR(160)," "))))=0,"CHECK REVIEWER ID",IF(OR(A2="",COUNTIF($A$2:$A$17,A2)<>1,LEFT(A2,LEN("2025::jama.2024.27643::"))<>"2025::jama.2024.27643::"),"CHECK KEY",IF(OR(AND(NOT(AND(D2="retain",E2="statistical_results")),H2<>"",NOT(EXACT(H2,"not_applicable"))),AND(NOT(AND(D2="retain",E2="statistical_results")),I2<>"",NOT(EXACT(I2,"not_applicable"))),AND(NOT(AND(D2="retain",E2="statistical_results")),J2<>"",NOT(EXACT(J2,"not_applicable"))),AND(NOT(AND(D2="retain",OR(E2="report_internal_inconsistency",E2="plan_material"))),K2<>"",NOT(EXACT(K2,"not_applicable"))),AND(NOT(AND(D2="retain",E2="protocol_report")),L2<>"",NOT(EXACT(L2,"not_applicable")))),"CLEAR INACTIVE VALUES",IF(OR(NOT(OR(EXACT(D2,"retain"),EXACT(D2,"exclude"),EXACT(D2,"discuss"))),NOT(OR(EXACT(E2,"statistical_results"),EXACT(E2,"report_internal_inconsistency"),EXACT(E2,"plan_material"),EXACT(E2,"protocol_report"))),AND(AND(D2="retain",E2="statistical_results"),NOT(OR(EXACT(H2,"confirmed_issue"),EXACT(H2,"probable_issue"),EXACT(H2,"not_issue"),EXACT(H2,"indeterminate")))),AND(AND(D2="retain",E2="statistical_results"),NOT(OR(EXACT(I2,"substantive"),EXACT(I2,"minor_presentation"),EXACT(I2,"indeterminate")))),AND(AND(D2="retain",E2="statistical_results"),J2<>"",NOT(OR(EXACT(J2,"direct"),EXACT(J2,"possible"),EXACT(J2,"unlikely"),EXACT(J2,"unknown")))),AND(AND(D2="retain",OR(E2="report_internal_inconsistency",E2="plan_material")),NOT(OR(EXACT(K2,"substantive_inconsistency"),EXACT(K2,"minor_presentation"),EXACT(K2,"non_inconsistency"),EXACT(K2,"indeterminate")))),AND(AND(D2="retain",E2="protocol_report"),L2<>"",NOT(OR(EXACT(L2,"substantive_difference"),EXACT(L2,"minor_presentation"),EXACT(L2,"version_timing"),EXACT(L2,"non_inconsistency"),EXACT(L2,"indeterminate"))))),"CHECK FIELDS",IF(AND(F2<>"",NOT(OR(EXACT(F2,"no"),EXACT(F2,"primary_done")))),"CHECK COMPLETE",IF(EXACT(F2,"primary_done"),"PRIMARY READY","PRIMARY DRAFT")))))),"CHECK INPUT / KEY") | H2: =IF(AND(OR(D2="retain",D2=""),E2="statistical_results"),"","not_applicable") | I2: =IF(AND(OR(D2="retain",D2=""),E2="statistical_results"),"","not_applicable") | J2: =IF(AND(OR(D2="retain",D2=""),E2="statistical_results"),"","not_applicable") | K2: =IF(AND(OR(D2="retain",D2=""),OR(E2="report_internal_inconsistency",E2="plan_material")),"","not_applicable") | L2: substantive_difference | R2: RSA C v3.0 (Supp1 p.112) and v6.0 (p.184) list change in muscle strength (HHD and grip) as a secondary efficacy endpoint; R-SAP v1.0/v3.0 (Supp2 pp.76-78, 109-112) and the report (main p.3; Supp3 pp.5-6) treat HHD as exploratory. Outcome-status change; report follows the SAP.
A3: 2025::jama.2024.27643::C002 | B3: Plasma NfL prespecification | C3: Physical PDF pages; PLAN/REPORT roles are stated above and within the evidence. jama_berry_2025_oi_240158_1742927563.7361.pdf — PDF p. 3; joi240158supp3_prod_1742927563.7911.pdf — PDF p. 6; joi240158supp3_prod_1742927563.7911.pdf — PDF p. 11; joi240158supp2_prod_1742927563.7711.pdf — PDF p. 110; joi240158supp2_prod_1742927563.7711.pdf — PDF p. 112; joi240158supp2_prod_1742927563.7711.pdf — PDF p. 127; joi240158supp2_prod_1742927563.7711.pdf — PDF p. 114; jama_berry_2025_oi_240158_1742927563.7361.pdf — PDF p. 8; joi240158supp3_prod_1742927563.7911.pdf — PDF p. 17 | D3: retain | E3: protocol_report | F3: primary_done | G3: =IFERROR(IF(LEN(TRIM(CLEAN(SUBSTITUTE(Setup!$B$2,CHAR(160)," "))))=0,"CHECK REVIEWER ID",IF(OR(A3="",COUNTIF($A$2:$A$17,A3)<>1,LEFT(A3,LEN("2025::jama.2024.27643::"))<>"2025::jama.2024.27643::"),"CHECK KEY",IF(OR(AND(NOT(AND(D3="retain",E3="statistical_results")),H3<>"",NOT(EXACT(H3,"not_applicable"))),AND(NOT(AND(D3="retain",E3="statistical_results")),I3<>"",NOT(EXACT(I3,"not_applicable"))),AND(NOT(AND(D3="retain",E3="statistical_results")),J3<>"",NOT(EXACT(J3,"not_applicable"))),AND(NOT(AND(D3="retain",OR(E3="report_internal_inconsistency",E3="plan_material"))),K3<>"",NOT(EXACT(K3,"not_applicable"))),AND(NOT(AND(D3="retain",E3="protocol_report")),L3<>"",NOT(EXACT(L3,"not_applicable")))),"CLEAR INACTIVE VALUES",IF(OR(NOT(OR(EXACT(D3,"retain"),EXACT(D3,"exclude"),EXACT(D3,"discuss"))),NOT(OR(EXACT(E3,"statistical_results"),EXACT(E3,"report_internal_inconsistency"),EXACT(E3,"plan_material"),EXACT(E3,"protocol_report"))),AND(AND(D3="retain",E3="statistical_results"),NOT(OR(EXACT(H3,"confirmed_issue"),EXACT(H3,"probable_issue"),EXACT(H3,"not_issue"),EXACT(H3,"indeterminate")))),AND(AND(D3="retain",E3="statistical_results"),NOT(OR(EXACT(I3,"substantive"),EXACT(I3,"minor_presentation"),EXACT(I3,"indeterminate")))),AND(AND(D3="retain",E3="statistical_results"),J3<>"",NOT(OR(EXACT(J3,"direct"),EXACT(J3,"possible"),EXACT(J3,"unlikely"),EXACT(J3,"unknown")))),AND(AND(D3="retain",OR(E3="report_internal_inconsistency",E3="plan_material")),NOT(OR(EXACT(K3,"substantive_inconsistency"),EXACT(K3,"minor_presentation"),EXACT(K3,"non_inconsistency"),EXACT(K3,"indeterminate")))),AND(AND(D3="retain",E3="protocol_report"),L3<>"",NOT(OR(EXACT(L3,"substantive_difference"),EXACT(L3,"minor_presentation"),EXACT(L3,"version_timing"),EXACT(L3,"non_inconsistency"),EXACT(L3,"indeterminate"))))),"CHECK FIELDS",IF(AND(F3<>"",NOT(OR(EXACT(F3,"no"),EXACT(F3,"primary_done")))),"CHECK COMPLETE",IF(EXACT(F3,"primary_done"),"PRIMARY READY","PRIMARY DRAFT")))))),"CHECK INPUT / KEY") | H3: =IF(AND(OR(D3="retain",D3=""),E3="statistical_results"),"","not_applicable") | I3: =IF(AND(OR(D3="retain",D3=""),E3="statistical_results"),"","not_applicable") | J3: =IF(AND(OR(D3="retain",D3=""),E3="statistical_results"),"","not_applicable") | K3: =IF(AND(OR(D3="retain",D3=""),OR(E3="report_internal_inconsistency",E3="plan_material")),"","not_applicable") | L3: substantive_difference | R3: Main p.3 says plasma NfL was prespecified (regimen-only samples); Supp3 p.6 and p.11 say plasma NfL was added post hoc (PD SAP originally specified UCH-L1 only). R-SAP v3.0 (Supp2 p.110, p.112) names serum and CSF NfL only. 'Prespecified' claim without a supplied plan basis; disclosed as post hoc in the supplement.
A4: 2025::jama.2024.27643::C003 | B4: Unreported named planned primary/key-secondary analyses | C4: Physical PDF pages; PLAN/REPORT roles are stated above and within the evidence. joi240158supp2_prod_1742927563.7711.pdf — PDF p. 116; joi240158supp2_prod_1742927563.7711.pdf — PDF p. 117; jama_berry_2025_oi_240158_1742927563.7361.pdf — PDF p. 4; joi240158supp3_prod_1742927563.7911.pdf — PDF p. 15; joi240158supp3_prod_1742927563.7911.pdf — PDF p. 9; joi240158supp2_prod_1742927563.7711.pdf — PDF p. 119; jama_berry_2025_oi_240158_1742927563.7361.pdf — PDF p. 3; joi240158supp3_prod_1742927563.7911.pdf — PDF p. 10; joi240158supp3_prod_1742927563.7911.pdf — PDF p. 16; joi240158supp3_prod_1742927563.7911.pdf — PDF p. 17; joi240158supp2_prod_1742927563.7711.pdf — PDF p. 125; jama_berry_2025_oi_240158_1742927563.7361.pdf — PDF p. 8; joi240158supp2_prod_1742927563.7711.pdf — PDF p. 113; joi240158supp2_prod_1742927563.7711.pdf — PDF p. 121; jama_berry_2025_oi_240158_1742927563.7361.pdf — PDF p. 7; joi240158supp3_prod_1742927563.7911.pdf — PDF p. 12; joi240158supp2_prod_1742927563.7711.pdf — PDF p. 126; joi240158supp3_prod_1742927563.7911.pdf — PDF p. 13; joi240158supp3_prod_1742927563.7911.pdf — PDF p. 18; joi240158supp3_prod_1742927563.7911.pdf — PDF p. 19; joi240158supp3_prod_1742927563.7911.pdf — PDF p. 20; joi240158supp3_prod_1742927563.7911.pdf — PDF p. 25; joi240158supp3_prod_1742927563.7911.pdf — PDF p. 1 | D4: retain | E4: protocol_report | F4: primary_done | G4: =IFERROR(IF(LEN(TRIM(CLEAN(SUBSTITUTE(Setup!$B$2,CHAR(160)," "))))=0,"CHECK REVIEWER ID",IF(OR(A4="",COUNTIF($A$2:$A$17,A4)<>1,LEFT(A4,LEN("2025::jama.2024.27643::"))<>"2025::jama.2024.27643::"),"CHECK KEY",IF(OR(AND(NOT(AND(D4="retain",E4="statistical_results")),H4<>"",NOT(EXACT(H4,"not_applicable"))),AND(NOT(AND(D4="retain",E4="statistical_results")),I4<>"",NOT(EXACT(I4,"not_applicable"))),AND(NOT(AND(D4="retain",E4="statistical_results")),J4<>"",NOT(EXACT(J4,"not_applicable"))),AND(NOT(AND(D4="retain",OR(E4="report_internal_inconsistency",E4="plan_material"))),K4<>"",NOT(EXACT(K4,"not_applicable"))),AND(NOT(AND(D4="retain",E4="protocol_report")),L4<>"",NOT(EXACT(L4,"not_applicable")))),"CLEAR INACTIVE VALUES",IF(OR(NOT(OR(EXACT(D4,"retain"),EXACT(D4,"exclude"),EXACT(D4,"discuss"))),NOT(OR(EXACT(E4,"statistical_results"),EXACT(E4,"report_internal_inconsistency"),EXACT(E4,"plan_material"),EXACT(E4,"protocol_report"))),AND(AND(D4="retain",E4="statistical_results"),NOT(OR(EXACT(H4,"confirmed_issue"),EXACT(H4,"probable_issue"),EXACT(H4,"not_issue"),EXACT(H4,"indeterminate")))),AND(AND(D4="retain",E4="statistical_results"),NOT(OR(EXACT(I4,"substantive"),EXACT(I4,"minor_presentation"),EXACT(I4,"indeterminate")))),AND(AND(D4="retain",E4="statistical_results"),J4<>"",NOT(OR(EXACT(J4,"direct"),EXACT(J4,"possible"),EXACT(J4,"unlikely"),EXACT(J4,"unknown")))),AND(AND(D4="retain",OR(E4="report_internal_inconsistency",E4="plan_material")),NOT(OR(EXACT(K4,"substantive_inconsistency"),EXACT(K4,"minor_presentation"),EXACT(K4,"non_inconsistency"),EXACT(K4,"indeterminate")))),AND(AND(D4="retain",E4="protocol_report"),L4<>"",NOT(OR(EXACT(L4,"substantive_difference"),EXACT(L4,"minor_presentation"),EXACT(L4,"version_timing"),EXACT(L4,"non_inconsistency"),EXACT(L4,"indeterminate"))))),"CHECK FIELDS",IF(AND(F4<>"",NOT(OR(EXACT(F4,"no"),EXACT(F4,"primary_done")))),"CHECK COMPLETE",IF(EXACT(F4,"primary_done"),"PRIMARY READY","PRIMARY DRAFT")))))),"CHECK INPUT / KEY") | H4: =IF(AND(OR(D4="retain",D4=""),E4="statistical_results"),"","not_applicable") | I4: =IF(AND(OR(D4="retain",D4=""),E4="statistical_results"),"","not_applicable") | J4: =IF(AND(OR(D4="retain",D4=""),E4="statistical_results"),"","not_applicable") | K4: =IF(AND(OR(D4="retain",D4=""),OR(E4="report_internal_inconsistency",E4="plan_material")),"","not_applicable") | L4: substantive_difference | R4: R-SAP v3.0 plans ECM sensitivity and EPP supportive DRR analyses (Supp2 pp.116-117), several joint-rank variants (p.119), placebo-reference multiple imputation (p.125), death-alone survival (p.113, 121) and subgroups incl. early disease state, urate, onset site, clinic site (pp.125-126). None has an output in the main article or Supp3 (searched); Supp3 p.6 says only 'relevant' exploratory analyses are presented.
A5: 2025::jama.2024.27643::C004 | B5: Adjusted planned CAFS versus reported Wilcoxon | C5: Physical PDF pages; PLAN/REPORT roles are stated above and within the evidence. joi240158supp2_prod_1742927563.7711.pdf — PDF p. 118; joi240158supp2_prod_1742927563.7711.pdf — PDF p. 119; jama_berry_2025_oi_240158_1742927563.7361.pdf — PDF p. 3; jama_berry_2025_oi_240158_1742927563.7361.pdf — PDF p. 4; joi240158supp3_prod_1742927563.7911.pdf — PDF p. 9; joi240158supp2_prod_1742927563.7711.pdf — PDF p. 84; joi240158supp2_prod_1742927563.7711.pdf — PDF p. 97 | D5: retain | E5: protocol_report | F5: primary_done | G5: =IFERROR(IF(LEN(TRIM(CLEAN(SUBSTITUTE(Setup!$B$2,CHAR(160)," "))))=0,"CHECK REVIEWER ID",IF(OR(A5="",COUNTIF($A$2:$A$17,A5)<>1,LEFT(A5,LEN("2025::jama.2024.27643::"))<>"2025::jama.2024.27643::"),"CHECK KEY",IF(OR(AND(NOT(AND(D5="retain",E5="statistical_results")),H5<>"",NOT(EXACT(H5,"not_applicable"))),AND(NOT(AND(D5="retain",E5="statistical_results")),I5<>"",NOT(EXACT(I5,"not_applicable"))),AND(NOT(AND(D5="retain",E5="statistical_results")),J5<>"",NOT(EXACT(J5,"not_applicable"))),AND(NOT(AND(D5="retain",OR(E5="report_internal_inconsistency",E5="plan_material"))),K5<>"",NOT(EXACT(K5,"not_applicable"))),AND(NOT(AND(D5="retain",E5="protocol_report")),L5<>"",NOT(EXACT(L5,"not_applicable")))),"CLEAR INACTIVE VALUES",IF(OR(NOT(OR(EXACT(D5,"retain"),EXACT(D5,"exclude"),EXACT(D5,"discuss"))),NOT(OR(EXACT(E5,"statistical_results"),EXACT(E5,"report_internal_inconsistency"),EXACT(E5,"plan_material"),EXACT(E5,"protocol_report"))),AND(AND(D5="retain",E5="statistical_results"),NOT(OR(EXACT(H5,"confirmed_issue"),EXACT(H5,"probable_issue"),EXACT(H5,"not_issue"),EXACT(H5,"indeterminate")))),AND(AND(D5="retain",E5="statistical_results"),NOT(OR(EXACT(I5,"substantive"),EXACT(I5,"minor_presentation"),EXACT(I5,"indeterminate")))),AND(AND(D5="retain",E5="statistical_results"),J5<>"",NOT(OR(EXACT(J5,"direct"),EXACT(J5,"possible"),EXACT(J5,"unlikely"),EXACT(J5,"unknown")))),AND(AND(D5="retain",OR(E5="report_internal_inconsistency",E5="plan_material")),NOT(OR(EXACT(K5,"substantive_inconsistency"),EXACT(K5,"minor_presentation"),EXACT(K5,"non_inconsistency"),EXACT(K5,"indeterminate")))),AND(AND(D5="retain",E5="protocol_report"),L5<>"",NOT(OR(EXACT(L5,"substantive_difference"),EXACT(L5,"minor_presentation"),EXACT(L5,"version_timing"),EXACT(L5,"non_inconsistency"),EXACT(L5,"indeterminate"))))),"CHECK FIELDS",IF(AND(F5<>"",NOT(OR(EXACT(F5,"no"),EXACT(F5,"primary_done")))),"CHECK COMPLETE",IF(EXACT(F5,"primary_done"),"PRIMARY READY","PRIMARY DRAFT")))))),"CHECK INPUT / KEY") | H5: =IF(AND(OR(D5="retain",D5=""),E5="statistical_results"),"","not_applicable") | I5: =IF(AND(OR(D5="retain",D5=""),E5="statistical_results"),"","not_applicable") | J5: =IF(AND(OR(D5="retain",D5=""),E5="statistical_results"),"","not_applicable") | K5: =IF(AND(OR(D5="retain",D5=""),OR(E5="report_internal_inconsistency",E5="plan_material")),"","not_applicable") | L5: version_timing | R5: R-SAP v3.0 (22 Jul 2022; Supp2 pp.117-118, change log p.97) makes the primary CAFS analysis a covariate-adjusted rank regression; the report uses a Wilcoxon rank-sum test (main p.3; P=.51, p.4), which matches R-SAP v1.0 (17 Mar 2022; Supp2 p.84). Which version governed the final analysis is not stated.
A6: 2025::jama.2024.27643::C005 | B6: Planned survival logrank result | C6: Physical PDF pages; PLAN/REPORT roles are stated above and within the evidence. joi240158supp2_prod_1742927563.7711.pdf — PDF p. 117; joi240158supp2_prod_1742927563.7711.pdf — PDF p. 121; joi240158supp2_prod_1742927563.7711.pdf — PDF p. 85; joi240158supp2_prod_1742927563.7711.pdf — PDF p. 86; jama_berry_2025_oi_240158_1742927563.7361.pdf — PDF p. 3; jama_berry_2025_oi_240158_1742927563.7361.pdf — PDF p. 4; jama_berry_2025_oi_240158_1742927563.7361.pdf — PDF p. 7; joi240158supp3_prod_1742927563.7911.pdf — PDF p. 10; joi240158supp2_prod_1742927563.7711.pdf — PDF p. 118 | D6: retain | E6: protocol_report | F6: primary_done | G6: =IFERROR(IF(LEN(TRIM(CLEAN(SUBSTITUTE(Setup!$B$2,CHAR(160)," "))))=0,"CHECK REVIEWER ID",IF(OR(A6="",COUNTIF($A$2:$A$17,A6)<>1,LEFT(A6,LEN("2025::jama.2024.27643::"))<>"2025::jama.2024.27643::"),"CHECK KEY",IF(OR(AND(NOT(AND(D6="retain",E6="statistical_results")),H6<>"",NOT(EXACT(H6,"not_applicable"))),AND(NOT(AND(D6="retain",E6="statistical_results")),I6<>"",NOT(EXACT(I6,"not_applicable"))),AND(NOT(AND(D6="retain",E6="statistical_results")),J6<>"",NOT(EXACT(J6,"not_applicable"))),AND(NOT(AND(D6="retain",OR(E6="report_internal_inconsistency",E6="plan_material"))),K6<>"",NOT(EXACT(K6,"not_applicable"))),AND(NOT(AND(D6="retain",E6="protocol_report")),L6<>"",NOT(EXACT(L6,"not_applicable")))),"CLEAR INACTIVE VALUES",IF(OR(NOT(OR(EXACT(D6,"retain"),EXACT(D6,"exclude"),EXACT(D6,"discuss"))),NOT(OR(EXACT(E6,"statistical_results"),EXACT(E6,"report_internal_inconsistency"),EXACT(E6,"plan_material"),EXACT(E6,"protocol_report"))),AND(AND(D6="retain",E6="statistical_results"),NOT(OR(EXACT(H6,"confirmed_issue"),EXACT(H6,"probable_issue"),EXACT(H6,"not_issue"),EXACT(H6,"indeterminate")))),AND(AND(D6="retain",E6="statistical_results"),NOT(OR(EXACT(I6,"substantive"),EXACT(I6,"minor_presentation"),EXACT(I6,"indeterminate")))),AND(AND(D6="retain",E6="statistical_results"),J6<>"",NOT(OR(EXACT(J6,"direct"),EXACT(J6,"possible"),EXACT(J6,"unlikely"),EXACT(J6,"unknown")))),AND(AND(D6="retain",OR(E6="report_internal_inconsistency",E6="plan_material")),NOT(OR(EXACT(K6,"substantive_inconsistency"),EXACT(K6,"minor_presentation"),EXACT(K6,"non_inconsistency"),EXACT(K6,"indeterminate")))),AND(AND(D6="retain",E6="protocol_report"),L6<>"",NOT(OR(EXACT(L6,"substantive_difference"),EXACT(L6,"minor_presentation"),EXACT(L6,"version_timing"),EXACT(L6,"non_inconsistency"),EXACT(L6,"indeterminate"))))),"CHECK FIELDS",IF(AND(F6<>"",NOT(OR(EXACT(F6,"no"),EXACT(F6,"primary_done")))),"CHECK COMPLETE",IF(EXACT(F6,"primary_done"),"PRIMARY READY","PRIMARY DRAFT")))))),"CHECK INPUT / KEY") | H6: =IF(AND(OR(D6="retain",D6=""),E6="statistical_results"),"","not_applicable") | I6: =IF(AND(OR(D6="retain",D6=""),E6="statistical_results"),"","not_applicable") | J6: =IF(AND(OR(D6="retain",D6=""),E6="statistical_results"),"","not_applicable") | K6: =IF(AND(OR(D6="retain",D6=""),OR(E6="report_internal_inconsistency",E6="plan_material")),"","not_applicable") | L6: substantive_difference | R6: Both R-SAP versions (Supp2 p.86, p.121) make the Kaplan-Meier/log-rank test the primary survival analysis (unadjusted Cox HR only if log-rank significant); the report gives covariate-adjusted Cox HRs and P values (main p.3, p.7 Table 2) and no log-rank result.
A7: 2025::jama.2024.27643::C006 | B7: Survival covariate-set descriptions | C7: Physical PDF pages; PLAN/REPORT roles are stated above and within the evidence. jama_berry_2025_oi_240158_1742927563.7361.pdf — PDF p. 3; joi240158supp3_prod_1742927563.7911.pdf — PDF p. 10; jama_berry_2025_oi_240158_1742927563.7361.pdf — PDF p. 7; joi240158supp3_prod_1742927563.7911.pdf — PDF p. 12; joi240158supp2_prod_1742927563.7711.pdf — PDF p. 121 | D7: retain | E7: statistical_results | F7: primary_done | G7: =IFERROR(IF(LEN(TRIM(CLEAN(SUBSTITUTE(Setup!$B$2,CHAR(160)," "))))=0,"CHECK REVIEWER ID",IF(OR(A7="",COUNTIF($A$2:$A$17,A7)<>1,LEFT(A7,LEN("2025::jama.2024.27643::"))<>"2025::jama.2024.27643::"),"CHECK KEY",IF(OR(AND(NOT(AND(D7="retain",E7="statistical_results")),H7<>"",NOT(EXACT(H7,"not_applicable"))),AND(NOT(AND(D7="retain",E7="statistical_results")),I7<>"",NOT(EXACT(I7,"not_applicable"))),AND(NOT(AND(D7="retain",E7="statistical_results")),J7<>"",NOT(EXACT(J7,"not_applicable"))),AND(NOT(AND(D7="retain",OR(E7="report_internal_inconsistency",E7="plan_material"))),K7<>"",NOT(EXACT(K7,"not_applicable"))),AND(NOT(AND(D7="retain",E7="protocol_report")),L7<>"",NOT(EXACT(L7,"not_applicable")))),"CLEAR INACTIVE VALUES",IF(OR(NOT(OR(EXACT(D7,"retain"),EXACT(D7,"exclude"),EXACT(D7,"discuss"))),NOT(OR(EXACT(E7,"statistical_results"),EXACT(E7,"report_internal_inconsistency"),EXACT(E7,"plan_material"),EXACT(E7,"protocol_report"))),AND(AND(D7="retain",E7="statistical_results"),NOT(OR(EXACT(H7,"confirmed_issue"),EXACT(H7,"probable_issue"),EXACT(H7,"not_issue"),EXACT(H7,"indeterminate")))),AND(AND(D7="retain",E7="statistical_results"),NOT(OR(EXACT(I7,"substantive"),EXACT(I7,"minor_presentation"),EXACT(I7,"indeterminate")))),AND(AND(D7="retain",E7="statistical_results"),J7<>"",NOT(OR(EXACT(J7,"direct"),EXACT(J7,"possible"),EXACT(J7,"unlikely"),EXACT(J7,"unknown")))),AND(AND(D7="retain",OR(E7="report_internal_inconsistency",E7="plan_material")),NOT(OR(EXACT(K7,"substantive_inconsistency"),EXACT(K7,"minor_presentation"),EXACT(K7,"non_inconsistency"),EXACT(K7,"indeterminate")))),AND(AND(D7="retain",E7="protocol_report"),L7<>"",NOT(OR(EXACT(L7,"substantive_difference"),EXACT(L7,"minor_presentation"),EXACT(L7,"version_timing"),EXACT(L7,"non_inconsistency"),EXACT(L7,"indeterminate"))))),"CHECK FIELDS",IF(AND(F7<>"",NOT(OR(EXACT(F7,"no"),EXACT(F7,"primary_done")))),"CHECK COMPLETE",IF(EXACT(F7,"primary_done"),"PRIMARY READY","PRIMARY DRAFT")))))),"CHECK INPUT / KEY") | H7: confirmed_issue | I7: minor_presentation | J7: unlikely | K7: =IF(AND(OR(D7="retain",D7=""),OR(E7="report_internal_inconsistency",E7="plan_material")),"","not_applicable") | L7: =IF(AND(OR(D7="retain",D7=""),E7="protocol_report"),"","not_applicable") | R7: Main p.3 and Supp3 p.10 list Cox covariates as prebaseline slope, months since onset, riluzole, edaravone and age; Table 2 footnote b (main p.7) lists the same plus sex. Same models, two covariate sets; which was fitted is not determinable.
A8: 2025::jama.2024.27643::C007 | B8: Mortality component estimates | C8: Physical PDF pages; PLAN/REPORT roles are stated above and within the evidence. jama_berry_2025_oi_240158_1742927563.7361.pdf — PDF p. 4; joi240158supp3_prod_1742927563.7911.pdf — PDF p. 15 | D8: retain | E8: statistical_results | F8: primary_done | G8: =IFERROR(IF(LEN(TRIM(CLEAN(SUBSTITUTE(Setup!$B$2,CHAR(160)," "))))=0,"CHECK REVIEWER ID",IF(OR(A8="",COUNTIF($A$2:$A$17,A8)<>1,LEFT(A8,LEN("2025::jama.2024.27643::"))<>"2025::jama.2024.27643::"),"CHECK KEY",IF(OR(AND(NOT(AND(D8="retain",E8="statistical_results")),H8<>"",NOT(EXACT(H8,"not_applicable"))),AND(NOT(AND(D8="retain",E8="statistical_results")),I8<>"",NOT(EXACT(I8,"not_applicable"))),AND(NOT(AND(D8="retain",E8="statistical_results")),J8<>"",NOT(EXACT(J8,"not_applicable"))),AND(NOT(AND(D8="retain",OR(E8="report_internal_inconsistency",E8="plan_material"))),K8<>"",NOT(EXACT(K8,"not_applicable"))),AND(NOT(AND(D8="retain",E8="protocol_report")),L8<>"",NOT(EXACT(L8,"not_applicable")))),"CLEAR INACTIVE VALUES",IF(OR(NOT(OR(EXACT(D8,"retain"),EXACT(D8,"exclude"),EXACT(D8,"discuss"))),NOT(OR(EXACT(E8,"statistical_results"),EXACT(E8,"report_internal_inconsistency"),EXACT(E8,"plan_material"),EXACT(E8,"protocol_report"))),AND(AND(D8="retain",E8="statistical_results"),NOT(OR(EXACT(H8,"confirmed_issue"),EXACT(H8,"probable_issue"),EXACT(H8,"not_issue"),EXACT(H8,"indeterminate")))),AND(AND(D8="retain",E8="statistical_results"),NOT(OR(EXACT(I8,"substantive"),EXACT(I8,"minor_presentation"),EXACT(I8,"indeterminate")))),AND(AND(D8="retain",E8="statistical_results"),J8<>"",NOT(OR(EXACT(J8,"direct"),EXACT(J8,"possible"),EXACT(J8,"unlikely"),EXACT(J8,"unknown")))),AND(AND(D8="retain",OR(E8="report_internal_inconsistency",E8="plan_material")),NOT(OR(EXACT(K8,"substantive_inconsistency"),EXACT(K8,"minor_presentation"),EXACT(K8,"non_inconsistency"),EXACT(K8,"indeterminate")))),AND(AND(D8="retain",E8="protocol_report"),L8<>"",NOT(OR(EXACT(L8,"substantive_difference"),EXACT(L8,"minor_presentation"),EXACT(L8,"version_timing"),EXACT(L8,"non_inconsistency"),EXACT(L8,"indeterminate"))))),"CHECK FIELDS",IF(AND(F8<>"",NOT(OR(EXACT(F8,"no"),EXACT(F8,"primary_done")))),"CHECK COMPLETE",IF(EXACT(F8,"primary_done"),"PRIMARY READY","PRIMARY DRAFT")))))),"CHECK INPUT / KEY") | H8: confirmed_issue | I8: substantive | J8: direct | K8: =IF(AND(OR(D8="retain",D8=""),OR(E8="report_internal_inconsistency",E8="plan_material")),"","not_applicable") | L8: =IF(AND(OR(D8="retain",D8=""),E8="protocol_report"),"","not_applicable") | R8: Main p.4 gives model mortality rates 0.007 (shared placebo) and 0.006 (CNM-Au8) events/month citing eTable 2; eTable 2 (Supp3 p.15) gives 0.010 and 0.009 (median and mean). Slope CrIs also differ (main -1.176 to -0.892 and -1.153 to -0.858 vs eTable -1.181 to -0.894 and -1.143 to -0.847).
A9: 2025::jama.2024.27643::C008 | B9: SVC change versus monthly rate | C9: Physical PDF pages; PLAN/REPORT roles are stated above and within the evidence. jama_berry_2025_oi_240158_1742927563.7361.pdf — PDF p. 4; joi240158supp3_prod_1742927563.7911.pdf — PDF p. 16; jama_berry_2025_oi_240158_1742927563.7361.pdf — PDF p. 3; joi240158supp3_prod_1742927563.7911.pdf — PDF p. 10; joi240158supp2_prod_1742927563.7711.pdf — PDF p. 119; joi240158supp2_prod_1742927563.7711.pdf — PDF p. 120; joi240158supp2_prod_1742927563.7711.pdf — PDF p. 121; joi240158supp2_prod_1742927563.7711.pdf — PDF p. 122; joi240158supp2_prod_1742927563.7711.pdf — PDF p. 123 | D9: retain | E9: report_internal_inconsistency | F9: primary_done | G9: =IFERROR(IF(LEN(TRIM(CLEAN(SUBSTITUTE(Setup!$B$2,CHAR(160)," "))))=0,"CHECK REVIEWER ID",IF(OR(A9="",COUNTIF($A$2:$A$17,A9)<>1,LEFT(A9,LEN("2025::jama.2024.27643::"))<>"2025::jama.2024.27643::"),"CHECK KEY",IF(OR(AND(NOT(AND(D9="retain",E9="statistical_results")),H9<>"",NOT(EXACT(H9,"not_applicable"))),AND(NOT(AND(D9="retain",E9="statistical_results")),I9<>"",NOT(EXACT(I9,"not_applicable"))),AND(NOT(AND(D9="retain",E9="statistical_results")),J9<>"",NOT(EXACT(J9,"not_applicable"))),AND(NOT(AND(D9="retain",OR(E9="report_internal_inconsistency",E9="plan_material"))),K9<>"",NOT(EXACT(K9,"not_applicable"))),AND(NOT(AND(D9="retain",E9="protocol_report")),L9<>"",NOT(EXACT(L9,"not_applicable")))),"CLEAR INACTIVE VALUES",IF(OR(NOT(OR(EXACT(D9,"retain"),EXACT(D9,"exclude"),EXACT(D9,"discuss"))),NOT(OR(EXACT(E9,"statistical_results"),EXACT(E9,"report_internal_inconsistency"),EXACT(E9,"plan_material"),EXACT(E9,"protocol_report"))),AND(AND(D9="retain",E9="statistical_results"),NOT(OR(EXACT(H9,"confirmed_issue"),EXACT(H9,"probable_issue"),EXACT(H9,"not_issue"),EXACT(H9,"indeterminate")))),AND(AND(D9="retain",E9="statistical_results"),NOT(OR(EXACT(I9,"substantive"),EXACT(I9,"minor_presentation"),EXACT(I9,"indeterminate")))),AND(AND(D9="retain",E9="statistical_results"),J9<>"",NOT(OR(EXACT(J9,"direct"),EXACT(J9,"possible"),EXACT(J9,"unlikely"),EXACT(J9,"unknown")))),AND(AND(D9="retain",OR(E9="report_internal_inconsistency",E9="plan_material")),NOT(OR(EXACT(K9,"substantive_inconsistency"),EXACT(K9,"minor_presentation"),EXACT(K9,"non_inconsistency"),EXACT(K9,"indeterminate")))),AND(AND(D9="retain",E9="protocol_report"),L9<>"",NOT(OR(EXACT(L9,"substantive_difference"),EXACT(L9,"minor_presentation"),EXACT(L9,"version_timing"),EXACT(L9,"non_inconsistency"),EXACT(L9,"indeterminate"))))),"CHECK FIELDS",IF(AND(F9<>"",NOT(OR(EXACT(F9,"no"),EXACT(F9,"primary_done")))),"CHECK COMPLETE",IF(EXACT(F9,"primary_done"),"PRIMARY READY","PRIMARY DRAFT")))))),"CHECK INPUT / KEY") | H9: =IF(AND(OR(D9="retain",D9=""),E9="statistical_results"),"","not_applicable") | I9: =IF(AND(OR(D9="retain",D9=""),E9="statistical_results"),"","not_applicable") | J9: =IF(AND(OR(D9="retain",D9=""),E9="statistical_results"),"","not_applicable") | K9: substantive_inconsistency | L9: =IF(AND(OR(D9="retain",D9=""),E9="protocol_report"),"","not_applicable") | R9: Main p.4 labels -9.32 vs -8.53 (difference -0.78 [-4.25 to 2.68]) as 'PPN per month', but eTable 3A (Supp3 p.16) labels them 24-week change estimates; the NfL-adjusted 'sensitivity' then gives -1.73 vs -1.55 PPN/month, a different (slope) quantity, yet is said not to change inference.
A10: 2025::jama.2024.27643::C009 | B10: Survival regimen-placebo exclusions and denominator | C10: Physical PDF pages; PLAN/REPORT roles are stated above and within the evidence. jama_berry_2025_oi_240158_1742927563.7361.pdf — PDF p. 4; jama_berry_2025_oi_240158_1742927563.7361.pdf — PDF p. 7 | D10: retain | E10: statistical_results | F10: primary_done | G10: =IFERROR(IF(LEN(TRIM(CLEAN(SUBSTITUTE(Setup!$B$2,CHAR(160)," "))))=0,"CHECK REVIEWER ID",IF(OR(A10="",COUNTIF($A$2:$A$17,A10)<>1,LEFT(A10,LEN("2025::jama.2024.27643::"))<>"2025::jama.2024.27643::"),"CHECK KEY",IF(OR(AND(NOT(AND(D10="retain",E10="statistical_results")),H10<>"",NOT(EXACT(H10,"not_applicable"))),AND(NOT(AND(D10="retain",E10="statistical_results")),I10<>"",NOT(EXACT(I10,"not_applicable"))),AND(NOT(AND(D10="retain",E10="statistical_results")),J10<>"",NOT(EXACT(J10,"not_applicable"))),AND(NOT(AND(D10="retain",OR(E10="report_internal_inconsistency",E10="plan_material"))),K10<>"",NOT(EXACT(K10,"not_applicable"))),AND(NOT(AND(D10="retain",E10="protocol_report")),L10<>"",NOT(EXACT(L10,"not_applicable")))),"CLEAR INACTIVE VALUES",IF(OR(NOT(OR(EXACT(D10,"retain"),EXACT(D10,"exclude"),EXACT(D10,"discuss"))),NOT(OR(EXACT(E10,"statistical_results"),EXACT(E10,"report_internal_inconsistency"),EXACT(E10,"plan_material"),EXACT(E10,"protocol_report"))),AND(AND(D10="retain",E10="statistical_results"),NOT(OR(EXACT(H10,"confirmed_issue"),EXACT(H10,"probable_issue"),EXACT(H10,"not_issue"),EXACT(H10,"indeterminate")))),AND(AND(D10="retain",E10="statistical_results"),NOT(OR(EXACT(I10,"substantive"),EXACT(I10,"minor_presentation"),EXACT(I10,"indeterminate")))),AND(AND(D10="retain",E10="statistical_results"),J10<>"",NOT(OR(EXACT(J10,"direct"),EXACT(J10,"possible"),EXACT(J10,"unlikely"),EXACT(J10,"unknown")))),AND(AND(D10="retain",OR(E10="report_internal_inconsistency",E10="plan_material")),NOT(OR(EXACT(K10,"substantive_inconsistency"),EXACT(K10,"minor_presentation"),EXACT(K10,"non_inconsistency"),EXACT(K10,"indeterminate")))),AND(AND(D10="retain",E10="protocol_report"),L10<>"",NOT(OR(EXACT(L10,"substantive_difference"),EXACT(L10,"minor_presentation"),EXACT(L10,"version_timing"),EXACT(L10,"non_inconsistency"),EXACT(L10,"indeterminate"))))),"CHECK FIELDS",IF(AND(F10<>"",NOT(OR(EXACT(F10,"no"),EXACT(F10,"primary_done")))),"CHECK COMPLETE",IF(EXACT(F10,"primary_done"),"PRIMARY READY","PRIMARY DRAFT")))))),"CHECK INPUT / KEY") | H10: confirmed_issue | I10: minor_presentation | J10: unlikely | K10: =IF(AND(OR(D10="retain",D10=""),OR(E10="report_internal_inconsistency",E10="plan_material")),"","not_applicable") | L10: =IF(AND(OR(D10="retain",D10=""),E10="protocol_report"),"","not_applicable") | R10: Main p.4 says '4 of the 41 participants in the regimen placebo group and 2 in the shared placebo group were excluded' for no follow-up time, but Table 2 (p.7) uses 4/41 as regimen-placebo events and only 2 shared-placebo exclusions (164-2=162). The sentence misattributes the 4 events as exclusions.
A11: 2025::jama.2024.27643::C010 | B11: Prespecified subgroup partitions | C11: Physical PDF pages; PLAN/REPORT roles are stated above and within the evidence. joi240158supp2_prod_1742927563.7711.pdf — PDF p. 89; joi240158supp2_prod_1742927563.7711.pdf — PDF p. 126; joi240158supp3_prod_1742927563.7911.pdf — PDF p. 13; joi240158supp3_prod_1742927563.7911.pdf — PDF p. 20; joi240158supp2_prod_1742927563.7711.pdf — PDF p. 88; joi240158supp3_prod_1742927563.7911.pdf — PDF p. 19; jama_berry_2025_oi_240158_1742927563.7361.pdf — PDF p. 8 | D11: retain | E11: protocol_report | F11: primary_done | G11: =IFERROR(IF(LEN(TRIM(CLEAN(SUBSTITUTE(Setup!$B$2,CHAR(160)," "))))=0,"CHECK REVIEWER ID",IF(OR(A11="",COUNTIF($A$2:$A$17,A11)<>1,LEFT(A11,LEN("2025::jama.2024.27643::"))<>"2025::jama.2024.27643::"),"CHECK KEY",IF(OR(AND(NOT(AND(D11="retain",E11="statistical_results")),H11<>"",NOT(EXACT(H11,"not_applicable"))),AND(NOT(AND(D11="retain",E11="statistical_results")),I11<>"",NOT(EXACT(I11,"not_applicable"))),AND(NOT(AND(D11="retain",E11="statistical_results")),J11<>"",NOT(EXACT(J11,"not_applicable"))),AND(NOT(AND(D11="retain",OR(E11="report_internal_inconsistency",E11="plan_material"))),K11<>"",NOT(EXACT(K11,"not_applicable"))),AND(NOT(AND(D11="retain",E11="protocol_report")),L11<>"",NOT(EXACT(L11,"not_applicable")))),"CLEAR INACTIVE VALUES",IF(OR(NOT(OR(EXACT(D11,"retain"),EXACT(D11,"exclude"),EXACT(D11,"discuss"))),NOT(OR(EXACT(E11,"statistical_results"),EXACT(E11,"report_internal_inconsistency"),EXACT(E11,"plan_material"),EXACT(E11,"protocol_report"))),AND(AND(D11="retain",E11="statistical_results"),NOT(OR(EXACT(H11,"confirmed_issue"),EXACT(H11,"probable_issue"),EXACT(H11,"not_issue"),EXACT(H11,"indeterminate")))),AND(AND(D11="retain",E11="statistical_results"),NOT(OR(EXACT(I11,"substantive"),EXACT(I11,"minor_presentation"),EXACT(I11,"indeterminate")))),AND(AND(D11="retain",E11="statistical_results"),J11<>"",NOT(OR(EXACT(J11,"direct"),EXACT(J11,"possible"),EXACT(J11,"unlikely"),EXACT(J11,"unknown")))),AND(AND(D11="retain",OR(E11="report_internal_inconsistency",E11="plan_material")),NOT(OR(EXACT(K11,"substantive_inconsistency"),EXACT(K11,"minor_presentation"),EXACT(K11,"non_inconsistency"),EXACT(K11,"indeterminate")))),AND(AND(D11="retain",E11="protocol_report"),L11<>"",NOT(OR(EXACT(L11,"substantive_difference"),EXACT(L11,"minor_presentation"),EXACT(L11,"version_timing"),EXACT(L11,"non_inconsistency"),EXACT(L11,"indeterminate"))))),"CHECK FIELDS",IF(AND(F11<>"",NOT(OR(EXACT(F11,"no"),EXACT(F11,"primary_done")))),"CHECK COMPLETE",IF(EXACT(F11,"primary_done"),"PRIMARY READY","PRIMARY DRAFT")))))),"CHECK INPUT / KEY") | H11: =IF(AND(OR(D11="retain",D11=""),E11="statistical_results"),"","not_applicable") | I11: =IF(AND(OR(D11="retain",D11=""),E11="statistical_results"),"","not_applicable") | J11: =IF(AND(OR(D11="retain",D11=""),E11="statistical_results"),"","not_applicable") | K11: =IF(AND(OR(D11="retain",D11=""),OR(E11="report_internal_inconsistency",E11="plan_material")),"","not_applicable") | L11: substantive_difference | R11: R-SAP v1.0/v3.0 subgroups (Supp2 pp.88-89, 125-126): delta-FRS in 3 fixed strata (<0.47, 0.47-<1.11, >=1.11), weight in 5 strata, El Escorial definite+<18 mo vs not both. Report (Supp3 p.13; eTable 4 pp.18-20) calls a dFRS median split prespecified, shows weight <56 kg, and splits 'Definite and <18 mo' vs 'Not definite and <18 mo'.
A12: 2025::jama.2024.27643::C011 | B12: Six-point functional-decline composite inside PLAN | C12: Physical PDF pages; PLAN/REPORT roles are stated above and within the evidence. joi240158supp1_prod_1742927563.7611.pdf — PDF p. 112; joi240158supp1_prod_1742927563.7611.pdf — PDF p. 184; joi240158supp2_prod_1742927563.7711.pdf — PDF p. 78; joi240158supp2_prod_1742927563.7711.pdf — PDF p. 111; joi240158supp2_prod_1742927563.7711.pdf — PDF p. 113; jama_berry_2025_oi_240158_1742927563.7361.pdf — PDF p. 3; joi240158supp2_prod_1742927563.7711.pdf — PDF p. 104 | D12: retain | E12: plan_material | F12: primary_done | G12: =IFERROR(IF(LEN(TRIM(CLEAN(SUBSTITUTE(Setup!$B$2,CHAR(160)," "))))=0,"CHECK REVIEWER ID",IF(OR(A12="",COUNTIF($A$2:$A$17,A12)<>1,LEFT(A12,LEN("2025::jama.2024.27643::"))<>"2025::jama.2024.27643::"),"CHECK KEY",IF(OR(AND(NOT(AND(D12="retain",E12="statistical_results")),H12<>"",NOT(EXACT(H12,"not_applicable"))),AND(NOT(AND(D12="retain",E12="statistical_results")),I12<>"",NOT(EXACT(I12,"not_applicable"))),AND(NOT(AND(D12="retain",E12="statistical_results")),J12<>"",NOT(EXACT(J12,"not_applicable"))),AND(NOT(AND(D12="retain",OR(E12="report_internal_inconsistency",E12="plan_material"))),K12<>"",NOT(EXACT(K12,"not_applicable"))),AND(NOT(AND(D12="retain",E12="protocol_report")),L12<>"",NOT(EXACT(L12,"not_applicable")))),"CLEAR INACTIVE VALUES",IF(OR(NOT(OR(EXACT(D12,"retain"),EXACT(D12,"exclude"),EXACT(D12,"discuss"))),NOT(OR(EXACT(E12,"statistical_results"),EXACT(E12,"report_internal_inconsistency"),EXACT(E12,"plan_material"),EXACT(E12,"protocol_report"))),AND(AND(D12="retain",E12="statistical_results"),NOT(OR(EXACT(H12,"confirmed_issue"),EXACT(H12,"probable_issue"),EXACT(H12,"not_issue"),EXACT(H12,"indeterminate")))),AND(AND(D12="retain",E12="statistical_results"),NOT(OR(EXACT(I12,"substantive"),EXACT(I12,"minor_presentation"),EXACT(I12,"indeterminate")))),AND(AND(D12="retain",E12="statistical_results"),J12<>"",NOT(OR(EXACT(J12,"direct"),EXACT(J12,"possible"),EXACT(J12,"unlikely"),EXACT(J12,"unknown")))),AND(AND(D12="retain",OR(E12="report_internal_inconsistency",E12="plan_material")),NOT(OR(EXACT(K12,"substantive_inconsistency"),EXACT(K12,"minor_presentation"),EXACT(K12,"non_inconsistency"),EXACT(K12,"indeterminate")))),AND(AND(D12="retain",E12="protocol_report"),L12<>"",NOT(OR(EXACT(L12,"substantive_difference"),EXACT(L12,"minor_presentation"),EXACT(L12,"version_timing"),EXACT(L12,"non_inconsistency"),EXACT(L12,"indeterminate"))))),"CHECK FIELDS",IF(AND(F12<>"",NOT(OR(EXACT(F12,"no"),EXACT(F12,"primary_done")))),"CHECK COMPLETE",IF(EXACT(F12,"primary_done"),"PRIMARY READY","PRIMARY DRAFT")))))),"CHECK INPUT / KEY") | H12: =IF(AND(OR(D12="retain",D12=""),E12="statistical_results"),"","not_applicable") | I12: =IF(AND(OR(D12="retain",D12=""),E12="statistical_results"),"","not_applicable") | J12: =IF(AND(OR(D12="retain",D12=""),E12="statistical_results"),"","not_applicable") | K12: substantive_inconsistency | L12: =IF(AND(OR(D12="retain",D12=""),E12="protocol_report"),"","not_applicable") | R12: RSA C v3.0/v6.0 (Supp1 pp.112, 184) defines the exploratory end point as the difference in the proportion with a >=6-point ALSFRS-R decline at week 24; both R-SAPs (Supp2 p.78, p.111) define time to first >=6-point decline or death/death equivalent (composite, censored). Different end point type within the plan; the report follows the SAP (main p.3).
A13: 2025::jama.2024.27643::C012 | B13: NfL interval versus P display pattern | C13: Physical PDF pages; PLAN/REPORT roles are stated above and within the evidence. joi240158supp3_prod_1742927563.7911.pdf — PDF p. 17; jama_berry_2025_oi_240158_1742927563.7361.pdf — PDF p. 4; jama_berry_2025_oi_240158_1742927563.7361.pdf — PDF p. 8 | D13: exclude | E13: statistical_results | F13: primary_done | G13: =IFERROR(IF(LEN(TRIM(CLEAN(SUBSTITUTE(Setup!$B$2,CHAR(160)," "))))=0,"CHECK REVIEWER ID",IF(OR(A13="",COUNTIF($A$2:$A$17,A13)<>1,LEFT(A13,LEN("2025::jama.2024.27643::"))<>"2025::jama.2024.27643::"),"CHECK KEY",IF(OR(AND(NOT(AND(D13="retain",E13="statistical_results")),H13<>"",NOT(EXACT(H13,"not_applicable"))),AND(NOT(AND(D13="retain",E13="statistical_results")),I13<>"",NOT(EXACT(I13,"not_applicable"))),AND(NOT(AND(D13="retain",E13="statistical_results")),J13<>"",NOT(EXACT(J13,"not_applicable"))),AND(NOT(AND(D13="retain",OR(E13="report_internal_inconsistency",E13="plan_material"))),K13<>"",NOT(EXACT(K13,"not_applicable"))),AND(NOT(AND(D13="retain",E13="protocol_report")),L13<>"",NOT(EXACT(L13,"not_applicable")))),"CLEAR INACTIVE VALUES",IF(OR(NOT(OR(EXACT(D13,"retain"),EXACT(D13,"exclude"),EXACT(D13,"discuss"))),NOT(OR(EXACT(E13,"statistical_results"),EXACT(E13,"report_internal_inconsistency"),EXACT(E13,"plan_material"),EXACT(E13,"protocol_report"))),AND(AND(D13="retain",E13="statistical_results"),NOT(OR(EXACT(H13,"confirmed_issue"),EXACT(H13,"probable_issue"),EXACT(H13,"not_issue"),EXACT(H13,"indeterminate")))),AND(AND(D13="retain",E13="statistical_results"),NOT(OR(EXACT(I13,"substantive"),EXACT(I13,"minor_presentation"),EXACT(I13,"indeterminate")))),AND(AND(D13="retain",E13="statistical_results"),J13<>"",NOT(OR(EXACT(J13,"direct"),EXACT(J13,"possible"),EXACT(J13,"unlikely"),EXACT(J13,"unknown")))),AND(AND(D13="retain",OR(E13="report_internal_inconsistency",E13="plan_material")),NOT(OR(EXACT(K13,"substantive_inconsistency"),EXACT(K13,"minor_presentation"),EXACT(K13,"non_inconsistency"),EXACT(K13,"indeterminate")))),AND(AND(D13="retain",E13="protocol_report"),L13<>"",NOT(OR(EXACT(L13,"substantive_difference"),EXACT(L13,"minor_presentation"),EXACT(L13,"version_timing"),EXACT(L13,"non_inconsistency"),EXACT(L13,"indeterminate"))))),"CHECK FIELDS",IF(AND(F13<>"",NOT(OR(EXACT(F13,"no"),EXACT(F13,"primary_done")))),"CHECK COMPLETE",IF(EXACT(F13,"primary_done"),"PRIMARY READY","PRIMARY DRAFT")))))),"CHECK INPUT / KEY") | H13: =IF(AND(OR(D13="retain",D13=""),E13="statistical_results"),"","not_applicable") | I13: =IF(AND(OR(D13="retain",D13=""),E13="statistical_results"),"","not_applicable") | J13: =IF(AND(OR(D13="retain",D13=""),E13="statistical_results"),"","not_applicable") | K13: =IF(AND(OR(D13="retain",D13=""),OR(E13="report_internal_inconsistency",E13="plan_material")),"","not_applicable") | L13: =IF(AND(OR(D13="retain",D13=""),E13="protocol_report"),"","not_applicable") | R13: eTable 3B (Supp3 p.17) plasma rows (-18.0, 0) P=.04 and (-20, 0) P=.04 and 60-mg serum (-45.1, -0.7) P=.05: CI-P disagreement explained by display rounding (main p.8 gives plasma upper bound -0.4%; CI-implied P computed .041-.049).
A14: 2025::jama.2024.27643::C013 | B14: Serum NfL contrast scale | C14: Physical PDF pages; PLAN/REPORT roles are stated above and within the evidence. joi240158supp3_prod_1742927563.7911.pdf — PDF p. 17; jama_berry_2025_oi_240158_1742927563.7361.pdf — PDF p. 8 | D14: retain | E14: statistical_results | F14: primary_done | G14: =IFERROR(IF(LEN(TRIM(CLEAN(SUBSTITUTE(Setup!$B$2,CHAR(160)," "))))=0,"CHECK REVIEWER ID",IF(OR(A14="",COUNTIF($A$2:$A$17,A14)<>1,LEFT(A14,LEN("2025::jama.2024.27643::"))<>"2025::jama.2024.27643::"),"CHECK KEY",IF(OR(AND(NOT(AND(D14="retain",E14="statistical_results")),H14<>"",NOT(EXACT(H14,"not_applicable"))),AND(NOT(AND(D14="retain",E14="statistical_results")),I14<>"",NOT(EXACT(I14,"not_applicable"))),AND(NOT(AND(D14="retain",E14="statistical_results")),J14<>"",NOT(EXACT(J14,"not_applicable"))),AND(NOT(AND(D14="retain",OR(E14="report_internal_inconsistency",E14="plan_material"))),K14<>"",NOT(EXACT(K14,"not_applicable"))),AND(NOT(AND(D14="retain",E14="protocol_report")),L14<>"",NOT(EXACT(L14,"not_applicable")))),"CLEAR INACTIVE VALUES",IF(OR(NOT(OR(EXACT(D14,"retain"),EXACT(D14,"exclude"),EXACT(D14,"discuss"))),NOT(OR(EXACT(E14,"statistical_results"),EXACT(E14,"report_internal_inconsistency"),EXACT(E14,"plan_material"),EXACT(E14,"protocol_report"))),AND(AND(D14="retain",E14="statistical_results"),NOT(OR(EXACT(H14,"confirmed_issue"),EXACT(H14,"probable_issue"),EXACT(H14,"not_issue"),EXACT(H14,"indeterminate")))),AND(AND(D14="retain",E14="statistical_results"),NOT(OR(EXACT(I14,"substantive"),EXACT(I14,"minor_presentation"),EXACT(I14,"indeterminate")))),AND(AND(D14="retain",E14="statistical_results"),J14<>"",NOT(OR(EXACT(J14,"direct"),EXACT(J14,"possible"),EXACT(J14,"unlikely"),EXACT(J14,"unknown")))),AND(AND(D14="retain",OR(E14="report_internal_inconsistency",E14="plan_material")),NOT(OR(EXACT(K14,"substantive_inconsistency"),EXACT(K14,"minor_presentation"),EXACT(K14,"non_inconsistency"),EXACT(K14,"indeterminate")))),AND(AND(D14="retain",E14="protocol_report"),L14<>"",NOT(OR(EXACT(L14,"substantive_difference"),EXACT(L14,"minor_presentation"),EXACT(L14,"version_timing"),EXACT(L14,"non_inconsistency"),EXACT(L14,"indeterminate"))))),"CHECK FIELDS",IF(AND(F14<>"",NOT(OR(EXACT(F14,"no"),EXACT(F14,"primary_done")))),"CHECK COMPLETE",IF(EXACT(F14,"primary_done"),"PRIMARY READY","PRIMARY DRAFT")))))),"CHECK INPUT / KEY") | H14: confirmed_issue | I14: substantive | J14: direct | K14: =IF(AND(OR(D14="retain",D14=""),OR(E14="report_internal_inconsistency",E14="plan_material")),"","not_applicable") | L14: =IF(AND(OR(D14="retain",D14=""),E14="protocol_report"),"","not_applicable") | R14: eTable 3B serum NfL rows (Supp3 p.17) are on the natural-log x100 scale although labeled % change: placebo 26.8 = 100*log-change (exp(0.268)-1=30.7%, main p.8 says 30.8%), contrast -26.4 (-50.3,-2.6) back-transforms to -23.2% (-39.5%,-2.6%) = main p.8. Plasma rows are back-transformed. 60-mg serum CI (-45.1,-0.7) is also asymmetric about -27.4.
A15: 2025::jama.2024.27643::C014 | B15: Estimated DRR direction in planned operating characteristics | C15: Physical PDF pages; PLAN/REPORT roles are stated above and within the evidence. joi240158supp2_prod_1742927563.7711.pdf — PDF p. 50; joi240158supp1_prod_1742927563.7611.pdf — PDF p. 65; joi240158supp1_prod_1742927563.7611.pdf — PDF p. 137; joi240158supp1_prod_1742927563.7611.pdf — PDF p. 212; joi240158supp2_prod_1742927563.7711.pdf — PDF p. 8; joi240158supp2_prod_1742927563.7711.pdf — PDF p. 63 | D15: exclude | E15: plan_material | F15: primary_done | G15: =IFERROR(IF(LEN(TRIM(CLEAN(SUBSTITUTE(Setup!$B$2,CHAR(160)," "))))=0,"CHECK REVIEWER ID",IF(OR(A15="",COUNTIF($A$2:$A$17,A15)<>1,LEFT(A15,LEN("2025::jama.2024.27643::"))<>"2025::jama.2024.27643::"),"CHECK KEY",IF(OR(AND(NOT(AND(D15="retain",E15="statistical_results")),H15<>"",NOT(EXACT(H15,"not_applicable"))),AND(NOT(AND(D15="retain",E15="statistical_results")),I15<>"",NOT(EXACT(I15,"not_applicable"))),AND(NOT(AND(D15="retain",E15="statistical_results")),J15<>"",NOT(EXACT(J15,"not_applicable"))),AND(NOT(AND(D15="retain",OR(E15="report_internal_inconsistency",E15="plan_material"))),K15<>"",NOT(EXACT(K15,"not_applicable"))),AND(NOT(AND(D15="retain",E15="protocol_report")),L15<>"",NOT(EXACT(L15,"not_applicable")))),"CLEAR INACTIVE VALUES",IF(OR(NOT(OR(EXACT(D15,"retain"),EXACT(D15,"exclude"),EXACT(D15,"discuss"))),NOT(OR(EXACT(E15,"statistical_results"),EXACT(E15,"report_internal_inconsistency"),EXACT(E15,"plan_material"),EXACT(E15,"protocol_report"))),AND(AND(D15="retain",E15="statistical_results"),NOT(OR(EXACT(H15,"confirmed_issue"),EXACT(H15,"probable_issue"),EXACT(H15,"not_issue"),EXACT(H15,"indeterminate")))),AND(AND(D15="retain",E15="statistical_results"),NOT(OR(EXACT(I15,"substantive"),EXACT(I15,"minor_presentation"),EXACT(I15,"indeterminate")))),AND(AND(D15="retain",E15="statistical_results"),J15<>"",NOT(OR(EXACT(J15,"direct"),EXACT(J15,"possible"),EXACT(J15,"unlikely"),EXACT(J15,"unknown")))),AND(AND(D15="retain",OR(E15="report_internal_inconsistency",E15="plan_material")),NOT(OR(EXACT(K15,"substantive_inconsistency"),EXACT(K15,"minor_presentation"),EXACT(K15,"non_inconsistency"),EXACT(K15,"indeterminate")))),AND(AND(D15="retain",E15="protocol_report"),L15<>"",NOT(OR(EXACT(L15,"substantive_difference"),EXACT(L15,"minor_presentation"),EXACT(L15,"version_timing"),EXACT(L15,"non_inconsistency"),EXACT(L15,"indeterminate"))))),"CHECK FIELDS",IF(AND(F15<>"",NOT(OR(EXACT(F15,"no"),EXACT(F15,"primary_done")))),"CHECK COMPLETE",IF(EXACT(F15,"primary_done"),"PRIMARY READY","PRIMARY DRAFT")))))),"CHECK INPUT / KEY") | H15: =IF(AND(OR(D15="retain",D15=""),E15="statistical_results"),"","not_applicable") | I15: =IF(AND(OR(D15="retain",D15=""),E15="statistical_results"),"","not_applicable") | J15: =IF(AND(OR(D15="retain",D15=""),E15="statistical_results"),"","not_applicable") | K15: =IF(AND(OR(D15="retain",D15=""),OR(E15="report_internal_inconsistency",E15="plan_material")),"","not_applicable") | L15: =IF(AND(OR(D15="retain",D15=""),E15="protocol_report"),"","not_applicable") | R15: M-SAP v3.0 (06 Feb 2023) p.50 prose says 'power and estimated DRR decrease' with rising mortality while Table 6.2.1 shows mean estimated DRR rising (0.72/0.75/0.81); the next sentence makes clear the estimated treatment effect decreases. Wording slip in illustrative operating characteristics of an M-SAP version that, by its own p.8 governance clause, applies to regimens initiated after Feb 2023, not regimen C.
A16: 2025::jama.2024.27643::C015 | B16: Signed CAFS P value in illustrative PLAN prose | C16: Physical PDF pages; PLAN/REPORT roles are stated above and within the evidence. joi240158supp2_prod_1742927563.7711.pdf — PDF p. 59; joi240158supp2_prod_1742927563.7711.pdf — PDF p. 58; joi240158supp2_prod_1742927563.7711.pdf — PDF p. 8; joi240158supp2_prod_1742927563.7711.pdf — PDF p. 63 | D16: exclude | E16: plan_material | F16: primary_done | G16: =IFERROR(IF(LEN(TRIM(CLEAN(SUBSTITUTE(Setup!$B$2,CHAR(160)," "))))=0,"CHECK REVIEWER ID",IF(OR(A16="",COUNTIF($A$2:$A$17,A16)<>1,LEFT(A16,LEN("2025::jama.2024.27643::"))<>"2025::jama.2024.27643::"),"CHECK KEY",IF(OR(AND(NOT(AND(D16="retain",E16="statistical_results")),H16<>"",NOT(EXACT(H16,"not_applicable"))),AND(NOT(AND(D16="retain",E16="statistical_results")),I16<>"",NOT(EXACT(I16,"not_applicable"))),AND(NOT(AND(D16="retain",E16="statistical_results")),J16<>"",NOT(EXACT(J16,"not_applicable"))),AND(NOT(AND(D16="retain",OR(E16="report_internal_inconsistency",E16="plan_material"))),K16<>"",NOT(EXACT(K16,"not_applicable"))),AND(NOT(AND(D16="retain",E16="protocol_report")),L16<>"",NOT(EXACT(L16,"not_applicable")))),"CLEAR INACTIVE VALUES",IF(OR(NOT(OR(EXACT(D16,"retain"),EXACT(D16,"exclude"),EXACT(D16,"discuss"))),NOT(OR(EXACT(E16,"statistical_results"),EXACT(E16,"report_internal_inconsistency"),EXACT(E16,"plan_material"),EXACT(E16,"protocol_report"))),AND(AND(D16="retain",E16="statistical_results"),NOT(OR(EXACT(H16,"confirmed_issue"),EXACT(H16,"probable_issue"),EXACT(H16,"not_issue"),EXACT(H16,"indeterminate")))),AND(AND(D16="retain",E16="statistical_results"),NOT(OR(EXACT(I16,"substantive"),EXACT(I16,"minor_presentation"),EXACT(I16,"indeterminate")))),AND(AND(D16="retain",E16="statistical_results"),J16<>"",NOT(OR(EXACT(J16,"direct"),EXACT(J16,"possible"),EXACT(J16,"unlikely"),EXACT(J16,"unknown")))),AND(AND(D16="retain",OR(E16="report_internal_inconsistency",E16="plan_material")),NOT(OR(EXACT(K16,"substantive_inconsistency"),EXACT(K16,"minor_presentation"),EXACT(K16,"non_inconsistency"),EXACT(K16,"indeterminate")))),AND(AND(D16="retain",E16="protocol_report"),L16<>"",NOT(OR(EXACT(L16,"substantive_difference"),EXACT(L16,"minor_presentation"),EXACT(L16,"version_timing"),EXACT(L16,"non_inconsistency"),EXACT(L16,"indeterminate"))))),"CHECK FIELDS",IF(AND(F16<>"",NOT(OR(EXACT(F16,"no"),EXACT(F16,"primary_done")))),"CHECK COMPLETE",IF(EXACT(F16,"primary_done"),"PRIMARY READY","PRIMARY DRAFT")))))),"CHECK INPUT / KEY") | H16: =IF(AND(OR(D16="retain",D16=""),E16="statistical_results"),"","not_applicable") | I16: =IF(AND(OR(D16="retain",D16=""),E16="statistical_results"),"","not_applicable") | J16: =IF(AND(OR(D16="retain",D16=""),E16="statistical_results"),"","not_applicable") | K16: =IF(AND(OR(D16="retain",D16=""),OR(E16="report_internal_inconsistency",E16="plan_material")),"","not_applicable") | L16: =IF(AND(OR(D16="retain",D16=""),E16="protocol_report"),"","not_applicable") | R16: M-SAP v3.0 p.59 prose 'CAFS p-value of - .3675' (rendered page) is a stray dash at a line break in an illustrative example trial; the adjacent figure prints 'CAFS P-value: 0.3675'. Not a design element; document not operative for regimen C.
A17: 2025::jama.2024.27643::C016 | B17: Serum NfL below-quantitation substitution rule | C17: Physical PDF pages; PLAN/REPORT roles are stated above and within the evidence. joi240158supp2_prod_1742927563.7711.pdf — PDF p. 112; joi240158supp3_prod_1742927563.7911.pdf — PDF p. 11; joi240158supp3_prod_1742927563.7911.pdf — PDF p. 10; joi240158supp3_prod_1742927563.7911.pdf — PDF p. 12; jama_berry_2025_oi_240158_1742927563.7361.pdf — PDF p. 8; joi240158supp3_prod_1742927563.7911.pdf — PDF p. 17 | D17: retain | E17: protocol_report | F17: primary_done | G17: =IFERROR(IF(LEN(TRIM(CLEAN(SUBSTITUTE(Setup!$B$2,CHAR(160)," "))))=0,"CHECK REVIEWER ID",IF(OR(A17="",COUNTIF($A$2:$A$17,A17)<>1,LEFT(A17,LEN("2025::jama.2024.27643::"))<>"2025::jama.2024.27643::"),"CHECK KEY",IF(OR(AND(NOT(AND(D17="retain",E17="statistical_results")),H17<>"",NOT(EXACT(H17,"not_applicable"))),AND(NOT(AND(D17="retain",E17="statistical_results")),I17<>"",NOT(EXACT(I17,"not_applicable"))),AND(NOT(AND(D17="retain",E17="statistical_results")),J17<>"",NOT(EXACT(J17,"not_applicable"))),AND(NOT(AND(D17="retain",OR(E17="report_internal_inconsistency",E17="plan_material"))),K17<>"",NOT(EXACT(K17,"not_applicable"))),AND(NOT(AND(D17="retain",E17="protocol_report")),L17<>"",NOT(EXACT(L17,"not_applicable")))),"CLEAR INACTIVE VALUES",IF(OR(NOT(OR(EXACT(D17,"retain"),EXACT(D17,"exclude"),EXACT(D17,"discuss"))),NOT(OR(EXACT(E17,"statistical_results"),EXACT(E17,"report_internal_inconsistency"),EXACT(E17,"plan_material"),EXACT(E17,"protocol_report"))),AND(AND(D17="retain",E17="statistical_results"),NOT(OR(EXACT(H17,"confirmed_issue"),EXACT(H17,"probable_issue"),EXACT(H17,"not_issue"),EXACT(H17,"indeterminate")))),AND(AND(D17="retain",E17="statistical_results"),NOT(OR(EXACT(I17,"substantive"),EXACT(I17,"minor_presentation"),EXACT(I17,"indeterminate")))),AND(AND(D17="retain",E17="statistical_results"),J17<>"",NOT(OR(EXACT(J17,"direct"),EXACT(J17,"possible"),EXACT(J17,"unlikely"),EXACT(J17,"unknown")))),AND(AND(D17="retain",OR(E17="report_internal_inconsistency",E17="plan_material")),NOT(OR(EXACT(K17,"substantive_inconsistency"),EXACT(K17,"minor_presentation"),EXACT(K17,"non_inconsistency"),EXACT(K17,"indeterminate")))),AND(AND(D17="retain",E17="protocol_report"),L17<>"",NOT(OR(EXACT(L17,"substantive_difference"),EXACT(L17,"minor_presentation"),EXACT(L17,"version_timing"),EXACT(L17,"non_inconsistency"),EXACT(L17,"indeterminate"))))),"CHECK FIELDS",IF(AND(F17<>"",NOT(OR(EXACT(F17,"no"),EXACT(F17,"primary_done")))),"CHECK COMPLETE",IF(EXACT(F17,"primary_done"),"PRIMARY READY","PRIMARY DRAFT")))))),"CHECK INPUT / KEY") | H17: =IF(AND(OR(D17="retain",D17=""),E17="statistical_results"),"","not_applicable") | I17: =IF(AND(OR(D17="retain",D17=""),E17="statistical_results"),"","not_applicable") | J17: =IF(AND(OR(D17="retain",D17=""),E17="statistical_results"),"","not_applicable") | K17: =IF(AND(OR(D17="retain",D17=""),OR(E17="report_internal_inconsistency",E17="plan_material")),"","not_applicable") | L17: substantive_difference | R17: R-SAP v3.0 §5.6 (Supp2 p.112) imputes serum NfL below LOQ at the LOQ; eMethods (Supp3 p.11) say values <LOQ were imputed using the assay LOD. The serum NfL analysis reported is itself a post hoc regimen-only rerun (disclosed, main p.3).

Sheet C_jama.2025.11178
A1: Candidate key | B1: Candidate title | C1: Source location | D1: Disposition | E1: Review domain (AI suggestion; editable) | F1: Complete | G1: Validation hint | H1: Statistical_or_numerical issue | I1: Substantiveness | J1: Downstream impact | K1: Report-internal or planning-material inconsistency | L1: Protocol interpretation | R1: Notes (optional)
A2: 2025::jama.2025.11178::C001 | B2: Planned versus reported online session duration | C2: Yes, all five locations: REPORT main p.3, Health Coach Program and Online Program — jama_debar_2025_oi_250046_1755300121.13587.pdf; PLAN protocol p.43 §10.1.1 — joi250046supp1_prod_1755300121.14087.pdf and p.44 coach overview — joi250046supp1_prod_1755300121.14087.pdf; REPORT TIDieR p.3 Procedures — joi250046supp3_prod_1755300121.15087.pdf and p.4 When and How Much — joi250046supp3_prod_1755300121.15087.pdf. | D2: retain | E2: protocol_report | F2: primary_done | G2: =IFERROR(IF(LEN(TRIM(CLEAN(SUBSTITUTE(Setup!$B$2,CHAR(160)," "))))=0,"CHECK REVIEWER ID",IF(OR(A2="",COUNTIF($A$2:$A$19,A2)<>1,LEFT(A2,LEN("2025::jama.2025.11178::"))<>"2025::jama.2025.11178::"),"CHECK KEY",IF(OR(AND(NOT(AND(D2="retain",E2="statistical_results")),H2<>"",NOT(EXACT(H2,"not_applicable"))),AND(NOT(AND(D2="retain",E2="statistical_results")),I2<>"",NOT(EXACT(I2,"not_applicable"))),AND(NOT(AND(D2="retain",E2="statistical_results")),J2<>"",NOT(EXACT(J2,"not_applicable"))),AND(NOT(AND(D2="retain",OR(E2="report_internal_inconsistency",E2="plan_material"))),K2<>"",NOT(EXACT(K2,"not_applicable"))),AND(NOT(AND(D2="retain",E2="protocol_report")),L2<>"",NOT(EXACT(L2,"not_applicable")))),"CLEAR INACTIVE VALUES",IF(OR(NOT(OR(EXACT(D2,"retain"),EXACT(D2,"exclude"),EXACT(D2,"discuss"))),NOT(OR(EXACT(E2,"statistical_results"),EXACT(E2,"report_internal_inconsistency"),EXACT(E2,"plan_material"),EXACT(E2,"protocol_report"))),AND(AND(D2="retain",E2="statistical_results"),NOT(OR(EXACT(H2,"confirmed_issue"),EXACT(H2,"probable_issue"),EXACT(H2,"not_issue"),EXACT(H2,"indeterminate")))),AND(AND(D2="retain",E2="statistical_results"),NOT(OR(EXACT(I2,"substantive"),EXACT(I2,"minor_presentation"),EXACT(I2,"indeterminate")))),AND(AND(D2="retain",E2="statistical_results"),J2<>"",NOT(OR(EXACT(J2,"direct"),EXACT(J2,"possible"),EXACT(J2,"unlikely"),EXACT(J2,"unknown")))),AND(AND(D2="retain",OR(E2="report_internal_inconsistency",E2="plan_material")),NOT(OR(EXACT(K2,"substantive_inconsistency"),EXACT(K2,"minor_presentation"),EXACT(K2,"non_inconsistency"),EXACT(K2,"indeterminate")))),AND(AND(D2="retain",E2="protocol_report"),L2<>"",NOT(OR(EXACT(L2,"substantive_difference"),EXACT(L2,"minor_presentation"),EXACT(L2,"version_timing"),EXACT(L2,"non_inconsistency"),EXACT(L2,"indeterminate"))))),"CHECK FIELDS",IF(AND(F2<>"",NOT(OR(EXACT(F2,"no"),EXACT(F2,"primary_done")))),"CHECK COMPLETE",IF(EXACT(F2,"primary_done"),"PRIMARY READY","PRIMARY DRAFT")))))),"CHECK INPUT / KEY") | H2: =IF(AND(OR(D2="retain",D2=""),E2="statistical_results"),"","not_applicable") | I2: =IF(AND(OR(D2="retain",D2=""),E2="statistical_results"),"","not_applicable") | J2: =IF(AND(OR(D2="retain",D2=""),E2="statistical_results"),"","not_applicable") | K2: =IF(AND(OR(D2="retain",D2=""),OR(E2="report_internal_inconsistency",E2="plan_material")),"","not_applicable") | L2: indeterminate | R2: Protocol v5.0 p.43 (§10.1.1) says each painTRAINER session takes 45-60 min and p.44 says coach sessions take 60 min; main p.3 and TIDieR Supp3 pp.3-4 give 30-45 min (online) and 45-60 min (coach). Real plan-report difference in described session dose; whether content changed or only the time estimate is not stated, so L indeterminate.
A3: 2025::jama.2025.11178::C002 | B3: Therapeutic-dose adherence percentage | C3: Yes: REPORT main p.4 Results adherence paragraph — jama_debar_2025_oi_250046_1755300121.13587.pdf and p.5 Figure 1 PT allocation/session counts — jama_debar_2025_oi_250046_1755300121.13587.pdf. | D3: retain | E3: statistical_results | F3: primary_done | G3: =IFERROR(IF(LEN(TRIM(CLEAN(SUBSTITUTE(Setup!$B$2,CHAR(160)," "))))=0,"CHECK REVIEWER ID",IF(OR(A3="",COUNTIF($A$2:$A$19,A3)<>1,LEFT(A3,LEN("2025::jama.2025.11178::"))<>"2025::jama.2025.11178::"),"CHECK KEY",IF(OR(AND(NOT(AND(D3="retain",E3="statistical_results")),H3<>"",NOT(EXACT(H3,"not_applicable"))),AND(NOT(AND(D3="retain",E3="statistical_results")),I3<>"",NOT(EXACT(I3,"not_applicable"))),AND(NOT(AND(D3="retain",E3="statistical_results")),J3<>"",NOT(EXACT(J3,"not_applicable"))),AND(NOT(AND(D3="retain",OR(E3="report_internal_inconsistency",E3="plan_material"))),K3<>"",NOT(EXACT(K3,"not_applicable"))),AND(NOT(AND(D3="retain",E3="protocol_report")),L3<>"",NOT(EXACT(L3,"not_applicable")))),"CLEAR INACTIVE VALUES",IF(OR(NOT(OR(EXACT(D3,"retain"),EXACT(D3,"exclude"),EXACT(D3,"discuss"))),NOT(OR(EXACT(E3,"statistical_results"),EXACT(E3,"report_internal_inconsistency"),EXACT(E3,"plan_material"),EXACT(E3,"protocol_report"))),AND(AND(D3="retain",E3="statistical_results"),NOT(OR(EXACT(H3,"confirmed_issue"),EXACT(H3,"probable_issue"),EXACT(H3,"not_issue"),EXACT(H3,"indeterminate")))),AND(AND(D3="retain",E3="statistical_results"),NOT(OR(EXACT(I3,"substantive"),EXACT(I3,"minor_presentation"),EXACT(I3,"indeterminate")))),AND(AND(D3="retain",E3="statistical_results"),J3<>"",NOT(OR(EXACT(J3,"direct"),EXACT(J3,"possible"),EXACT(J3,"unlikely"),EXACT(J3,"unknown")))),AND(AND(D3="retain",OR(E3="report_internal_inconsistency",E3="plan_material")),NOT(OR(EXACT(K3,"substantive_inconsistency"),EXACT(K3,"minor_presentation"),EXACT(K3,"non_inconsistency"),EXACT(K3,"indeterminate")))),AND(AND(D3="retain",E3="protocol_report"),L3<>"",NOT(OR(EXACT(L3,"substantive_difference"),EXACT(L3,"minor_presentation"),EXACT(L3,"version_timing"),EXACT(L3,"non_inconsistency"),EXACT(L3,"indeterminate"))))),"CHECK FIELDS",IF(AND(F3<>"",NOT(OR(EXACT(F3,"no"),EXACT(F3,"primary_done")))),"CHECK COMPLETE",IF(EXACT(F3,"primary_done"),"PRIMARY READY","PRIMARY DRAFT")))))),"CHECK INPUT / KEY") | H3: confirmed_issue | I3: minor_presentation | J3: possible | K3: =IF(AND(OR(D3="retain",D3=""),OR(E3="report_internal_inconsistency",E3="plan_material")),"","not_applicable") | L3: =IF(AND(OR(D3="retain",D3=""),E3="protocol_report"),"","not_applicable") | R3: Main p.4: painTRAINER '371 (43%) completed at least 6 sessions'; Figure 1 (p.5) gives 776 randomized, 371/156/249 completing 6-8/1-5/0 sessions. 371/776 = 47.8% (printed 43%). Neighbors reproduce: 527/776 = 67.9% (68%), 548/778 = 70.4% (70%), 660/778 = 84.8% (85%).
A4: 2025::jama.2025.11178::C003 | B4: SMD construction across Table 3 | C4: Yes: REPORT main p.4 SMD definition — jama_debar_2025_oi_250046_1755300121.13587.pdf, p.10 Table 3 — jama_debar_2025_oi_250046_1755300121.13587.pdf, and p.11 continuation and footnote d — jama_debar_2025_oi_250046_1755300121.13587.pdf. All twenty registered outcome/time rows and all three point-contrast columns per row were read directly. | D4: retain | E4: statistical_results | F4: primary_done | G4: =IFERROR(IF(LEN(TRIM(CLEAN(SUBSTITUTE(Setup!$B$2,CHAR(160)," "))))=0,"CHECK REVIEWER ID",IF(OR(A4="",COUNTIF($A$2:$A$19,A4)<>1,LEFT(A4,LEN("2025::jama.2025.11178::"))<>"2025::jama.2025.11178::"),"CHECK KEY",IF(OR(AND(NOT(AND(D4="retain",E4="statistical_results")),H4<>"",NOT(EXACT(H4,"not_applicable"))),AND(NOT(AND(D4="retain",E4="statistical_results")),I4<>"",NOT(EXACT(I4,"not_applicable"))),AND(NOT(AND(D4="retain",E4="statistical_results")),J4<>"",NOT(EXACT(J4,"not_applicable"))),AND(NOT(AND(D4="retain",OR(E4="report_internal_inconsistency",E4="plan_material"))),K4<>"",NOT(EXACT(K4,"not_applicable"))),AND(NOT(AND(D4="retain",E4="protocol_report")),L4<>"",NOT(EXACT(L4,"not_applicable")))),"CLEAR INACTIVE VALUES",IF(OR(NOT(OR(EXACT(D4,"retain"),EXACT(D4,"exclude"),EXACT(D4,"discuss"))),NOT(OR(EXACT(E4,"statistical_results"),EXACT(E4,"report_internal_inconsistency"),EXACT(E4,"plan_material"),EXACT(E4,"protocol_report"))),AND(AND(D4="retain",E4="statistical_results"),NOT(OR(EXACT(H4,"confirmed_issue"),EXACT(H4,"probable_issue"),EXACT(H4,"not_issue"),EXACT(H4,"indeterminate")))),AND(AND(D4="retain",E4="statistical_results"),NOT(OR(EXACT(I4,"substantive"),EXACT(I4,"minor_presentation"),EXACT(I4,"indeterminate")))),AND(AND(D4="retain",E4="statistical_results"),J4<>"",NOT(OR(EXACT(J4,"direct"),EXACT(J4,"possible"),EXACT(J4,"unlikely"),EXACT(J4,"unknown")))),AND(AND(D4="retain",OR(E4="report_internal_inconsistency",E4="plan_material")),NOT(OR(EXACT(K4,"substantive_inconsistency"),EXACT(K4,"minor_presentation"),EXACT(K4,"non_inconsistency"),EXACT(K4,"indeterminate")))),AND(AND(D4="retain",E4="protocol_report"),L4<>"",NOT(OR(EXACT(L4,"substantive_difference"),EXACT(L4,"minor_presentation"),EXACT(L4,"version_timing"),EXACT(L4,"non_inconsistency"),EXACT(L4,"indeterminate"))))),"CHECK FIELDS",IF(AND(F4<>"",NOT(OR(EXACT(F4,"no"),EXACT(F4,"primary_done")))),"CHECK COMPLETE",IF(EXACT(F4,"primary_done"),"PRIMARY READY","PRIMARY DRAFT")))))),"CHECK INPUT / KEY") | H4: confirmed_issue | I4: substantive | J4: direct | K4: =IF(AND(OR(D4="retain",D4=""),OR(E4="report_internal_inconsistency",E4="plan_material")),"","not_applicable") | L4: =IF(AND(OR(D4="retain",D4=""),E4="protocol_report"),"","not_applicable") | R4: Main p.4 and Table 3 footnote d define SMD = adjusted MD / SD of change in usual care at that time, so within a row the three SMDs share one SD. For 19 of 21 rows (pp.10-11) no single SD reproduces all three SMDs from the printed MDs within rounding; 4 SMDs have the opposite sign to their MD (eg physical 3 mo HC vs UC MD 0.7, SMD -0.02). Text p.7 also cites 3-month SMDs -0.26/-0.36, which are the 6-month values.
A5: 2025::jama.2025.11178::C004 | B5: Reciprocal NNT point-reproduction pattern | C5: Yes: REPORT main p.4 NNT definition — jama_debar_2025_oi_250046_1755300121.13587.pdf; REPORT main p.9 Table 2 severity 6-month HC/UC, interference 6-month HC/UC and footnote d — jama_debar_2025_oi_250046_1755300121.13587.pdf; REPORT results p.14 eTable 8 reminder-letter 6-month PT/UC and footnote d — joi250046supp4_prod_1755300121.15587.pdf. All three affected rows were read. | D5: exclude | E5: statistical_results | F5: primary_done | G5: =IFERROR(IF(LEN(TRIM(CLEAN(SUBSTITUTE(Setup!$B$2,CHAR(160)," "))))=0,"CHECK REVIEWER ID",IF(OR(A5="",COUNTIF($A$2:$A$19,A5)<>1,LEFT(A5,LEN("2025::jama.2025.11178::"))<>"2025::jama.2025.11178::"),"CHECK KEY",IF(OR(AND(NOT(AND(D5="retain",E5="statistical_results")),H5<>"",NOT(EXACT(H5,"not_applicable"))),AND(NOT(AND(D5="retain",E5="statistical_results")),I5<>"",NOT(EXACT(I5,"not_applicable"))),AND(NOT(AND(D5="retain",E5="statistical_results")),J5<>"",NOT(EXACT(J5,"not_applicable"))),AND(NOT(AND(D5="retain",OR(E5="report_internal_inconsistency",E5="plan_material"))),K5<>"",NOT(EXACT(K5,"not_applicable"))),AND(NOT(AND(D5="retain",E5="protocol_report")),L5<>"",NOT(EXACT(L5,"not_applicable")))),"CLEAR INACTIVE VALUES",IF(OR(NOT(OR(EXACT(D5,"retain"),EXACT(D5,"exclude"),EXACT(D5,"discuss"))),NOT(OR(EXACT(E5,"statistical_results"),EXACT(E5,"report_internal_inconsistency"),EXACT(E5,"plan_material"),EXACT(E5,"protocol_report"))),AND(AND(D5="retain",E5="statistical_results"),NOT(OR(EXACT(H5,"confirmed_issue"),EXACT(H5,"probable_issue"),EXACT(H5,"not_issue"),EXACT(H5,"indeterminate")))),AND(AND(D5="retain",E5="statistical_results"),NOT(OR(EXACT(I5,"substantive"),EXACT(I5,"minor_presentation"),EXACT(I5,"indeterminate")))),AND(AND(D5="retain",E5="statistical_results"),J5<>"",NOT(OR(EXACT(J5,"direct"),EXACT(J5,"possible"),EXACT(J5,"unlikely"),EXACT(J5,"unknown")))),AND(AND(D5="retain",OR(E5="report_internal_inconsistency",E5="plan_material")),NOT(OR(EXACT(K5,"substantive_inconsistency"),EXACT(K5,"minor_presentation"),EXACT(K5,"non_inconsistency"),EXACT(K5,"indeterminate")))),AND(AND(D5="retain",E5="protocol_report"),L5<>"",NOT(OR(EXACT(L5,"substantive_difference"),EXACT(L5,"minor_presentation"),EXACT(L5,"version_timing"),EXACT(L5,"non_inconsistency"),EXACT(L5,"indeterminate"))))),"CHECK FIELDS",IF(AND(F5<>"",NOT(OR(EXACT(F5,"no"),EXACT(F5,"primary_done")))),"CHECK COMPLETE",IF(EXACT(F5,"primary_done"),"PRIMARY READY","PRIMARY DRAFT")))))),"CHECK INPUT / KEY") | H5: =IF(AND(OR(D5="retain",D5=""),E5="statistical_results"),"","not_applicable") | I5: =IF(AND(OR(D5="retain",D5=""),E5="statistical_results"),"","not_applicable") | J5: =IF(AND(OR(D5="retain",D5=""),E5="statistical_results"),"","not_applicable") | K5: =IF(AND(OR(D5="retain",D5=""),OR(E5="report_internal_inconsistency",E5="plan_material")),"","not_applicable") | L5: =IF(AND(OR(D5="retain",D5=""),E5="protocol_report"),"","not_applicable") | R5: NNT points are consistently rounded up (ceiling), the usual NNT convention: ceiling of 100/(difference in printed adjusted %) reproduces all 57 positive NNT points in Table 2 (main p.9) and eTables 7-8 (Supp4 pp.11, 14) within display rounding, whereas round-to-nearest fails 22 of 57. The three flagged cells (8, 7, 8) fit ceiling (7.04->8, 6.02->7, 7.04->8). Convention unstated but explains the pattern.
A6: 2025::jama.2025.11178::C005 | B6: Age as a prespecified base adjustment covariate | C6: Yes: PLAN protocol p.56 §15.5 — joi250046supp1_prod_1755300121.14087.pdf; PLAN SAP p.20 §§13–14 — joi250046supp2_prod_1755300121.15087.pdf; REPORT main p.4 adjustment sentence — jama_debar_2025_oi_250046_1755300121.13587.pdf; REPORT results p.4 Adjustment — joi250046supp4_prod_1755300121.15587.pdf, p.7 eTable 2 all-model variables — joi250046supp4_prod_1755300121.15587.pdf, p.8 eTable 3 age — joi250046supp4_prod_1755300121.15587.pdf, p.9 eTable 4 age — joi250046supp4_prod_1755300121.15587.pdf, p.10 eTable 5 age — joi250046supp4_prod_1755300121.15587.pdf; REPORT workbook — joi250046supp5_prod_1755300121.16087.xlsx, worksheet eTable 3, cells G2, A10, G10, directly decoded. | D6: retain | E6: protocol_report | F6: primary_done | G6: =IFERROR(IF(LEN(TRIM(CLEAN(SUBSTITUTE(Setup!$B$2,CHAR(160)," "))))=0,"CHECK REVIEWER ID",IF(OR(A6="",COUNTIF($A$2:$A$19,A6)<>1,LEFT(A6,LEN("2025::jama.2025.11178::"))<>"2025::jama.2025.11178::"),"CHECK KEY",IF(OR(AND(NOT(AND(D6="retain",E6="statistical_results")),H6<>"",NOT(EXACT(H6,"not_applicable"))),AND(NOT(AND(D6="retain",E6="statistical_results")),I6<>"",NOT(EXACT(I6,"not_applicable"))),AND(NOT(AND(D6="retain",E6="statistical_results")),J6<>"",NOT(EXACT(J6,"not_applicable"))),AND(NOT(AND(D6="retain",OR(E6="report_internal_inconsistency",E6="plan_material"))),K6<>"",NOT(EXACT(K6,"not_applicable"))),AND(NOT(AND(D6="retain",E6="protocol_report")),L6<>"",NOT(EXACT(L6,"not_applicable")))),"CLEAR INACTIVE VALUES",IF(OR(NOT(OR(EXACT(D6,"retain"),EXACT(D6,"exclude"),EXACT(D6,"discuss"))),NOT(OR(EXACT(E6,"statistical_results"),EXACT(E6,"report_internal_inconsistency"),EXACT(E6,"plan_material"),EXACT(E6,"protocol_report"))),AND(AND(D6="retain",E6="statistical_results"),NOT(OR(EXACT(H6,"confirmed_issue"),EXACT(H6,"probable_issue"),EXACT(H6,"not_issue"),EXACT(H6,"indeterminate")))),AND(AND(D6="retain",E6="statistical_results"),NOT(OR(EXACT(I6,"substantive"),EXACT(I6,"minor_presentation"),EXACT(I6,"indeterminate")))),AND(AND(D6="retain",E6="statistical_results"),J6<>"",NOT(OR(EXACT(J6,"direct"),EXACT(J6,"possible"),EXACT(J6,"unlikely"),EXACT(J6,"unknown")))),AND(AND(D6="retain",OR(E6="report_internal_inconsistency",E6="plan_material")),NOT(OR(EXACT(K6,"substantive_inconsistency"),EXACT(K6,"minor_presentation"),EXACT(K6,"non_inconsistency"),EXACT(K6,"indeterminate")))),AND(AND(D6="retain",E6="protocol_report"),L6<>"",NOT(OR(EXACT(L6,"substantive_difference"),EXACT(L6,"minor_presentation"),EXACT(L6,"version_timing"),EXACT(L6,"non_inconsistency"),EXACT(L6,"indeterminate"))))),"CHECK FIELDS",IF(AND(F6<>"",NOT(OR(EXACT(F6,"no"),EXACT(F6,"primary_done")))),"CHECK COMPLETE",IF(EXACT(F6,"primary_done"),"PRIMARY READY","PRIMARY DRAFT")))))),"CHECK INPUT / KEY") | H6: =IF(AND(OR(D6="retain",D6=""),E6="statistical_results"),"","not_applicable") | I6: =IF(AND(OR(D6="retain",D6=""),E6="statistical_results"),"","not_applicable") | J6: =IF(AND(OR(D6="retain",D6=""),E6="statistical_results"),"","not_applicable") | K6: =IF(AND(OR(D6="retain",D6=""),OR(E6="report_internal_inconsistency",E6="plan_material")),"","not_applicable") | L6: substantive_difference | R6: Protocol §15.5 (p.56) and SAP v6.0 §14 (p.20) list prespecified primary covariates as baseline pain severity, sex, site, rural/underserved residence, multisite pain and mental-health condition (no age), as does main p.4; Supp4 p.4, eTable 2 (p.7) and workbook eTable 3 (G10 'X') call age >=65 part of the prespecified base set, and age is fitted in eTables 3-5.
A7: 2025::jama.2025.11178::C006 | B7: Secondary-analysis adjustment specification | C7: Yes: PLAN protocol p.57 §15.6 — joi250046supp1_prod_1755300121.14087.pdf; PLAN SAP p.21 §15 — joi250046supp2_prod_1755300121.15087.pdf; REPORT main p.4 secondary methods — jama_debar_2025_oi_250046_1755300121.13587.pdf, p.10 Table 3 — jama_debar_2025_oi_250046_1755300121.13587.pdf and p.11 continuation — jama_debar_2025_oi_250046_1755300121.13587.pdf. | D7: retain | E7: protocol_report | F7: primary_done | G7: =IFERROR(IF(LEN(TRIM(CLEAN(SUBSTITUTE(Setup!$B$2,CHAR(160)," "))))=0,"CHECK REVIEWER ID",IF(OR(A7="",COUNTIF($A$2:$A$19,A7)<>1,LEFT(A7,LEN("2025::jama.2025.11178::"))<>"2025::jama.2025.11178::"),"CHECK KEY",IF(OR(AND(NOT(AND(D7="retain",E7="statistical_results")),H7<>"",NOT(EXACT(H7,"not_applicable"))),AND(NOT(AND(D7="retain",E7="statistical_results")),I7<>"",NOT(EXACT(I7,"not_applicable"))),AND(NOT(AND(D7="retain",E7="statistical_results")),J7<>"",NOT(EXACT(J7,"not_applicable"))),AND(NOT(AND(D7="retain",OR(E7="report_internal_inconsistency",E7="plan_material"))),K7<>"",NOT(EXACT(K7,"not_applicable"))),AND(NOT(AND(D7="retain",E7="protocol_report")),L7<>"",NOT(EXACT(L7,"not_applicable")))),"CLEAR INACTIVE VALUES",IF(OR(NOT(OR(EXACT(D7,"retain"),EXACT(D7,"exclude"),EXACT(D7,"discuss"))),NOT(OR(EXACT(E7,"statistical_results"),EXACT(E7,"report_internal_inconsistency"),EXACT(E7,"plan_material"),EXACT(E7,"protocol_report"))),AND(AND(D7="retain",E7="statistical_results"),NOT(OR(EXACT(H7,"confirmed_issue"),EXACT(H7,"probable_issue"),EXACT(H7,"not_issue"),EXACT(H7,"indeterminate")))),AND(AND(D7="retain",E7="statistical_results"),NOT(OR(EXACT(I7,"substantive"),EXACT(I7,"minor_presentation"),EXACT(I7,"indeterminate")))),AND(AND(D7="retain",E7="statistical_results"),J7<>"",NOT(OR(EXACT(J7,"direct"),EXACT(J7,"possible"),EXACT(J7,"unlikely"),EXACT(J7,"unknown")))),AND(AND(D7="retain",OR(E7="report_internal_inconsistency",E7="plan_material")),NOT(OR(EXACT(K7,"substantive_inconsistency"),EXACT(K7,"minor_presentation"),EXACT(K7,"non_inconsistency"),EXACT(K7,"indeterminate")))),AND(AND(D7="retain",E7="protocol_report"),L7<>"",NOT(OR(EXACT(L7,"substantive_difference"),EXACT(L7,"minor_presentation"),EXACT(L7,"version_timing"),EXACT(L7,"non_inconsistency"),EXACT(L7,"indeterminate"))))),"CHECK FIELDS",IF(AND(F7<>"",NOT(OR(EXACT(F7,"no"),EXACT(F7,"primary_done")))),"CHECK COMPLETE",IF(EXACT(F7,"primary_done"),"PRIMARY READY","PRIMARY DRAFT")))))),"CHECK INPUT / KEY") | H7: =IF(AND(OR(D7="retain",D7=""),E7="statistical_results"),"","not_applicable") | I7: =IF(AND(OR(D7="retain",D7=""),E7="statistical_results"),"","not_applicable") | J7: =IF(AND(OR(D7="retain",D7=""),E7="statistical_results"),"","not_applicable") | K7: =IF(AND(OR(D7="retain",D7=""),OR(E7="report_internal_inconsistency",E7="plan_material")),"","not_applicable") | L7: substantive_difference | R7: Protocol §15.6 (p.57) and SAP §15 (p.21): secondary analyses adjust for baseline pain severity and all stratification variables. Main p.4: secondary outcomes use the primary model structure (adding multisite pain, mental-health condition) plus the baseline value of each secondary outcome. Covariate set differs from plan.
A8: 2025::jama.2025.11178::C007 | B8: Primary versus sensitivity missing-data analysis roles | C8: Yes: PLAN SAP p.19 §11 — joi250046supp2_prod_1755300121.15087.pdf, PLAN p.4 July 17, 2024 amendment — joi250046supp2_prod_1755300121.15087.pdf; REPORT main p.4 missing-data paragraph — jama_debar_2025_oi_250046_1755300121.13587.pdf; REPORT results p.4 Missing Data — joi250046supp4_prod_1755300121.15587.pdf, p.5 Non-Response Weighting — joi250046supp4_prod_1755300121.15587.pdf, p.9 eTable 4 — joi250046supp4_prod_1755300121.15587.pdf, p.11 sensitivity narrative and complete-case block — joi250046supp4_prod_1755300121.15587.pdf. P.5 was read as disclosed-amendment context in addition to the registered comparisons. | D8: retain | E8: protocol_report | F8: primary_done | G8: =IFERROR(IF(LEN(TRIM(CLEAN(SUBSTITUTE(Setup!$B$2,CHAR(160)," "))))=0,"CHECK REVIEWER ID",IF(OR(A8="",COUNTIF($A$2:$A$19,A8)<>1,LEFT(A8,LEN("2025::jama.2025.11178::"))<>"2025::jama.2025.11178::"),"CHECK KEY",IF(OR(AND(NOT(AND(D8="retain",E8="statistical_results")),H8<>"",NOT(EXACT(H8,"not_applicable"))),AND(NOT(AND(D8="retain",E8="statistical_results")),I8<>"",NOT(EXACT(I8,"not_applicable"))),AND(NOT(AND(D8="retain",E8="statistical_results")),J8<>"",NOT(EXACT(J8,"not_applicable"))),AND(NOT(AND(D8="retain",OR(E8="report_internal_inconsistency",E8="plan_material"))),K8<>"",NOT(EXACT(K8,"not_applicable"))),AND(NOT(AND(D8="retain",E8="protocol_report")),L8<>"",NOT(EXACT(L8,"not_applicable")))),"CLEAR INACTIVE VALUES",IF(OR(NOT(OR(EXACT(D8,"retain"),EXACT(D8,"exclude"),EXACT(D8,"discuss"))),NOT(OR(EXACT(E8,"statistical_results"),EXACT(E8,"report_internal_inconsistency"),EXACT(E8,"plan_material"),EXACT(E8,"protocol_report"))),AND(AND(D8="retain",E8="statistical_results"),NOT(OR(EXACT(H8,"confirmed_issue"),EXACT(H8,"probable_issue"),EXACT(H8,"not_issue"),EXACT(H8,"indeterminate")))),AND(AND(D8="retain",E8="statistical_results"),NOT(OR(EXACT(I8,"substantive"),EXACT(I8,"minor_presentation"),EXACT(I8,"indeterminate")))),AND(AND(D8="retain",E8="statistical_results"),J8<>"",NOT(OR(EXACT(J8,"direct"),EXACT(J8,"possible"),EXACT(J8,"unlikely"),EXACT(J8,"unknown")))),AND(AND(D8="retain",OR(E8="report_internal_inconsistency",E8="plan_material")),NOT(OR(EXACT(K8,"substantive_inconsistency"),EXACT(K8,"minor_presentation"),EXACT(K8,"non_inconsistency"),EXACT(K8,"indeterminate")))),AND(AND(D8="retain",E8="protocol_report"),L8<>"",NOT(OR(EXACT(L8,"substantive_difference"),EXACT(L8,"minor_presentation"),EXACT(L8,"version_timing"),EXACT(L8,"non_inconsistency"),EXACT(L8,"indeterminate"))))),"CHECK FIELDS",IF(AND(F8<>"",NOT(OR(EXACT(F8,"no"),EXACT(F8,"primary_done")))),"CHECK COMPLETE",IF(EXACT(F8,"primary_done"),"PRIMARY READY","PRIMARY DRAFT")))))),"CHECK INPUT / KEY") | H8: =IF(AND(OR(D8="retain",D8=""),E8="statistical_results"),"","not_applicable") | I8: =IF(AND(OR(D8="retain",D8=""),E8="statistical_results"),"","not_applicable") | J8: =IF(AND(OR(D8="retain",D8=""),E8="statistical_results"),"","not_applicable") | K8: =IF(AND(OR(D8="retain",D8=""),OR(E8="report_internal_inconsistency",E8="plan_material")),"","not_applicable") | L8: substantive_difference | R8: SAP v6.0 §11 (p.19): 'For the primary analyses, we will analyze those patients who have follow-up data' under MAR; pattern-mixture plus IPW is the 'first approach' when missingness >15%, worst/best case the sensitivity analysis. Report (main p.4; Supp4 pp.4-5, eTables 4 and 7) makes MNAR pattern-mixture with IPW the primary analysis and labels complete-case a 'pre-specified sensitivity analysis'. IPW added by 17 Jul 2024 amendment (SAP p.4), after follow-up ended; disclosed Supp4 p.5.
A9: 2025::jama.2025.11178::C008 | B9: RR versus finite NNT null coverage | C9: Yes: REPORT main p.9 Table 2 HC/PT columns and footnotes b,d,e — jama_debar_2025_oi_250046_1755300121.13587.pdf, all six registered contrast/time rows; REPORT p.4 binary model and NNT method — jama_debar_2025_oi_250046_1755300121.13587.pdf. | D9: retain | E9: statistical_results | F9: primary_done | G9: =IFERROR(IF(LEN(TRIM(CLEAN(SUBSTITUTE(Setup!$B$2,CHAR(160)," "))))=0,"CHECK REVIEWER ID",IF(OR(A9="",COUNTIF($A$2:$A$19,A9)<>1,LEFT(A9,LEN("2025::jama.2025.11178::"))<>"2025::jama.2025.11178::"),"CHECK KEY",IF(OR(AND(NOT(AND(D9="retain",E9="statistical_results")),H9<>"",NOT(EXACT(H9,"not_applicable"))),AND(NOT(AND(D9="retain",E9="statistical_results")),I9<>"",NOT(EXACT(I9,"not_applicable"))),AND(NOT(AND(D9="retain",E9="statistical_results")),J9<>"",NOT(EXACT(J9,"not_applicable"))),AND(NOT(AND(D9="retain",OR(E9="report_internal_inconsistency",E9="plan_material"))),K9<>"",NOT(EXACT(K9,"not_applicable"))),AND(NOT(AND(D9="retain",E9="protocol_report")),L9<>"",NOT(EXACT(L9,"not_applicable")))),"CLEAR INACTIVE VALUES",IF(OR(NOT(OR(EXACT(D9,"retain"),EXACT(D9,"exclude"),EXACT(D9,"discuss"))),NOT(OR(EXACT(E9,"statistical_results"),EXACT(E9,"report_internal_inconsistency"),EXACT(E9,"plan_material"),EXACT(E9,"protocol_report"))),AND(AND(D9="retain",E9="statistical_results"),NOT(OR(EXACT(H9,"confirmed_issue"),EXACT(H9,"probable_issue"),EXACT(H9,"not_issue"),EXACT(H9,"indeterminate")))),AND(AND(D9="retain",E9="statistical_results"),NOT(OR(EXACT(I9,"substantive"),EXACT(I9,"minor_presentation"),EXACT(I9,"indeterminate")))),AND(AND(D9="retain",E9="statistical_results"),J9<>"",NOT(OR(EXACT(J9,"direct"),EXACT(J9,"possible"),EXACT(J9,"unlikely"),EXACT(J9,"unknown")))),AND(AND(D9="retain",OR(E9="report_internal_inconsistency",E9="plan_material")),NOT(OR(EXACT(K9,"substantive_inconsistency"),EXACT(K9,"minor_presentation"),EXACT(K9,"non_inconsistency"),EXACT(K9,"indeterminate")))),AND(AND(D9="retain",E9="protocol_report"),L9<>"",NOT(OR(EXACT(L9,"substantive_difference"),EXACT(L9,"minor_presentation"),EXACT(L9,"version_timing"),EXACT(L9,"non_inconsistency"),EXACT(L9,"indeterminate"))))),"CHECK FIELDS",IF(AND(F9<>"",NOT(OR(EXACT(F9,"no"),EXACT(F9,"primary_done")))),"CHECK COMPLETE",IF(EXACT(F9,"primary_done"),"PRIMARY READY","PRIMARY DRAFT")))))),"CHECK INPUT / KEY") | H9: confirmed_issue | I9: minor_presentation | J9: possible | K9: =IF(AND(OR(D9="retain",D9=""),OR(E9="report_internal_inconsistency",E9="plan_material")),"","not_applicable") | L9: =IF(AND(OR(D9="retain",D9=""),E9="protocol_report"),"","not_applicable") | R9: Table 2 (main p.9) HC vs PT: six cells whose RR CI includes 1 print finite positive NNT intervals, eg 24 (12-186) beside RR 1.13 (0.98-1.30). These six cells, and only these, use an en dash, and eTables 7-8 (Supp4 pp.11, 14) print the same construction with a signed NNH limit, eg 31 (13, -60). Upper limits are NNH values with the minus sign lost; implied NNH from RR limits 152, 70, 59, 39, 68, 84 vs printed 186, 76, 57, 38, 67, 79.
A10: 2025::jama.2025.11178::C009 | B10: NNT point outside its confidence interval | C10: Yes: REPORT main p.9 Table 2 pain intensity 12 months, HC/PT NNT column — jama_debar_2025_oi_250046_1755300121.13587.pdf. | D10: retain | E10: statistical_results | F10: primary_done | G10: =IFERROR(IF(LEN(TRIM(CLEAN(SUBSTITUTE(Setup!$B$2,CHAR(160)," "))))=0,"CHECK REVIEWER ID",IF(OR(A10="",COUNTIF($A$2:$A$19,A10)<>1,LEFT(A10,LEN("2025::jama.2025.11178::"))<>"2025::jama.2025.11178::"),"CHECK KEY",IF(OR(AND(NOT(AND(D10="retain",E10="statistical_results")),H10<>"",NOT(EXACT(H10,"not_applicable"))),AND(NOT(AND(D10="retain",E10="statistical_results")),I10<>"",NOT(EXACT(I10,"not_applicable"))),AND(NOT(AND(D10="retain",E10="statistical_results")),J10<>"",NOT(EXACT(J10,"not_applicable"))),AND(NOT(AND(D10="retain",OR(E10="report_internal_inconsistency",E10="plan_material"))),K10<>"",NOT(EXACT(K10,"not_applicable"))),AND(NOT(AND(D10="retain",E10="protocol_report")),L10<>"",NOT(EXACT(L10,"not_applicable")))),"CLEAR INACTIVE VALUES",IF(OR(NOT(OR(EXACT(D10,"retain"),EXACT(D10,"exclude"),EXACT(D10,"discuss"))),NOT(OR(EXACT(E10,"statistical_results"),EXACT(E10,"report_internal_inconsistency"),EXACT(E10,"plan_material"),EXACT(E10,"protocol_report"))),AND(AND(D10="retain",E10="statistical_results"),NOT(OR(EXACT(H10,"confirmed_issue"),EXACT(H10,"probable_issue"),EXACT(H10,"not_issue"),EXACT(H10,"indeterminate")))),AND(AND(D10="retain",E10="statistical_results"),NOT(OR(EXACT(I10,"substantive"),EXACT(I10,"minor_presentation"),EXACT(I10,"indeterminate")))),AND(AND(D10="retain",E10="statistical_results"),J10<>"",NOT(OR(EXACT(J10,"direct"),EXACT(J10,"possible"),EXACT(J10,"unlikely"),EXACT(J10,"unknown")))),AND(AND(D10="retain",OR(E10="report_internal_inconsistency",E10="plan_material")),NOT(OR(EXACT(K10,"substantive_inconsistency"),EXACT(K10,"minor_presentation"),EXACT(K10,"non_inconsistency"),EXACT(K10,"indeterminate")))),AND(AND(D10="retain",E10="protocol_report"),L10<>"",NOT(OR(EXACT(L10,"substantive_difference"),EXACT(L10,"minor_presentation"),EXACT(L10,"version_timing"),EXACT(L10,"non_inconsistency"),EXACT(L10,"indeterminate"))))),"CHECK FIELDS",IF(AND(F10<>"",NOT(OR(EXACT(F10,"no"),EXACT(F10,"primary_done")))),"CHECK COMPLETE",IF(EXACT(F10,"primary_done"),"PRIMARY READY","PRIMARY DRAFT")))))),"CHECK INPUT / KEY") | H10: confirmed_issue | I10: minor_presentation | J10: unlikely | K10: =IF(AND(OR(D10="retain",D10=""),OR(E10="report_internal_inconsistency",E10="plan_material")),"","not_applicable") | L10: =IF(AND(OR(D10="retain",D10=""),E10="protocol_report"),"","not_applicable") | R10: Table 2 (main p.9) intensity 12 mo HC vs PT prints NNT 63 (18-38). Same root cause as C008: RR 1.05 (0.92-1.20) includes 1, so the interval is NNT benefit 18 to infinity to NNH 38 with the minus sign lost (RR-based approximation: NNT 16, NNH 39). Under that reading 63 lies inside; as printed the point is outside its interval.
A11: 2025::jama.2025.11178::C010 | B11: SMD points outside printed confidence intervals | C11: Yes: REPORT main p.10 Table 3 — jama_debar_2025_oi_250046_1755300121.13587.pdf and p.11 PGIC-pain continuation — jama_debar_2025_oi_250046_1755300121.13587.pdf. Every one of the fourteen registered tuples was read directly; all matched the ledger. | D11: retain | E11: statistical_results | F11: primary_done | G11: =IFERROR(IF(LEN(TRIM(CLEAN(SUBSTITUTE(Setup!$B$2,CHAR(160)," "))))=0,"CHECK REVIEWER ID",IF(OR(A11="",COUNTIF($A$2:$A$19,A11)<>1,LEFT(A11,LEN("2025::jama.2025.11178::"))<>"2025::jama.2025.11178::"),"CHECK KEY",IF(OR(AND(NOT(AND(D11="retain",E11="statistical_results")),H11<>"",NOT(EXACT(H11,"not_applicable"))),AND(NOT(AND(D11="retain",E11="statistical_results")),I11<>"",NOT(EXACT(I11,"not_applicable"))),AND(NOT(AND(D11="retain",E11="statistical_results")),J11<>"",NOT(EXACT(J11,"not_applicable"))),AND(NOT(AND(D11="retain",OR(E11="report_internal_inconsistency",E11="plan_material"))),K11<>"",NOT(EXACT(K11,"not_applicable"))),AND(NOT(AND(D11="retain",E11="protocol_report")),L11<>"",NOT(EXACT(L11,"not_applicable")))),"CLEAR INACTIVE VALUES",IF(OR(NOT(OR(EXACT(D11,"retain"),EXACT(D11,"exclude"),EXACT(D11,"discuss"))),NOT(OR(EXACT(E11,"statistical_results"),EXACT(E11,"report_internal_inconsistency"),EXACT(E11,"plan_material"),EXACT(E11,"protocol_report"))),AND(AND(D11="retain",E11="statistical_results"),NOT(OR(EXACT(H11,"confirmed_issue"),EXACT(H11,"probable_issue"),EXACT(H11,"not_issue"),EXACT(H11,"indeterminate")))),AND(AND(D11="retain",E11="statistical_results"),NOT(OR(EXACT(I11,"substantive"),EXACT(I11,"minor_presentation"),EXACT(I11,"indeterminate")))),AND(AND(D11="retain",E11="statistical_results"),J11<>"",NOT(OR(EXACT(J11,"direct"),EXACT(J11,"possible"),EXACT(J11,"unlikely"),EXACT(J11,"unknown")))),AND(AND(D11="retain",OR(E11="report_internal_inconsistency",E11="plan_material")),NOT(OR(EXACT(K11,"substantive_inconsistency"),EXACT(K11,"minor_presentation"),EXACT(K11,"non_inconsistency"),EXACT(K11,"indeterminate")))),AND(AND(D11="retain",E11="protocol_report"),L11<>"",NOT(OR(EXACT(L11,"substantive_difference"),EXACT(L11,"minor_presentation"),EXACT(L11,"version_timing"),EXACT(L11,"non_inconsistency"),EXACT(L11,"indeterminate"))))),"CHECK FIELDS",IF(AND(F11<>"",NOT(OR(EXACT(F11,"no"),EXACT(F11,"primary_done")))),"CHECK COMPLETE",IF(EXACT(F11,"primary_done"),"PRIMARY READY","PRIMARY DRAFT")))))),"CHECK INPUT / KEY") | H11: confirmed_issue | I11: substantive | J11: direct | K11: =IF(AND(OR(D11="retain",D11=""),OR(E11="report_internal_inconsistency",E11="plan_material")),"","not_applicable") | L11: =IF(AND(OR(D11="retain",D11=""),E11="protocol_report"),"","not_applicable") | R11: Table 3 (main pp.10-11): 14 of 63 SMD points lie outside their printed 95% CIs (eg severity 12 mo PT vs UC -0.25 (-0.24 to 0.01)); 18 intervals are printed with descending limits (social, physical rows); in 20 cells the SMD CI and MD CI disagree on excluding zero (eg severity 12 mo PT vs UC MD -0.4 (-0.6 to -0.2) but SMD CI includes 0).
A12: 2025::jama.2025.11178::C011 | B12: Covariate set of restricted primary analyses | C12: Yes: REPORT results p.4 Adjustment — joi250046supp4_prod_1755300121.15587.pdf, p.7 eTable 2 final imputation/estimation set — joi250046supp4_prod_1755300121.15587.pdf, p.13 Protocol Change Subset Analyses — joi250046supp4_prod_1755300121.15587.pdf, p.14 eTable 8 all three blocks and footnote b — joi250046supp4_prod_1755300121.15587.pdf. Fitted education/employment terms at p.8 — joi250046supp4_prod_1755300121.15587.pdf and p.9 — joi250046supp4_prod_1755300121.15587.pdf were also read as corroboration. | D12: retain | E12: statistical_results | F12: primary_done | G12: =IFERROR(IF(LEN(TRIM(CLEAN(SUBSTITUTE(Setup!$B$2,CHAR(160)," "))))=0,"CHECK REVIEWER ID",IF(OR(A12="",COUNTIF($A$2:$A$19,A12)<>1,LEFT(A12,LEN("2025::jama.2025.11178::"))<>"2025::jama.2025.11178::"),"CHECK KEY",IF(OR(AND(NOT(AND(D12="retain",E12="statistical_results")),H12<>"",NOT(EXACT(H12,"not_applicable"))),AND(NOT(AND(D12="retain",E12="statistical_results")),I12<>"",NOT(EXACT(I12,"not_applicable"))),AND(NOT(AND(D12="retain",E12="statistical_results")),J12<>"",NOT(EXACT(J12,"not_applicable"))),AND(NOT(AND(D12="retain",OR(E12="report_internal_inconsistency",E12="plan_material"))),K12<>"",NOT(EXACT(K12,"not_applicable"))),AND(NOT(AND(D12="retain",E12="protocol_report")),L12<>"",NOT(EXACT(L12,"not_applicable")))),"CLEAR INACTIVE VALUES",IF(OR(NOT(OR(EXACT(D12,"retain"),EXACT(D12,"exclude"),EXACT(D12,"discuss"))),NOT(OR(EXACT(E12,"statistical_results"),EXACT(E12,"report_internal_inconsistency"),EXACT(E12,"plan_material"),EXACT(E12,"protocol_report"))),AND(AND(D12="retain",E12="statistical_results"),NOT(OR(EXACT(H12,"confirmed_issue"),EXACT(H12,"probable_issue"),EXACT(H12,"not_issue"),EXACT(H12,"indeterminate")))),AND(AND(D12="retain",E12="statistical_results"),NOT(OR(EXACT(I12,"substantive"),EXACT(I12,"minor_presentation"),EXACT(I12,"indeterminate")))),AND(AND(D12="retain",E12="statistical_results"),J12<>"",NOT(OR(EXACT(J12,"direct"),EXACT(J12,"possible"),EXACT(J12,"unlikely"),EXACT(J12,"unknown")))),AND(AND(D12="retain",OR(E12="report_internal_inconsistency",E12="plan_material")),NOT(OR(EXACT(K12,"substantive_inconsistency"),EXACT(K12,"minor_presentation"),EXACT(K12,"non_inconsistency"),EXACT(K12,"indeterminate")))),AND(AND(D12="retain",E12="protocol_report"),L12<>"",NOT(OR(EXACT(L12,"substantive_difference"),EXACT(L12,"minor_presentation"),EXACT(L12,"version_timing"),EXACT(L12,"non_inconsistency"),EXACT(L12,"indeterminate"))))),"CHECK FIELDS",IF(AND(F12<>"",NOT(OR(EXACT(F12,"no"),EXACT(F12,"primary_done")))),"CHECK COMPLETE",IF(EXACT(F12,"primary_done"),"PRIMARY READY","PRIMARY DRAFT")))))),"CHECK INPUT / KEY") | H12: confirmed_issue | I12: minor_presentation | J12: unlikely | K12: =IF(AND(OR(D12="retain",D12=""),OR(E12="report_internal_inconsistency",E12="plan_material")),"","not_applicable") | L12: =IF(AND(OR(D12="retain",D12=""),E12="protocol_report"),"","not_applicable") | R12: Supp4 p.13 describes eTable 8 as the primary analysis restricted to subsets, but eTable 8 footnote b (p.14) lists only the base covariates (sex, age, site, residence, multisite pain, mental health, baseline severity), omitting the education and employment terms that eTable 2 (p.7) adds to the primary models. The footnote is identical to eTable 7's complete-case footnote. Report contradicts itself on the subset model.
A13: 2025::jama.2025.11178::C012 | B13: Final response-weight model predictor membership | C13: Yes: REPORT results p.4 Adjustment/selection — joi250046supp4_prod_1755300121.15587.pdf, p.5 Non-Response Weighting — joi250046supp4_prod_1755300121.15587.pdf, p.7 eTable 2 final nonresponse predictors — joi250046supp4_prod_1755300121.15587.pdf, p.10 eTable 5 full coefficient display — joi250046supp4_prod_1755300121.15587.pdf; corroborating REPORT workbook — joi250046supp5_prod_1755300121.16087.xlsx, worksheet eTable 3, cells A18, H18, I18, J18. | D13: retain | E13: statistical_results | F13: primary_done | G13: =IFERROR(IF(LEN(TRIM(CLEAN(SUBSTITUTE(Setup!$B$2,CHAR(160)," "))))=0,"CHECK REVIEWER ID",IF(OR(A13="",COUNTIF($A$2:$A$19,A13)<>1,LEFT(A13,LEN("2025::jama.2025.11178::"))<>"2025::jama.2025.11178::"),"CHECK KEY",IF(OR(AND(NOT(AND(D13="retain",E13="statistical_results")),H13<>"",NOT(EXACT(H13,"not_applicable"))),AND(NOT(AND(D13="retain",E13="statistical_results")),I13<>"",NOT(EXACT(I13,"not_applicable"))),AND(NOT(AND(D13="retain",E13="statistical_results")),J13<>"",NOT(EXACT(J13,"not_applicable"))),AND(NOT(AND(D13="retain",OR(E13="report_internal_inconsistency",E13="plan_material"))),K13<>"",NOT(EXACT(K13,"not_applicable"))),AND(NOT(AND(D13="retain",E13="protocol_report")),L13<>"",NOT(EXACT(L13,"not_applicable")))),"CLEAR INACTIVE VALUES",IF(OR(NOT(OR(EXACT(D13,"retain"),EXACT(D13,"exclude"),EXACT(D13,"discuss"))),NOT(OR(EXACT(E13,"statistical_results"),EXACT(E13,"report_internal_inconsistency"),EXACT(E13,"plan_material"),EXACT(E13,"protocol_report"))),AND(AND(D13="retain",E13="statistical_results"),NOT(OR(EXACT(H13,"confirmed_issue"),EXACT(H13,"probable_issue"),EXACT(H13,"not_issue"),EXACT(H13,"indeterminate")))),AND(AND(D13="retain",E13="statistical_results"),NOT(OR(EXACT(I13,"substantive"),EXACT(I13,"minor_presentation"),EXACT(I13,"indeterminate")))),AND(AND(D13="retain",E13="statistical_results"),J13<>"",NOT(OR(EXACT(J13,"direct"),EXACT(J13,"possible"),EXACT(J13,"unlikely"),EXACT(J13,"unknown")))),AND(AND(D13="retain",OR(E13="report_internal_inconsistency",E13="plan_material")),NOT(OR(EXACT(K13,"substantive_inconsistency"),EXACT(K13,"minor_presentation"),EXACT(K13,"non_inconsistency"),EXACT(K13,"indeterminate")))),AND(AND(D13="retain",E13="protocol_report"),L13<>"",NOT(OR(EXACT(L13,"substantive_difference"),EXACT(L13,"minor_presentation"),EXACT(L13,"version_timing"),EXACT(L13,"non_inconsistency"),EXACT(L13,"indeterminate"))))),"CHECK FIELDS",IF(AND(F13<>"",NOT(OR(EXACT(F13,"no"),EXACT(F13,"primary_done")))),"CHECK COMPLETE",IF(EXACT(F13,"primary_done"),"PRIMARY READY","PRIMARY DRAFT")))))),"CHECK INPUT / KEY") | H13: confirmed_issue | I13: minor_presentation | J13: unlikely | K13: =IF(AND(OR(D13="retain",D13=""),OR(E13="report_internal_inconsistency",E13="plan_material")),"","not_applicable") | L13: =IF(AND(OR(D13="retain",D13=""),E13="protocol_report"),"","not_applicable") | R13: eTable 2 (Supp4 p.7) lists education among the additional nonresponse-weight predictors; the fitted weight model, eTable 5 (p.10), has no education term but includes 'Not employed'. Workbook (Supp5 eTable 3) selection P values support employment (MCID P<.001, nonresponse P=.0228) and not education (no nonresponse P listed), so eTable 2's list appears wrong.
A14: 2025::jama.2025.11178::C013 | B14: Education coding and coefficient attribution | C14: Yes: REPORT results p.7 eTable 2 final primary predictor list — joi250046supp4_prod_1755300121.15587.pdf, p.8 eTable 3 all three education rows — joi250046supp4_prod_1755300121.15587.pdf, p.9 eTable 4 all three education rows — joi250046supp4_prod_1755300121.15587.pdf; corroborating REPORT workbook — joi250046supp5_prod_1755300121.16087.xlsx, worksheet eTable 3, cells A12:A16. | D14: retain | E14: statistical_results | F14: primary_done | G14: =IFERROR(IF(LEN(TRIM(CLEAN(SUBSTITUTE(Setup!$B$2,CHAR(160)," "))))=0,"CHECK REVIEWER ID",IF(OR(A14="",COUNTIF($A$2:$A$19,A14)<>1,LEFT(A14,LEN("2025::jama.2025.11178::"))<>"2025::jama.2025.11178::"),"CHECK KEY",IF(OR(AND(NOT(AND(D14="retain",E14="statistical_results")),H14<>"",NOT(EXACT(H14,"not_applicable"))),AND(NOT(AND(D14="retain",E14="statistical_results")),I14<>"",NOT(EXACT(I14,"not_applicable"))),AND(NOT(AND(D14="retain",E14="statistical_results")),J14<>"",NOT(EXACT(J14,"not_applicable"))),AND(NOT(AND(D14="retain",OR(E14="report_internal_inconsistency",E14="plan_material"))),K14<>"",NOT(EXACT(K14,"not_applicable"))),AND(NOT(AND(D14="retain",E14="protocol_report")),L14<>"",NOT(EXACT(L14,"not_applicable")))),"CLEAR INACTIVE VALUES",IF(OR(NOT(OR(EXACT(D14,"retain"),EXACT(D14,"exclude"),EXACT(D14,"discuss"))),NOT(OR(EXACT(E14,"statistical_results"),EXACT(E14,"report_internal_inconsistency"),EXACT(E14,"plan_material"),EXACT(E14,"protocol_report"))),AND(AND(D14="retain",E14="statistical_results"),NOT(OR(EXACT(H14,"confirmed_issue"),EXACT(H14,"probable_issue"),EXACT(H14,"not_issue"),EXACT(H14,"indeterminate")))),AND(AND(D14="retain",E14="statistical_results"),NOT(OR(EXACT(I14,"substantive"),EXACT(I14,"minor_presentation"),EXACT(I14,"indeterminate")))),AND(AND(D14="retain",E14="statistical_results"),J14<>"",NOT(OR(EXACT(J14,"direct"),EXACT(J14,"possible"),EXACT(J14,"unlikely"),EXACT(J14,"unknown")))),AND(AND(D14="retain",OR(E14="report_internal_inconsistency",E14="plan_material")),NOT(OR(EXACT(K14,"substantive_inconsistency"),EXACT(K14,"minor_presentation"),EXACT(K14,"non_inconsistency"),EXACT(K14,"indeterminate")))),AND(AND(D14="retain",E14="protocol_report"),L14<>"",NOT(OR(EXACT(L14,"substantive_difference"),EXACT(L14,"minor_presentation"),EXACT(L14,"version_timing"),EXACT(L14,"non_inconsistency"),EXACT(L14,"indeterminate"))))),"CHECK FIELDS",IF(AND(F14<>"",NOT(OR(EXACT(F14,"no"),EXACT(F14,"primary_done")))),"CHECK COMPLETE",IF(EXACT(F14,"primary_done"),"PRIMARY READY","PRIMARY DRAFT")))))),"CHECK INPUT / KEY") | H14: confirmed_issue | I14: minor_presentation | J14: unlikely | K14: =IF(AND(OR(D14="retain",D14=""),OR(E14="report_internal_inconsistency",E14="plan_material")),"","not_applicable") | L14: =IF(AND(OR(D14="retain",D14=""),E14="protocol_report"),"","not_applicable") | R14: eTable 2 (Supp4 p.7) specifies education as binary (any college vs HS or less), but eTables 3 and 4 (pp.8-9) fit three nonreference education terms, two of them labeled 'AA degree' (eg eTable 4 RR 0.97 and 1.16). The workbook (Supp5) has four education levels (HS or less, Associate's/technical, College, Doctoral/postgraduate), consistent with a 4-level coding and a duplicated label.
A15: 2025::jama.2025.11178::C014 | B15: Coefficient CI versus P-value null-significance pattern | C15: Yes: REPORT results p.8 eTable 3 seven registered rows — joi250046supp4_prod_1755300121.15587.pdf, p.9 eTable 4 age and second AA rows — joi250046supp4_prod_1755300121.15587.pdf, p.10 eTable 5 PEG row — joi250046supp4_prod_1755300121.15587.pdf. Method context was read at results p.4 — joi250046supp4_prod_1755300121.15587.pdf, p.5 — joi250046supp4_prod_1755300121.15587.pdf, and REPORT main p.4 two-sided alpha=.05 — jama_debar_2025_oi_250046_1755300121.13587.pdf. | D15: retain | E15: statistical_results | F15: primary_done | G15: =IFERROR(IF(LEN(TRIM(CLEAN(SUBSTITUTE(Setup!$B$2,CHAR(160)," "))))=0,"CHECK REVIEWER ID",IF(OR(A15="",COUNTIF($A$2:$A$19,A15)<>1,LEFT(A15,LEN("2025::jama.2025.11178::"))<>"2025::jama.2025.11178::"),"CHECK KEY",IF(OR(AND(NOT(AND(D15="retain",E15="statistical_results")),H15<>"",NOT(EXACT(H15,"not_applicable"))),AND(NOT(AND(D15="retain",E15="statistical_results")),I15<>"",NOT(EXACT(I15,"not_applicable"))),AND(NOT(AND(D15="retain",E15="statistical_results")),J15<>"",NOT(EXACT(J15,"not_applicable"))),AND(NOT(AND(D15="retain",OR(E15="report_internal_inconsistency",E15="plan_material"))),K15<>"",NOT(EXACT(K15,"not_applicable"))),AND(NOT(AND(D15="retain",E15="protocol_report")),L15<>"",NOT(EXACT(L15,"not_applicable")))),"CLEAR INACTIVE VALUES",IF(OR(NOT(OR(EXACT(D15,"retain"),EXACT(D15,"exclude"),EXACT(D15,"discuss"))),NOT(OR(EXACT(E15,"statistical_results"),EXACT(E15,"report_internal_inconsistency"),EXACT(E15,"plan_material"),EXACT(E15,"protocol_report"))),AND(AND(D15="retain",E15="statistical_results"),NOT(OR(EXACT(H15,"confirmed_issue"),EXACT(H15,"probable_issue"),EXACT(H15,"not_issue"),EXACT(H15,"indeterminate")))),AND(AND(D15="retain",E15="statistical_results"),NOT(OR(EXACT(I15,"substantive"),EXACT(I15,"minor_presentation"),EXACT(I15,"indeterminate")))),AND(AND(D15="retain",E15="statistical_results"),J15<>"",NOT(OR(EXACT(J15,"direct"),EXACT(J15,"possible"),EXACT(J15,"unlikely"),EXACT(J15,"unknown")))),AND(AND(D15="retain",OR(E15="report_internal_inconsistency",E15="plan_material")),NOT(OR(EXACT(K15,"substantive_inconsistency"),EXACT(K15,"minor_presentation"),EXACT(K15,"non_inconsistency"),EXACT(K15,"indeterminate")))),AND(AND(D15="retain",E15="protocol_report"),L15<>"",NOT(OR(EXACT(L15,"substantive_difference"),EXACT(L15,"minor_presentation"),EXACT(L15,"version_timing"),EXACT(L15,"non_inconsistency"),EXACT(L15,"indeterminate"))))),"CHECK FIELDS",IF(AND(F15<>"",NOT(OR(EXACT(F15,"no"),EXACT(F15,"primary_done")))),"CHECK COMPLETE",IF(EXACT(F15,"primary_done"),"PRIMARY READY","PRIMARY DRAFT")))))),"CHECK INPUT / KEY") | H15: confirmed_issue | I15: minor_presentation | J15: unlikely | K15: =IF(AND(OR(D15="retain",D15=""),OR(E15="report_internal_inconsistency",E15="plan_material")),"","not_applicable") | L15: =IF(AND(OR(D15="retain",D15=""),E15="protocol_report"),"","not_applicable") | R15: eTable 3 (Supp4 p.8): 7 rows have 95% CIs excluding 0 but P>.05 (eg Pattern 2 -0.28 (-0.47 to -0.08), P=.150). Printed P values reproduce almost exactly if each interval is estimate +/- 1 SE (r = 0.999 over rows with P>=.001; SE implied by P is 1.95 x the 95%-CI SE), so the 'CIs' are ~68% intervals. The three ratio rows in eTables 4-5 (age, second AA, PEG) are compatible with rounding.
A16: 2025::jama.2025.11178::C015 | B16: Within-header three-month subset counts | C16: Yes: REPORT results p.14 eTable 8 first subgroup header — joi250046supp4_prod_1755300121.15587.pdf; corroborating REPORT p.7 eTable 1 — joi250046supp4_prod_1755300121.15587.pdf, p.13 subset definition — joi250046supp4_prod_1755300121.15587.pdf, and the second/third headers on p.14. | D16: retain | E16: statistical_results | F16: primary_done | G16: =IFERROR(IF(LEN(TRIM(CLEAN(SUBSTITUTE(Setup!$B$2,CHAR(160)," "))))=0,"CHECK REVIEWER ID",IF(OR(A16="",COUNTIF($A$2:$A$19,A16)<>1,LEFT(A16,LEN("2025::jama.2025.11178::"))<>"2025::jama.2025.11178::"),"CHECK KEY",IF(OR(AND(NOT(AND(D16="retain",E16="statistical_results")),H16<>"",NOT(EXACT(H16,"not_applicable"))),AND(NOT(AND(D16="retain",E16="statistical_results")),I16<>"",NOT(EXACT(I16,"not_applicable"))),AND(NOT(AND(D16="retain",E16="statistical_results")),J16<>"",NOT(EXACT(J16,"not_applicable"))),AND(NOT(AND(D16="retain",OR(E16="report_internal_inconsistency",E16="plan_material"))),K16<>"",NOT(EXACT(K16,"not_applicable"))),AND(NOT(AND(D16="retain",E16="protocol_report")),L16<>"",NOT(EXACT(L16,"not_applicable")))),"CLEAR INACTIVE VALUES",IF(OR(NOT(OR(EXACT(D16,"retain"),EXACT(D16,"exclude"),EXACT(D16,"discuss"))),NOT(OR(EXACT(E16,"statistical_results"),EXACT(E16,"report_internal_inconsistency"),EXACT(E16,"plan_material"),EXACT(E16,"protocol_report"))),AND(AND(D16="retain",E16="statistical_results"),NOT(OR(EXACT(H16,"confirmed_issue"),EXACT(H16,"probable_issue"),EXACT(H16,"not_issue"),EXACT(H16,"indeterminate")))),AND(AND(D16="retain",E16="statistical_results"),NOT(OR(EXACT(I16,"substantive"),EXACT(I16,"minor_presentation"),EXACT(I16,"indeterminate")))),AND(AND(D16="retain",E16="statistical_results"),J16<>"",NOT(OR(EXACT(J16,"direct"),EXACT(J16,"possible"),EXACT(J16,"unlikely"),EXACT(J16,"unknown")))),AND(AND(D16="retain",OR(E16="report_internal_inconsistency",E16="plan_material")),NOT(OR(EXACT(K16,"substantive_inconsistency"),EXACT(K16,"minor_presentation"),EXACT(K16,"non_inconsistency"),EXACT(K16,"indeterminate")))),AND(AND(D16="retain",E16="protocol_report"),L16<>"",NOT(OR(EXACT(L16,"substantive_difference"),EXACT(L16,"minor_presentation"),EXACT(L16,"version_timing"),EXACT(L16,"non_inconsistency"),EXACT(L16,"indeterminate"))))),"CHECK FIELDS",IF(AND(F16<>"",NOT(OR(EXACT(F16,"no"),EXACT(F16,"primary_done")))),"CHECK COMPLETE",IF(EXACT(F16,"primary_done"),"PRIMARY READY","PRIMARY DRAFT")))))),"CHECK INPUT / KEY") | H16: confirmed_issue | I16: minor_presentation | J16: unlikely | K16: =IF(AND(OR(D16="retain",D16=""),OR(E16="report_internal_inconsistency",E16="plan_material")),"","not_applicable") | L16: =IF(AND(OR(D16="retain",D16=""),E16="protocol_report"),"","not_applicable") | R16: eTable 8 first header (Supp4 p.14): 'N=454; 366 with at least 1 follow-up; PT=149, HC=153, UC=152 at 3-months'. 149+153+152 = 454 = N randomized, which exceeds the 366 with any follow-up, so these are not 3-month counts. By subtraction (eTable 1 minus the post-8/9/2021 header) the 3-month counts would be UC 109, PT 94, HC 108 (total 311).
A17: 2025::jama.2025.11178::C016 | B17: Raw-score summary statistic and bounds in eTable 11 | C17: Yes: REPORT results p.15 Additional Unadjusted Data and Analyses — joi250046supp4_prod_1755300121.15587.pdf, p.17 eTable 11 title/header and all 21 rows — joi250046supp4_prod_1755300121.15587.pdf, p.18 note b — joi250046supp4_prod_1755300121.15587.pdf; corroborating REPORT main p.11 PGIC footnotes h/i — jama_debar_2025_oi_250046_1755300121.13587.pdf. | D17: retain | E17: statistical_results | F17: primary_done | G17: =IFERROR(IF(LEN(TRIM(CLEAN(SUBSTITUTE(Setup!$B$2,CHAR(160)," "))))=0,"CHECK REVIEWER ID",IF(OR(A17="",COUNTIF($A$2:$A$19,A17)<>1,LEFT(A17,LEN("2025::jama.2025.11178::"))<>"2025::jama.2025.11178::"),"CHECK KEY",IF(OR(AND(NOT(AND(D17="retain",E17="statistical_results")),H17<>"",NOT(EXACT(H17,"not_applicable"))),AND(NOT(AND(D17="retain",E17="statistical_results")),I17<>"",NOT(EXACT(I17,"not_applicable"))),AND(NOT(AND(D17="retain",E17="statistical_results")),J17<>"",NOT(EXACT(J17,"not_applicable"))),AND(NOT(AND(D17="retain",OR(E17="report_internal_inconsistency",E17="plan_material"))),K17<>"",NOT(EXACT(K17,"not_applicable"))),AND(NOT(AND(D17="retain",E17="protocol_report")),L17<>"",NOT(EXACT(L17,"not_applicable")))),"CLEAR INACTIVE VALUES",IF(OR(NOT(OR(EXACT(D17,"retain"),EXACT(D17,"exclude"),EXACT(D17,"discuss"))),NOT(OR(EXACT(E17,"statistical_results"),EXACT(E17,"report_internal_inconsistency"),EXACT(E17,"plan_material"),EXACT(E17,"protocol_report"))),AND(AND(D17="retain",E17="statistical_results"),NOT(OR(EXACT(H17,"confirmed_issue"),EXACT(H17,"probable_issue"),EXACT(H17,"not_issue"),EXACT(H17,"indeterminate")))),AND(AND(D17="retain",E17="statistical_results"),NOT(OR(EXACT(I17,"substantive"),EXACT(I17,"minor_presentation"),EXACT(I17,"indeterminate")))),AND(AND(D17="retain",E17="statistical_results"),J17<>"",NOT(OR(EXACT(J17,"direct"),EXACT(J17,"possible"),EXACT(J17,"unlikely"),EXACT(J17,"unknown")))),AND(AND(D17="retain",OR(E17="report_internal_inconsistency",E17="plan_material")),NOT(OR(EXACT(K17,"substantive_inconsistency"),EXACT(K17,"minor_presentation"),EXACT(K17,"non_inconsistency"),EXACT(K17,"indeterminate")))),AND(AND(D17="retain",E17="protocol_report"),L17<>"",NOT(OR(EXACT(L17,"substantive_difference"),EXACT(L17,"minor_presentation"),EXACT(L17,"version_timing"),EXACT(L17,"non_inconsistency"),EXACT(L17,"indeterminate"))))),"CHECK FIELDS",IF(AND(F17<>"",NOT(OR(EXACT(F17,"no"),EXACT(F17,"primary_done")))),"CHECK COMPLETE",IF(EXACT(F17,"primary_done"),"PRIMARY READY","PRIMARY DRAFT")))))),"CHECK INPUT / KEY") | H17: confirmed_issue | I17: substantive | J17: direct | K17: =IF(AND(OR(D17="retain",D17=""),OR(E17="report_internal_inconsistency",E17="plan_material")),"","not_applicable") | L17: =IF(AND(OR(D17="retain",D17=""),E17="protocol_report"),"","not_applicable") | R17: eTable 11 (Supp4 p.17) is titled and headed 'Raw Score Median (25%-tile, 75%-tile)' but the text (p.15) calls the values means; bounds such as 5.1 (4.9, 5.2) for a 0-10 score (baseline SD 1.6) are far too narrow for IQRs and look like 95% CIs of means. Group columns also appear to be in the order UC, PT, HC, not the labeled PT, HC, UC: printed MDs match differences under UC/PT/HC (mean abs error 0.03) but not as labeled (1.02).
A18: 2025::jama.2025.11178::C017 | B18: Workbook All Observed depression percentage | C18: Yes: supplied REPORT workbook — joi250046supp5_prod_1755300121.16087.xlsx, worksheet exactly eTable 3, E3, A82, E82, A83, E83, A110. Direct workbook.xml confirms worksheet name and worksheet relationship; direct sheet1.xml/sharedStrings.xml confirms all cells. B82/C82/D82 were also read as count-partition corroboration. | D18: retain | E18: statistical_results | F18: primary_done | G18: =IFERROR(IF(LEN(TRIM(CLEAN(SUBSTITUTE(Setup!$B$2,CHAR(160)," "))))=0,"CHECK REVIEWER ID",IF(OR(A18="",COUNTIF($A$2:$A$19,A18)<>1,LEFT(A18,LEN("2025::jama.2025.11178::"))<>"2025::jama.2025.11178::"),"CHECK KEY",IF(OR(AND(NOT(AND(D18="retain",E18="statistical_results")),H18<>"",NOT(EXACT(H18,"not_applicable"))),AND(NOT(AND(D18="retain",E18="statistical_results")),I18<>"",NOT(EXACT(I18,"not_applicable"))),AND(NOT(AND(D18="retain",E18="statistical_results")),J18<>"",NOT(EXACT(J18,"not_applicable"))),AND(NOT(AND(D18="retain",OR(E18="report_internal_inconsistency",E18="plan_material"))),K18<>"",NOT(EXACT(K18,"not_applicable"))),AND(NOT(AND(D18="retain",E18="protocol_report")),L18<>"",NOT(EXACT(L18,"not_applicable")))),"CLEAR INACTIVE VALUES",IF(OR(NOT(OR(EXACT(D18,"retain"),EXACT(D18,"exclude"),EXACT(D18,"discuss"))),NOT(OR(EXACT(E18,"statistical_results"),EXACT(E18,"report_internal_inconsistency"),EXACT(E18,"plan_material"),EXACT(E18,"protocol_report"))),AND(AND(D18="retain",E18="statistical_results"),NOT(OR(EXACT(H18,"confirmed_issue"),EXACT(H18,"probable_issue"),EXACT(H18,"not_issue"),EXACT(H18,"indeterminate")))),AND(AND(D18="retain",E18="statistical_results"),NOT(OR(EXACT(I18,"substantive"),EXACT(I18,"minor_presentation"),EXACT(I18,"indeterminate")))),AND(AND(D18="retain",E18="statistical_results"),J18<>"",NOT(OR(EXACT(J18,"direct"),EXACT(J18,"possible"),EXACT(J18,"unlikely"),EXACT(J18,"unknown")))),AND(AND(D18="retain",OR(E18="report_internal_inconsistency",E18="plan_material")),NOT(OR(EXACT(K18,"substantive_inconsistency"),EXACT(K18,"minor_presentation"),EXACT(K18,"non_inconsistency"),EXACT(K18,"indeterminate")))),AND(AND(D18="retain",E18="protocol_report"),L18<>"",NOT(OR(EXACT(L18,"substantive_difference"),EXACT(L18,"minor_presentation"),EXACT(L18,"version_timing"),EXACT(L18,"non_inconsistency"),EXACT(L18,"indeterminate"))))),"CHECK FIELDS",IF(AND(F18<>"",NOT(OR(EXACT(F18,"no"),EXACT(F18,"primary_done")))),"CHECK COMPLETE",IF(EXACT(F18,"primary_done"),"PRIMARY READY","PRIMARY DRAFT")))))),"CHECK INPUT / KEY") | H18: confirmed_issue | I18: minor_presentation | J18: unlikely | K18: =IF(AND(OR(D18="retain",D18=""),OR(E18="report_internal_inconsistency",E18="plan_material")),"","not_applicable") | L18: =IF(AND(OR(D18="retain",D18=""),E18="protocol_report"),"","not_applicable") | R18: Supp5 workbook, sheet 'eTable 3', E82: All Observed (N=1568, 2 missing per E83) current depression '711 (73.2)'. 711/1566 = 45.4%. Row reconciles otherwise: 162+243+711 = 1116 (B82), and B82 1116/2329 = 47.9%, C82 162/295 = 54.9%, D82 243/468 = 51.9% reproduce.
A19: 2025::jama.2025.11178::C018 | B19: Physical-function omnibus P values and contrast intervals | C19: Results supplement PDF p17, eTable 11 Physical Functioning 6 months — joi250046supp4_prod_1755300121.15587.pdf (REPORT); Results supplement PDF p17, eTable 11 Physical Functioning 12 months — joi250046supp4_prod_1755300121.15587.pdf (REPORT); Results supplement PDF p17, all other 19 eTable 11 outcome/time rows — joi250046supp4_prod_1755300121.15587.pdf (REPORT, same-display corroboration); Results supplement PDF p18, eTable 11 note b — joi250046supp4_prod_1755300121.15587.pdf (REPORT); Results supplement PDF page 15, Additional Unadjusted Data and Analyses — joi250046supp4_prod_1755300121.15587.pdf (REPORT); Main article PDF p11, Table 3 note c — jama_debar_2025_oi_250046_1755300121.13587.pdf (REPORT, corroboration only); Main article PDF p4, Statistical Analysis — jama_debar_2025_oi_250046_1755300121.13587.pdf (REPORT, corroboration only); The rendered p17 heading is unadjusted between-group mean differences (95%CI), with PT vs UC, HC vs UC and HC vs PT columns and a separately named omnibus P column. No pairwise P value is printed. The comparison does not equate raw medians with fitted means, and does not equate a single pairwise null with the omnibus null | D19: retain | E19: statistical_results | F19: primary_done | G19: =IFERROR(IF(LEN(TRIM(CLEAN(SUBSTITUTE(Setup!$B$2,CHAR(160)," "))))=0,"CHECK REVIEWER ID",IF(OR(A19="",COUNTIF($A$2:$A$19,A19)<>1,LEFT(A19,LEN("2025::jama.2025.11178::"))<>"2025::jama.2025.11178::"),"CHECK KEY",IF(OR(AND(NOT(AND(D19="retain",E19="statistical_results")),H19<>"",NOT(EXACT(H19,"not_applicable"))),AND(NOT(AND(D19="retain",E19="statistical_results")),I19<>"",NOT(EXACT(I19,"not_applicable"))),AND(NOT(AND(D19="retain",E19="statistical_results")),J19<>"",NOT(EXACT(J19,"not_applicable"))),AND(NOT(AND(D19="retain",OR(E19="report_internal_inconsistency",E19="plan_material"))),K19<>"",NOT(EXACT(K19,"not_applicable"))),AND(NOT(AND(D19="retain",E19="protocol_report")),L19<>"",NOT(EXACT(L19,"not_applicable")))),"CLEAR INACTIVE VALUES",IF(OR(NOT(OR(EXACT(D19,"retain"),EXACT(D19,"exclude"),EXACT(D19,"discuss"))),NOT(OR(EXACT(E19,"statistical_results"),EXACT(E19,"report_internal_inconsistency"),EXACT(E19,"plan_material"),EXACT(E19,"protocol_report"))),AND(AND(D19="retain",E19="statistical_results"),NOT(OR(EXACT(H19,"confirmed_issue"),EXACT(H19,"probable_issue"),EXACT(H19,"not_issue"),EXACT(H19,"indeterminate")))),AND(AND(D19="retain",E19="statistical_results"),NOT(OR(EXACT(I19,"substantive"),EXACT(I19,"minor_presentation"),EXACT(I19,"indeterminate")))),AND(AND(D19="retain",E19="statistical_results"),J19<>"",NOT(OR(EXACT(J19,"direct"),EXACT(J19,"possible"),EXACT(J19,"unlikely"),EXACT(J19,"unknown")))),AND(AND(D19="retain",OR(E19="report_internal_inconsistency",E19="plan_material")),NOT(OR(EXACT(K19,"substantive_inconsistency"),EXACT(K19,"minor_presentation"),EXACT(K19,"non_inconsistency"),EXACT(K19,"indeterminate")))),AND(AND(D19="retain",E19="protocol_report"),L19<>"",NOT(OR(EXACT(L19,"substantive_difference"),EXACT(L19,"minor_presentation"),EXACT(L19,"version_timing"),EXACT(L19,"non_inconsistency"),EXACT(L19,"indeterminate"))))),"CHECK FIELDS",IF(AND(F19<>"",NOT(OR(EXACT(F19,"no"),EXACT(F19,"primary_done")))),"CHECK COMPLETE",IF(EXACT(F19,"primary_done"),"PRIMARY READY","PRIMARY DRAFT")))))),"CHECK INPUT / KEY") | H19: probable_issue | I19: minor_presentation | J19: unlikely | K19: =IF(AND(OR(D19="retain",D19=""),OR(E19="report_internal_inconsistency",E19="plan_material")),"","not_applicable") | L19: =IF(AND(OR(D19="retain",D19=""),E19="protocol_report"),"","not_applicable") | R19: eTable 11 (Supp4 p.17) physical function: 2-df Wald omnibus P reconstructed from the three contrast CIs (Cov from Var(HC-PT) = Var(a)+Var(b)-2Cov) is .025 at 6 mo and .010 at 12 mo, vs printed .005 and .001; P ranges allowing +/-0.05 display rounding are .0096-.051 and .0032-.024, excluding the printed values. The other rows are compatible. Probable because eTable 11 does not define its omnibus test.

Sheet C_jama.2025.15185
A1: Candidate key | B1: Candidate title | C1: Source location | D1: Disposition | E1: Review domain (AI suggestion; editable) | F1: Complete | G1: Validation hint | H1: Statistical_or_numerical issue | I1: Substantiveness | J1: Downstream impact | K1: Report-internal or planning-material inconsistency | L1: Protocol interpretation | R1: Notes (optional)
A2: 2025::jama.2025.15185::C001 | B2: PROMIS-29 scalar scoring and direction are not specified | C2: jama_engelter_2025_oi_250066_1761597796.45511.pdf — p. 3, Secondary Outcomes: domain definition and direction; jama_engelter_2025_oi_250066_1761597796.45511.pdf — p. 6, Secondary Outcomes: single scalar result; joi250066supp3_prod_1761597796.4701.pdf — p. 15, eTable 4, PROMIS 29 row: corroborating scalar and adjusted result; joi250066supp1_prod_1761597796.4601.pdf — p. 70, PROMIS assessment: contextual scale description | D2: retain | E2: statistical_results | F2: primary_done | G2: =IFERROR(IF(LEN(TRIM(CLEAN(SUBSTITUTE(Setup!$B$2,CHAR(160)," "))))=0,"CHECK REVIEWER ID",IF(OR(A2="",COUNTIF($A$2:$A$7,A2)<>1,LEFT(A2,LEN("2025::jama.2025.15185::"))<>"2025::jama.2025.15185::"),"CHECK KEY",IF(OR(AND(NOT(AND(D2="retain",E2="statistical_results")),H2<>"",NOT(EXACT(H2,"not_applicable"))),AND(NOT(AND(D2="retain",E2="statistical_results")),I2<>"",NOT(EXACT(I2,"not_applicable"))),AND(NOT(AND(D2="retain",E2="statistical_results")),J2<>"",NOT(EXACT(J2,"not_applicable"))),AND(NOT(AND(D2="retain",OR(E2="report_internal_inconsistency",E2="plan_material"))),K2<>"",NOT(EXACT(K2,"not_applicable"))),AND(NOT(AND(D2="retain",E2="protocol_report")),L2<>"",NOT(EXACT(L2,"not_applicable")))),"CLEAR INACTIVE VALUES",IF(OR(NOT(OR(EXACT(D2,"retain"),EXACT(D2,"exclude"),EXACT(D2,"discuss"))),NOT(OR(EXACT(E2,"statistical_results"),EXACT(E2,"report_internal_inconsistency"),EXACT(E2,"plan_material"),EXACT(E2,"protocol_report"))),AND(AND(D2="retain",E2="statistical_results"),NOT(OR(EXACT(H2,"confirmed_issue"),EXACT(H2,"probable_issue"),EXACT(H2,"not_issue"),EXACT(H2,"indeterminate")))),AND(AND(D2="retain",E2="statistical_results"),NOT(OR(EXACT(I2,"substantive"),EXACT(I2,"minor_presentation"),EXACT(I2,"indeterminate")))),AND(AND(D2="retain",E2="statistical_results"),J2<>"",NOT(OR(EXACT(J2,"direct"),EXACT(J2,"possible"),EXACT(J2,"unlikely"),EXACT(J2,"unknown")))),AND(AND(D2="retain",OR(E2="report_internal_inconsistency",E2="plan_material")),NOT(OR(EXACT(K2,"substantive_inconsistency"),EXACT(K2,"minor_presentation"),EXACT(K2,"non_inconsistency"),EXACT(K2,"indeterminate")))),AND(AND(D2="retain",E2="protocol_report"),L2<>"",NOT(OR(EXACT(L2,"substantive_difference"),EXACT(L2,"minor_presentation"),EXACT(L2,"version_timing"),EXACT(L2,"non_inconsistency"),EXACT(L2,"indeterminate"))))),"CHECK FIELDS",IF(AND(F2<>"",NOT(OR(EXACT(F2,"no"),EXACT(F2,"primary_done")))),"CHECK COMPLETE",IF(EXACT(F2,"primary_done"),"PRIMARY READY","PRIMARY DRAFT")))))),"CHECK INPUT / KEY") | H2: confirmed_issue | I2: substantive | J2: possible | K2: =IF(AND(OR(D2="retain",D2=""),OR(E2="report_internal_inconsistency",E2="plan_material")),"","not_applicable") | L2: =IF(AND(OR(D2="retain",D2=""),E2="protocol_report"),"","not_applicable") | R2: Main p.3 describes PROMIS-29 as 7 domains (raw 4-20 each) of mixed direction, yet p.6 and eTable 4 (Supp3 p.15) report one 'PROMIS-29 score' (about 65, SD 14) and an adjusted MD of -0.37 (-3.34 to 2.61) with no aggregation, transformation or favorable direction stated; protocol p.70 describes domain T-scores (mean 50, SD 10). Also main p.6 levodopa mean 66 vs eTable 4 64.74.
A3: 2025::jama.2025.15185::C002 | B3: Primary analysis population changes from all randomized participants to survivors | C3: joi250066supp1_prod_1761597796.4601.pdf — p. 86, §§11.4.1–11.4.2: FAS and primary assignment; joi250066supp1_prod_1761597796.4601.pdf — p. 87, §11.5: missing-data rule; joi250066supp2_prod_1761597796.4701.pdf — p. 4, §3.2 and footnote: deceased participants' contribution; joi250066supp2_prod_1761597796.4701.pdf — p. 6, §4.3: primary/supportive status; joi250066supp2_prod_1761597796.4701.pdf — p. 7, §§4.3.1–4.3.3: primary versus death-inclusive strategy; jama_engelter_2025_oi_250066_1761597796.45511.pdf — p. 4, Statistical Analyses: survivor-primary rule; jama_engelter_2025_oi_250066_1761597796.45511.pdf — p. 5, flow and SAP explanation: participant totals and timing; joi250066supp3_prod_1761597796.4701.pdf — p. 12, population definitions: primary death exclusion; joi250066supp3_prod_1761597796.4701.pdf — p. 13, eTable 2, estimands 1, 3 and 4: primary and death-inclusive results | D3: retain | E3: protocol_report | F3: primary_done | G3: =IFERROR(IF(LEN(TRIM(CLEAN(SUBSTITUTE(Setup!$B$2,CHAR(160)," "))))=0,"CHECK REVIEWER ID",IF(OR(A3="",COUNTIF($A$2:$A$7,A3)<>1,LEFT(A3,LEN("2025::jama.2025.15185::"))<>"2025::jama.2025.15185::"),"CHECK KEY",IF(OR(AND(NOT(AND(D3="retain",E3="statistical_results")),H3<>"",NOT(EXACT(H3,"not_applicable"))),AND(NOT(AND(D3="retain",E3="statistical_results")),I3<>"",NOT(EXACT(I3,"not_applicable"))),AND(NOT(AND(D3="retain",E3="statistical_results")),J3<>"",NOT(EXACT(J3,"not_applicable"))),AND(NOT(AND(D3="retain",OR(E3="report_internal_inconsistency",E3="plan_material"))),K3<>"",NOT(EXACT(K3,"not_applicable"))),AND(NOT(AND(D3="retain",E3="protocol_report")),L3<>"",NOT(EXACT(L3,"not_applicable")))),"CLEAR INACTIVE VALUES",IF(OR(NOT(OR(EXACT(D3,"retain"),EXACT(D3,"exclude"),EXACT(D3,"discuss"))),NOT(OR(EXACT(E3,"statistical_results"),EXACT(E3,"report_internal_inconsistency"),EXACT(E3,"plan_material"),EXACT(E3,"protocol_report"))),AND(AND(D3="retain",E3="statistical_results"),NOT(OR(EXACT(H3,"confirmed_issue"),EXACT(H3,"probable_issue"),EXACT(H3,"not_issue"),EXACT(H3,"indeterminate")))),AND(AND(D3="retain",E3="statistical_results"),NOT(OR(EXACT(I3,"substantive"),EXACT(I3,"minor_presentation"),EXACT(I3,"indeterminate")))),AND(AND(D3="retain",E3="statistical_results"),J3<>"",NOT(OR(EXACT(J3,"direct"),EXACT(J3,"possible"),EXACT(J3,"unlikely"),EXACT(J3,"unknown")))),AND(AND(D3="retain",OR(E3="report_internal_inconsistency",E3="plan_material")),NOT(OR(EXACT(K3,"substantive_inconsistency"),EXACT(K3,"minor_presentation"),EXACT(K3,"non_inconsistency"),EXACT(K3,"indeterminate")))),AND(AND(D3="retain",E3="protocol_report"),L3<>"",NOT(OR(EXACT(L3,"substantive_difference"),EXACT(L3,"minor_presentation"),EXACT(L3,"version_timing"),EXACT(L3,"non_inconsistency"),EXACT(L3,"indeterminate"))))),"CHECK FIELDS",IF(AND(F3<>"",NOT(OR(EXACT(F3,"no"),EXACT(F3,"primary_done")))),"CHECK COMPLETE",IF(EXACT(F3,"primary_done"),"PRIMARY READY","PRIMARY DRAFT")))))),"CHECK INPUT / KEY") | H3: =IF(AND(OR(D3="retain",D3=""),E3="statistical_results"),"","not_applicable") | I3: =IF(AND(OR(D3="retain",D3=""),E3="statistical_results"),"","not_applicable") | J3: =IF(AND(OR(D3="retain",D3=""),E3="statistical_results"),"","not_applicable") | K3: =IF(AND(OR(D3="retain",D3=""),OR(E3="report_internal_inconsistency",E3="plan_material")),"","not_applicable") | L3: substantive_difference | R3: Protocol §11.4.1-11.4.2 (p.86) and §11.5 (p.87): primary analysis in the FAS of all randomized, missing data by multiple imputation. SAP (p.4 footnote 1; §4.3) and report (main p.4; Supp3 pp.12-13) exclude the 28 participants who died before 3 months from the primary analysis (n=582 of 610); death-inclusive analyses (estimands 3, 4; post hoc estimand 10) are supportive. Report calls the protocol-SAP differences 'terminology' (main p.5).
A4: 2025::jama.2025.15185::C003 | B4: Primary mixed-model terms are absent from the implemented linear model | C4: joi250066supp1_prod_1761597796.4601.pdf — p. 56, statistical synopsis: final mixed-model summary; joi250066supp1_prod_1761597796.4601.pdf — p. 86, §11.4.2: final primary formula/variance structure; joi250066supp2_prod_1761597796.4701.pdf — p. 10, §5.2: baseline/treatment linear model; jama_engelter_2025_oi_250066_1761597796.45511.pdf — p. 4, Statistical Analyses: reported model; jama_engelter_2025_oi_250066_1761597796.45511.pdf — p. 5, alignment explanation: SAP timing and alignment context; jama_engelter_2025_oi_250066_1761597796.45511.pdf — p. 6, Primary Outcome: affected primary result; joi250066supp5_prod_1761597796.4751.pdf — p. 1, code lines 19–26 and 31–32: explicit implementation and pooling; joi250066supp1_prod_1761597796.4601.pdf — p. 10, earlier synopsis: historical center-term context; joi250066supp1_prod_1761597796.4601.pdf — p. 39, earlier §11.4.2: historical center-term context | D4: retain | E4: protocol_report | F4: primary_done | G4: =IFERROR(IF(LEN(TRIM(CLEAN(SUBSTITUTE(Setup!$B$2,CHAR(160)," "))))=0,"CHECK REVIEWER ID",IF(OR(A4="",COUNTIF($A$2:$A$7,A4)<>1,LEFT(A4,LEN("2025::jama.2025.15185::"))<>"2025::jama.2025.15185::"),"CHECK KEY",IF(OR(AND(NOT(AND(D4="retain",E4="statistical_results")),H4<>"",NOT(EXACT(H4,"not_applicable"))),AND(NOT(AND(D4="retain",E4="statistical_results")),I4<>"",NOT(EXACT(I4,"not_applicable"))),AND(NOT(AND(D4="retain",E4="statistical_results")),J4<>"",NOT(EXACT(J4,"not_applicable"))),AND(NOT(AND(D4="retain",OR(E4="report_internal_inconsistency",E4="plan_material"))),K4<>"",NOT(EXACT(K4,"not_applicable"))),AND(NOT(AND(D4="retain",E4="protocol_report")),L4<>"",NOT(EXACT(L4,"not_applicable")))),"CLEAR INACTIVE VALUES",IF(OR(NOT(OR(EXACT(D4,"retain"),EXACT(D4,"exclude"),EXACT(D4,"discuss"))),NOT(OR(EXACT(E4,"statistical_results"),EXACT(E4,"report_internal_inconsistency"),EXACT(E4,"plan_material"),EXACT(E4,"protocol_report"))),AND(AND(D4="retain",E4="statistical_results"),NOT(OR(EXACT(H4,"confirmed_issue"),EXACT(H4,"probable_issue"),EXACT(H4,"not_issue"),EXACT(H4,"indeterminate")))),AND(AND(D4="retain",E4="statistical_results"),NOT(OR(EXACT(I4,"substantive"),EXACT(I4,"minor_presentation"),EXACT(I4,"indeterminate")))),AND(AND(D4="retain",E4="statistical_results"),J4<>"",NOT(OR(EXACT(J4,"direct"),EXACT(J4,"possible"),EXACT(J4,"unlikely"),EXACT(J4,"unknown")))),AND(AND(D4="retain",OR(E4="report_internal_inconsistency",E4="plan_material")),NOT(OR(EXACT(K4,"substantive_inconsistency"),EXACT(K4,"minor_presentation"),EXACT(K4,"non_inconsistency"),EXACT(K4,"indeterminate")))),AND(AND(D4="retain",E4="protocol_report"),L4<>"",NOT(OR(EXACT(L4,"substantive_difference"),EXACT(L4,"minor_presentation"),EXACT(L4,"version_timing"),EXACT(L4,"non_inconsistency"),EXACT(L4,"indeterminate"))))),"CHECK FIELDS",IF(AND(F4<>"",NOT(OR(EXACT(F4,"no"),EXACT(F4,"primary_done")))),"CHECK COMPLETE",IF(EXACT(F4,"primary_done"),"PRIMARY READY","PRIMARY DRAFT")))))),"CHECK INPUT / KEY") | H4: =IF(AND(OR(D4="retain",D4=""),E4="statistical_results"),"","not_applicable") | I4: =IF(AND(OR(D4="retain",D4=""),E4="statistical_results"),"","not_applicable") | J4: =IF(AND(OR(D4="retain",D4=""),E4="statistical_results"),"","not_applicable") | K4: =IF(AND(OR(D4="retain",D4=""),OR(E4="report_internal_inconsistency",E4="plan_material")),"","not_applicable") | L4: substantive_difference | R4: Every supplied protocol version specifies a mixed model with a random center intercept (synopses pp.10, 56; §11.4.2 pp.39, 86), and the final version adds stroke type as a fixed effect. SAP §5.2 (p.10), main p.4 and the code (Supp5, OCR: lm(fma_affected.Visit_3 ~ fma_affected.Visit_1.cent + medication)) fit baseline FMA and treatment only. Randomization was minimized within center (main p.3), but center is not in the analysis model.
A5: 2025::jama.2025.15185::C004 | B5: Secondary missing-data procedures differ from the SAP rule | C5: joi250066supp2_prod_1761597796.4701.pdf — p. 5, §4.2: secondary-outcome status; joi250066supp2_prod_1761597796.4701.pdf — p. 11, §6: general imputation rule; jama_engelter_2025_oi_250066_1761597796.45511.pdf — p. 5, secondary methods: reported nonimputation; jama_engelter_2025_oi_250066_1761597796.45511.pdf — p. 6, mRS/PRAI results: affected outcomes; joi250066supp3_prod_1761597796.4701.pdf — p. 7, deviations: mRS death assignment and PRAI exception; joi250066supp3_prod_1761597796.4701.pdf — p. 15, eTable 4: mRS/PRAI results and populations | D5: retain | E5: protocol_report | F5: primary_done | G5: =IFERROR(IF(LEN(TRIM(CLEAN(SUBSTITUTE(Setup!$B$2,CHAR(160)," "))))=0,"CHECK REVIEWER ID",IF(OR(A5="",COUNTIF($A$2:$A$7,A5)<>1,LEFT(A5,LEN("2025::jama.2025.15185::"))<>"2025::jama.2025.15185::"),"CHECK KEY",IF(OR(AND(NOT(AND(D5="retain",E5="statistical_results")),H5<>"",NOT(EXACT(H5,"not_applicable"))),AND(NOT(AND(D5="retain",E5="statistical_results")),I5<>"",NOT(EXACT(I5,"not_applicable"))),AND(NOT(AND(D5="retain",E5="statistical_results")),J5<>"",NOT(EXACT(J5,"not_applicable"))),AND(NOT(AND(D5="retain",OR(E5="report_internal_inconsistency",E5="plan_material"))),K5<>"",NOT(EXACT(K5,"not_applicable"))),AND(NOT(AND(D5="retain",E5="protocol_report")),L5<>"",NOT(EXACT(L5,"not_applicable")))),"CLEAR INACTIVE VALUES",IF(OR(NOT(OR(EXACT(D5,"retain"),EXACT(D5,"exclude"),EXACT(D5,"discuss"))),NOT(OR(EXACT(E5,"statistical_results"),EXACT(E5,"report_internal_inconsistency"),EXACT(E5,"plan_material"),EXACT(E5,"protocol_report"))),AND(AND(D5="retain",E5="statistical_results"),NOT(OR(EXACT(H5,"confirmed_issue"),EXACT(H5,"probable_issue"),EXACT(H5,"not_issue"),EXACT(H5,"indeterminate")))),AND(AND(D5="retain",E5="statistical_results"),NOT(OR(EXACT(I5,"substantive"),EXACT(I5,"minor_presentation"),EXACT(I5,"indeterminate")))),AND(AND(D5="retain",E5="statistical_results"),J5<>"",NOT(OR(EXACT(J5,"direct"),EXACT(J5,"possible"),EXACT(J5,"unlikely"),EXACT(J5,"unknown")))),AND(AND(D5="retain",OR(E5="report_internal_inconsistency",E5="plan_material")),NOT(OR(EXACT(K5,"substantive_inconsistency"),EXACT(K5,"minor_presentation"),EXACT(K5,"non_inconsistency"),EXACT(K5,"indeterminate")))),AND(AND(D5="retain",E5="protocol_report"),L5<>"",NOT(OR(EXACT(L5,"substantive_difference"),EXACT(L5,"minor_presentation"),EXACT(L5,"version_timing"),EXACT(L5,"non_inconsistency"),EXACT(L5,"indeterminate"))))),"CHECK FIELDS",IF(AND(F5<>"",NOT(OR(EXACT(F5,"no"),EXACT(F5,"primary_done")))),"CHECK COMPLETE",IF(EXACT(F5,"primary_done"),"PRIMARY READY","PRIMARY DRAFT")))))),"CHECK INPUT / KEY") | H5: =IF(AND(OR(D5="retain",D5=""),E5="statistical_results"),"","not_applicable") | I5: =IF(AND(OR(D5="retain",D5=""),E5="statistical_results"),"","not_applicable") | J5: =IF(AND(OR(D5="retain",D5=""),E5="statistical_results"),"","not_applicable") | K5: =IF(AND(OR(D5="retain",D5=""),OR(E5="report_internal_inconsistency",E5="plan_material")),"","not_applicable") | L5: substantive_difference | R5: SAP §6 (p.11): missing secondary outcomes imputed as for the primary analysis (100 MICE imputations); only harm outcomes not imputed. Report (main p.5; Supp3 p.7 deviations) did not impute mRS (deaths set to 6; analysis n=596) or the patient-reported relevance item (PRAI; n=546). Disclosed as SAP deviations in Supp3 p.7.
A6: 2025::jama.2025.15185::C005 | B6: Planned primary-endpoint supplementary analyses are not identified in the report | C6: joi250066supp1_prod_1761597796.4601.pdf — p. 86, §§11.4.1 and 11.4.3: primary sensitivities and bounded PP context; joi250066supp2_prod_1761597796.4701.pdf — p. 11, §7: center interaction model; joi250066supp2_prod_1761597796.4701.pdf — p. 12, §7.2: seven-variable subgroup package; joi250066supp2_prod_1761597796.4701.pdf — p. 15, addendum: subgroup directions and median splits; jama_engelter_2025_oi_250066_1761597796.45511.pdf — p. 4, supplementary/post hoc estimands: reported analysis and adherence context; jama_engelter_2025_oi_250066_1761597796.45511.pdf — p. 5, subgroup/center/spline methods: related reported analyses and prespecification statement; jama_engelter_2025_oi_250066_1761597796.45511.pdf — p. 6, primary/sensitivity results: affected primary analysis package; jama_engelter_2025_oi_250066_1761597796.45511.pdf — p. 7, Additional Post Hoc Analyses: baseline analyses; joi250066supp3_prod_1761597796.4701.pdf — p. 1, complete display index: nine eTables and seven eFigures; joi250066supp3_prod_1761597796.4701.pdf — p. 13, eTable 2: eight prespecified estimands; joi250066supp3_prod_1761597796.4701.pdf — p. 14, eTable 3: post hoc estimands; joi250066supp3_prod_1761597796.4701.pdf — p. 18, eTables 7–8: baseline interaction/spline models; joi250066supp3_prod_1761597796.4701.pdf — p. 25, eFigure 5: center graph; joi250066supp3_prod_1761597796.4701.pdf — p. 27, eFigure 7: post hoc forest | D6: retain | E6: protocol_report | F6: primary_done | G6: =IFERROR(IF(LEN(TRIM(CLEAN(SUBSTITUTE(Setup!$B$2,CHAR(160)," "))))=0,"CHECK REVIEWER ID",IF(OR(A6="",COUNTIF($A$2:$A$7,A6)<>1,LEFT(A6,LEN("2025::jama.2025.15185::"))<>"2025::jama.2025.15185::"),"CHECK KEY",IF(OR(AND(NOT(AND(D6="retain",E6="statistical_results")),H6<>"",NOT(EXACT(H6,"not_applicable"))),AND(NOT(AND(D6="retain",E6="statistical_results")),I6<>"",NOT(EXACT(I6,"not_applicable"))),AND(NOT(AND(D6="retain",E6="statistical_results")),J6<>"",NOT(EXACT(J6,"not_applicable"))),AND(NOT(AND(D6="retain",OR(E6="report_internal_inconsistency",E6="plan_material"))),K6<>"",NOT(EXACT(K6,"not_applicable"))),AND(NOT(AND(D6="retain",E6="protocol_report")),L6<>"",NOT(EXACT(L6,"not_applicable")))),"CLEAR INACTIVE VALUES",IF(OR(NOT(OR(EXACT(D6,"retain"),EXACT(D6,"exclude"),EXACT(D6,"discuss"))),NOT(OR(EXACT(E6,"statistical_results"),EXACT(E6,"report_internal_inconsistency"),EXACT(E6,"plan_material"),EXACT(E6,"protocol_report"))),AND(AND(D6="retain",E6="statistical_results"),NOT(OR(EXACT(H6,"confirmed_issue"),EXACT(H6,"probable_issue"),EXACT(H6,"not_issue"),EXACT(H6,"indeterminate")))),AND(AND(D6="retain",E6="statistical_results"),NOT(OR(EXACT(I6,"substantive"),EXACT(I6,"minor_presentation"),EXACT(I6,"indeterminate")))),AND(AND(D6="retain",E6="statistical_results"),J6<>"",NOT(OR(EXACT(J6,"direct"),EXACT(J6,"possible"),EXACT(J6,"unlikely"),EXACT(J6,"unknown")))),AND(AND(D6="retain",OR(E6="report_internal_inconsistency",E6="plan_material")),NOT(OR(EXACT(K6,"substantive_inconsistency"),EXACT(K6,"minor_presentation"),EXACT(K6,"non_inconsistency"),EXACT(K6,"indeterminate")))),AND(AND(D6="retain",E6="protocol_report"),L6<>"",NOT(OR(EXACT(L6,"substantive_difference"),EXACT(L6,"minor_presentation"),EXACT(L6,"version_timing"),EXACT(L6,"non_inconsistency"),EXACT(L6,"indeterminate"))))),"CHECK FIELDS",IF(AND(F6<>"",NOT(OR(EXACT(F6,"no"),EXACT(F6,"primary_done")))),"CHECK COMPLETE",IF(EXACT(F6,"primary_done"),"PRIMARY READY","PRIMARY DRAFT")))))),"CHECK INPUT / KEY") | H6: =IF(AND(OR(D6="retain",D6=""),E6="statistical_results"),"","not_applicable") | I6: =IF(AND(OR(D6="retain",D6=""),E6="statistical_results"),"","not_applicable") | J6: =IF(AND(OR(D6="retain",D6=""),E6="statistical_results"),"","not_applicable") | K6: =IF(AND(OR(D6="retain",D6=""),OR(E6="report_internal_inconsistency",E6="plan_material")),"","not_applicable") | L6: substantive_difference | R6: Not found in any report document (main article; Supp3 index of 9 eTables and 7 eFigures; Supp4 is the investigator list): SAP §7 center and treatment-by-center interaction model, SAP §7.2 seven prespecified subgroup interactions with forest plot (ICEMAN addendum pp.14-15), protocol §11.4.3(b) treatment x stroke type and (c) added-covariable analyses. Planned analyses reported as 'post hoc': center plot (eFigure 5) and the protocol per-protocol set (estimand 11). Main p.5 says prespecified analyses were performed as outlined in the SAP.
A7: 2025::jama.2025.15185::C006 | B7: Serious-event hierarchy counts do not reconcile with their parent totals | C7: jama_engelter_2025_oi_250066_1761597796.45511.pdf — p. 6, Table 2, levodopa serious-event parent and all 13 top-level category rows; jama_engelter_2025_oi_250066_1761597796.45511.pdf — p. 6, Table 2, placebo infection parent and all six infection subtype rows; jama_engelter_2025_oi_250066_1761597796.45511.pdf — p. 6, Adverse Events narrative and table notes: corroborating event totals and unit context | D7: retain | E7: statistical_results | F7: primary_done | G7: =IFERROR(IF(LEN(TRIM(CLEAN(SUBSTITUTE(Setup!$B$2,CHAR(160)," "))))=0,"CHECK REVIEWER ID",IF(OR(A7="",COUNTIF($A$2:$A$7,A7)<>1,LEFT(A7,LEN("2025::jama.2025.15185::"))<>"2025::jama.2025.15185::"),"CHECK KEY",IF(OR(AND(NOT(AND(D7="retain",E7="statistical_results")),H7<>"",NOT(EXACT(H7,"not_applicable"))),AND(NOT(AND(D7="retain",E7="statistical_results")),I7<>"",NOT(EXACT(I7,"not_applicable"))),AND(NOT(AND(D7="retain",E7="statistical_results")),J7<>"",NOT(EXACT(J7,"not_applicable"))),AND(NOT(AND(D7="retain",OR(E7="report_internal_inconsistency",E7="plan_material"))),K7<>"",NOT(EXACT(K7,"not_applicable"))),AND(NOT(AND(D7="retain",E7="protocol_report")),L7<>"",NOT(EXACT(L7,"not_applicable")))),"CLEAR INACTIVE VALUES",IF(OR(NOT(OR(EXACT(D7,"retain"),EXACT(D7,"exclude"),EXACT(D7,"discuss"))),NOT(OR(EXACT(E7,"statistical_results"),EXACT(E7,"report_internal_inconsistency"),EXACT(E7,"plan_material"),EXACT(E7,"protocol_report"))),AND(AND(D7="retain",E7="statistical_results"),NOT(OR(EXACT(H7,"confirmed_issue"),EXACT(H7,"probable_issue"),EXACT(H7,"not_issue"),EXACT(H7,"indeterminate")))),AND(AND(D7="retain",E7="statistical_results"),NOT(OR(EXACT(I7,"substantive"),EXACT(I7,"minor_presentation"),EXACT(I7,"indeterminate")))),AND(AND(D7="retain",E7="statistical_results"),J7<>"",NOT(OR(EXACT(J7,"direct"),EXACT(J7,"possible"),EXACT(J7,"unlikely"),EXACT(J7,"unknown")))),AND(AND(D7="retain",OR(E7="report_internal_inconsistency",E7="plan_material")),NOT(OR(EXACT(K7,"substantive_inconsistency"),EXACT(K7,"minor_presentation"),EXACT(K7,"non_inconsistency"),EXACT(K7,"indeterminate")))),AND(AND(D7="retain",E7="protocol_report"),L7<>"",NOT(OR(EXACT(L7,"substantive_difference"),EXACT(L7,"minor_presentation"),EXACT(L7,"version_timing"),EXACT(L7,"non_inconsistency"),EXACT(L7,"indeterminate"))))),"CHECK FIELDS",IF(AND(F7<>"",NOT(OR(EXACT(F7,"no"),EXACT(F7,"primary_done")))),"CHECK COMPLETE",IF(EXACT(F7,"primary_done"),"PRIMARY READY","PRIMARY DRAFT")))))),"CHECK INPUT / KEY") | H7: indeterminate | I7: minor_presentation | J7: unlikely | K7: =IF(AND(OR(D7="retain",D7=""),OR(E7="report_internal_inconsistency",E7="plan_material")),"","not_applicable") | L7: =IF(AND(OR(D7="retain",D7=""),E7="protocol_report"),"","not_applicable") | R7: Table 2 (main p.6, rendered): levodopa SAE categories sum to 143 vs 126 events (placebo 139 vs 129); infection subtypes sum to 59 vs 55 (levodopa) and 52 vs 44 (placebo). Stroke and cardiac subtypes and the prespecified-AE block (79, 67) reconcile exactly. Fall, fracture and trauma rows suggest events can carry several categories, but no note says so; only stroke subtypes are indented. Cannot decide whether this is an error or unstated multiple classification.

Sheet C_jama.2025.15440
A1: Candidate key | B1: Candidate title | C1: Source location | D1: Disposition | E1: Review domain (AI suggestion; editable) | F1: Complete | G1: Validation hint | H1: Statistical_or_numerical issue | I1: Substantiveness | J1: Downstream impact | K1: Report-internal or planning-material inconsistency | L1: Protocol interpretation | R1: Notes (optional)
A2: 2025::jama.2025.15440::C001 | B2: Age-under-75 subgroup power does not reconcile with a reproducing same-table calculation | C2: joi250068supp1_prod_1760999665.28862.pdf — Protocol, PDF p. 22, Table 4, age <75 row, rightmost “Power for total of 5000, 2p<0.01” cell; all input and other-power comparison cells in the same Table 4. Contextual design support only: joi250068supp1_prod_1760999665.28862.pdf — protocol, PDF p. 20, Table 2, continuity-corrected sample-size heading, and joi250068supp1_prod_1760999665.28862.pdf — protocol, PDF p. 21, Table 3, whole-trial power design. | D2: retain | E2: plan_material | F2: primary_done | G2: =IFERROR(IF(LEN(TRIM(CLEAN(SUBSTITUTE(Setup!$B$2,CHAR(160)," "))))=0,"CHECK REVIEWER ID",IF(OR(A2="",COUNTIF($A$2:$A$2,A2)<>1,LEFT(A2,LEN("2025::jama.2025.15440::"))<>"2025::jama.2025.15440::"),"CHECK KEY",IF(OR(AND(NOT(AND(D2="retain",E2="statistical_results")),H2<>"",NOT(EXACT(H2,"not_applicable"))),AND(NOT(AND(D2="retain",E2="statistical_results")),I2<>"",NOT(EXACT(I2,"not_applicable"))),AND(NOT(AND(D2="retain",E2="statistical_results")),J2<>"",NOT(EXACT(J2,"not_applicable"))),AND(NOT(AND(D2="retain",OR(E2="report_internal_inconsistency",E2="plan_material"))),K2<>"",NOT(EXACT(K2,"not_applicable"))),AND(NOT(AND(D2="retain",E2="protocol_report")),L2<>"",NOT(EXACT(L2,"not_applicable")))),"CLEAR INACTIVE VALUES",IF(OR(NOT(OR(EXACT(D2,"retain"),EXACT(D2,"exclude"),EXACT(D2,"discuss"))),NOT(OR(EXACT(E2,"statistical_results"),EXACT(E2,"report_internal_inconsistency"),EXACT(E2,"plan_material"),EXACT(E2,"protocol_report"))),AND(AND(D2="retain",E2="statistical_results"),NOT(OR(EXACT(H2,"confirmed_issue"),EXACT(H2,"probable_issue"),EXACT(H2,"not_issue"),EXACT(H2,"indeterminate")))),AND(AND(D2="retain",E2="statistical_results"),NOT(OR(EXACT(I2,"substantive"),EXACT(I2,"minor_presentation"),EXACT(I2,"indeterminate")))),AND(AND(D2="retain",E2="statistical_results"),J2<>"",NOT(OR(EXACT(J2,"direct"),EXACT(J2,"possible"),EXACT(J2,"unlikely"),EXACT(J2,"unknown")))),AND(AND(D2="retain",OR(E2="report_internal_inconsistency",E2="plan_material")),NOT(OR(EXACT(K2,"substantive_inconsistency"),EXACT(K2,"minor_presentation"),EXACT(K2,"non_inconsistency"),EXACT(K2,"indeterminate")))),AND(AND(D2="retain",E2="protocol_report"),L2<>"",NOT(OR(EXACT(L2,"substantive_difference"),EXACT(L2,"minor_presentation"),EXACT(L2,"version_timing"),EXACT(L2,"non_inconsistency"),EXACT(L2,"indeterminate"))))),"CHECK FIELDS",IF(AND(F2<>"",NOT(OR(EXACT(F2,"no"),EXACT(F2,"primary_done")))),"CHECK COMPLETE",IF(EXACT(F2,"primary_done"),"PRIMARY READY","PRIMARY DRAFT")))))),"CHECK INPUT / KEY") | H2: =IF(AND(OR(D2="retain",D2=""),E2="statistical_results"),"","not_applicable") | I2: =IF(AND(OR(D2="retain",D2=""),E2="statistical_results"),"","not_applicable") | J2: =IF(AND(OR(D2="retain",D2=""),E2="statistical_results"),"","not_applicable") | K2: minor_presentation | L2: =IF(AND(OR(D2="retain",D2=""),E2="protocol_report"),"","not_applicable") | R2: Protocol v2.0 Table 4 (Supp1 p.22; OCR + rendered) prints 34% power for age <75 at N=5000, 2p<0.01. Continuity-corrected two-proportion power (R) reproduces the other cells within about 2 points (e.g., 41.8/20.5/52.1 vs 41/20/52 in the same row) but gives 28.6% for this cell. Subgroup power is low either way.

Sheet C_jama.2025.16450
A1: Candidate key | B1: Candidate title | C1: Source location | D1: Disposition | E1: Review domain (AI suggestion; editable) | F1: Complete | G1: Validation hint | H1: Statistical_or_numerical issue | I1: Substantiveness | J1: Downstream impact | K1: Report-internal or planning-material inconsistency | L1: Protocol interpretation | R1: Notes (optional)
A2: 2025::jama.2025.16450::C001 | B2: Moderate-hyperglycemia qualification pathway differs across report and plan descriptions | C2: jama_ambalavanan_2025_oi_250072_1761000786.6838.pdf — Main PDF p. 1, abstract; jama_ambalavanan_2025_oi_250072_1761000786.6838.pdf — main PDF p. 3, Outcomes; jama_ambalavanan_2025_oi_250072_1761000786.6838.pdf — main PDF p. 6, Safety Outcomes; joi250072supp4_prod_1761000786.6988.pdf — results PDF p. 5, eTable 3 hyperglycemia; joi250072supp2_prod_1761000786.6938.pdf — manual PDF p. 39, moderate, severe and life-threatening hyperglycemia narrative; joi250072supp2_prod_1761000786.6938.pdf — manual PDF p. 59, Appendix A hyperglycemia row; joi250072supp3_prod_1761000786.6988.pdf — SAP PDF p. 11, §3.2.4.1. | D2: retain | E2: protocol_report | F2: primary_done | G2: =IFERROR(IF(LEN(TRIM(CLEAN(SUBSTITUTE(Setup!$B$2,CHAR(160)," "))))=0,"CHECK REVIEWER ID",IF(OR(A2="",COUNTIF($A$2:$A$7,A2)<>1,LEFT(A2,LEN("2025::jama.2025.16450::"))<>"2025::jama.2025.16450::"),"CHECK KEY",IF(OR(AND(NOT(AND(D2="retain",E2="statistical_results")),H2<>"",NOT(EXACT(H2,"not_applicable"))),AND(NOT(AND(D2="retain",E2="statistical_results")),I2<>"",NOT(EXACT(I2,"not_applicable"))),AND(NOT(AND(D2="retain",E2="statistical_results")),J2<>"",NOT(EXACT(J2,"not_applicable"))),AND(NOT(AND(D2="retain",OR(E2="report_internal_inconsistency",E2="plan_material"))),K2<>"",NOT(EXACT(K2,"not_applicable"))),AND(NOT(AND(D2="retain",E2="protocol_report")),L2<>"",NOT(EXACT(L2,"not_applicable")))),"CLEAR INACTIVE VALUES",IF(OR(NOT(OR(EXACT(D2,"retain"),EXACT(D2,"exclude"),EXACT(D2,"discuss"))),NOT(OR(EXACT(E2,"statistical_results"),EXACT(E2,"report_internal_inconsistency"),EXACT(E2,"plan_material"),EXACT(E2,"protocol_report"))),AND(AND(D2="retain",E2="statistical_results"),NOT(OR(EXACT(H2,"confirmed_issue"),EXACT(H2,"probable_issue"),EXACT(H2,"not_issue"),EXACT(H2,"indeterminate")))),AND(AND(D2="retain",E2="statistical_results"),NOT(OR(EXACT(I2,"substantive"),EXACT(I2,"minor_presentation"),EXACT(I2,"indeterminate")))),AND(AND(D2="retain",E2="statistical_results"),J2<>"",NOT(OR(EXACT(J2,"direct"),EXACT(J2,"possible"),EXACT(J2,"unlikely"),EXACT(J2,"unknown")))),AND(AND(D2="retain",OR(E2="report_internal_inconsistency",E2="plan_material")),NOT(OR(EXACT(K2,"substantive_inconsistency"),EXACT(K2,"minor_presentation"),EXACT(K2,"non_inconsistency"),EXACT(K2,"indeterminate")))),AND(AND(D2="retain",E2="protocol_report"),L2<>"",NOT(OR(EXACT(L2,"substantive_difference"),EXACT(L2,"minor_presentation"),EXACT(L2,"version_timing"),EXACT(L2,"non_inconsistency"),EXACT(L2,"indeterminate"))))),"CHECK FIELDS",IF(AND(F2<>"",NOT(OR(EXACT(F2,"no"),EXACT(F2,"primary_done")))),"CHECK COMPLETE",IF(EXACT(F2,"primary_done"),"PRIMARY READY","PRIMARY DRAFT")))))),"CHECK INPUT / KEY") | H2: =IF(AND(OR(D2="retain",D2=""),E2="statistical_results"),"","not_applicable") | I2: =IF(AND(OR(D2="retain",D2=""),E2="statistical_results"),"","not_applicable") | J2: =IF(AND(OR(D2="retain",D2=""),E2="statistical_results"),"","not_applicable") | K2: =IF(AND(OR(D2="retain",D2=""),OR(E2="report_internal_inconsistency",E2="plan_material")),"","not_applicable") | L2: substantive_difference | R2: Main p.3 defines moderate hyperglycemia as 120-180 mg/dL on 2 consecutive values >=6 h apart OR >2 values within 24 h, and severe as >180 mg/dL. SAP v1.3 §3.2.4.1 (Supp3 p.11, OCR) gives moderate as 2 values >=6 h apart only, severe as >180 on 2 values >=6 h apart or insulin; MOP Appendix A (Supp2 p.59, OCR) also lacks the 24-h pathway, while the MOP narrative (p.39) includes it. Definition of the main harm outcome differs from the SAP.
A3: 2025::jama.2025.16450::C002 | B3: Reported BPD-severity contrasts differ from the planned ordinal model | C3: jama_ambalavanan_2025_oi_250072_1761000786.6838.pdf — Main PDF p. 3, secondary/exploratory BPD outcomes; jama_ambalavanan_2025_oi_250072_1761000786.6838.pdf — main PDF p. 8, Table 3 severity rows and footnote a; joi250072supp1_prod_1761000786.68881.pdf — protocol PDF p. 21, ordered severity outcomes; joi250072supp1_prod_1761000786.68881.pdf — protocol PDF p. 25, §5.1; joi250072supp3_prod_1761000786.6988.pdf — SAP PDF p. 32, pragmatic ordinal outcome; joi250072supp3_prod_1761000786.6988.pdf — SAP PDF p. 33, pragmatic coding; joi250072supp3_prod_1761000786.6988.pdf — SAP PDF p. 34, NIH ordinal outcome; joi250072supp3_prod_1761000786.6988.pdf — SAP PDF p. 35, NIH coding; joi250072supp3_prod_1761000786.6988.pdf — SAP PDF p. 39, §9.5. | D3: retain | E3: protocol_report | F3: primary_done | G3: =IFERROR(IF(LEN(TRIM(CLEAN(SUBSTITUTE(Setup!$B$2,CHAR(160)," "))))=0,"CHECK REVIEWER ID",IF(OR(A3="",COUNTIF($A$2:$A$7,A3)<>1,LEFT(A3,LEN("2025::jama.2025.16450::"))<>"2025::jama.2025.16450::"),"CHECK KEY",IF(OR(AND(NOT(AND(D3="retain",E3="statistical_results")),H3<>"",NOT(EXACT(H3,"not_applicable"))),AND(NOT(AND(D3="retain",E3="statistical_results")),I3<>"",NOT(EXACT(I3,"not_applicable"))),AND(NOT(AND(D3="retain",E3="statistical_results")),J3<>"",NOT(EXACT(J3,"not_applicable"))),AND(NOT(AND(D3="retain",OR(E3="report_internal_inconsistency",E3="plan_material"))),K3<>"",NOT(EXACT(K3,"not_applicable"))),AND(NOT(AND(D3="retain",E3="protocol_report")),L3<>"",NOT(EXACT(L3,"not_applicable")))),"CLEAR INACTIVE VALUES",IF(OR(NOT(OR(EXACT(D3,"retain"),EXACT(D3,"exclude"),EXACT(D3,"discuss"))),NOT(OR(EXACT(E3,"statistical_results"),EXACT(E3,"report_internal_inconsistency"),EXACT(E3,"plan_material"),EXACT(E3,"protocol_report"))),AND(AND(D3="retain",E3="statistical_results"),NOT(OR(EXACT(H3,"confirmed_issue"),EXACT(H3,"probable_issue"),EXACT(H3,"not_issue"),EXACT(H3,"indeterminate")))),AND(AND(D3="retain",E3="statistical_results"),NOT(OR(EXACT(I3,"substantive"),EXACT(I3,"minor_presentation"),EXACT(I3,"indeterminate")))),AND(AND(D3="retain",E3="statistical_results"),J3<>"",NOT(OR(EXACT(J3,"direct"),EXACT(J3,"possible"),EXACT(J3,"unlikely"),EXACT(J3,"unknown")))),AND(AND(D3="retain",OR(E3="report_internal_inconsistency",E3="plan_material")),NOT(OR(EXACT(K3,"substantive_inconsistency"),EXACT(K3,"minor_presentation"),EXACT(K3,"non_inconsistency"),EXACT(K3,"indeterminate")))),AND(AND(D3="retain",E3="protocol_report"),L3<>"",NOT(OR(EXACT(L3,"substantive_difference"),EXACT(L3,"minor_presentation"),EXACT(L3,"version_timing"),EXACT(L3,"non_inconsistency"),EXACT(L3,"indeterminate"))))),"CHECK FIELDS",IF(AND(F3<>"",NOT(OR(EXACT(F3,"no"),EXACT(F3,"primary_done")))),"CHECK COMPLETE",IF(EXACT(F3,"primary_done"),"PRIMARY READY","PRIMARY DRAFT")))))),"CHECK INPUT / KEY") | H3: =IF(AND(OR(D3="retain",D3=""),E3="statistical_results"),"","not_applicable") | I3: =IF(AND(OR(D3="retain",D3=""),E3="statistical_results"),"","not_applicable") | J3: =IF(AND(OR(D3="retain",D3=""),E3="statistical_results"),"","not_applicable") | K3: =IF(AND(OR(D3="retain",D3=""),OR(E3="report_internal_inconsistency",E3="plan_material")),"","not_applicable") | L3: substantive_difference | R3: SAP §9.5 (Supp3 p.39, OCR) analyzes ordinal BPD severity with proportional odds models (fallback partial PO or MH mean-score test) and reserves generalized logits for nominal outcomes; Table 3 (main p.8, footnote a) reports category-vs-no-BPD ORs from generalized logit models for pragmatic and NIH severity. No stated reason (e.g., PO assumption failure).
A4: 2025::jama.2025.16450::C003 | B4: Prespecified primary-analysis outputs are absent or displayed with different definitions | C4: joi250072supp1_prod_1761000786.68881.pdf — Protocol PDF p. 25, §5.1 treatment-received analyses; joi250072supp3_prod_1761000786.6988.pdf — SAP PDF p. 22, §5 population definitions; joi250072supp3_prod_1761000786.6988.pdf — SAP PDF p. 29, §7.7 interactions; joi250072supp3_prod_1761000786.6988.pdf — SAP PDF p. 36, §9.3 response coding; joi250072supp3_prod_1761000786.6988.pdf — SAP PDF p. 37, coding and sample model; joi250072supp3_prod_1761000786.6988.pdf — SAP PDF p. 38, §§9.4.1–9.4.2; jama_ambalavanan_2025_oi_250072_1761000786.6838.pdf — main PDF p. 3, statistical analysis; jama_ambalavanan_2025_oi_250072_1761000786.6838.pdf — main PDF p. 4, Figure 1 and footnotes f/j; jama_ambalavanan_2025_oi_250072_1761000786.6838.pdf — main PDF p. 7, Table 2 and sensitivity/subgroup text; jama_ambalavanan_2025_oi_250072_1761000786.6838.pdf — main PDF p. 9, Figure 2, caption and footnote a; joi250072supp4_prod_1761000786.6988.pdf — results PDF p. 2, eTable 1. The absence comparison covers all main PDF pages 1–11 and all results PDF pages 1–16, including all eight supplementary tables, rather than only these displayed anchors. | D4: retain | E4: protocol_report | F4: primary_done | G4: =IFERROR(IF(LEN(TRIM(CLEAN(SUBSTITUTE(Setup!$B$2,CHAR(160)," "))))=0,"CHECK REVIEWER ID",IF(OR(A4="",COUNTIF($A$2:$A$7,A4)<>1,LEFT(A4,LEN("2025::jama.2025.16450::"))<>"2025::jama.2025.16450::"),"CHECK KEY",IF(OR(AND(NOT(AND(D4="retain",E4="statistical_results")),H4<>"",NOT(EXACT(H4,"not_applicable"))),AND(NOT(AND(D4="retain",E4="statistical_results")),I4<>"",NOT(EXACT(I4,"not_applicable"))),AND(NOT(AND(D4="retain",E4="statistical_results")),J4<>"",NOT(EXACT(J4,"not_applicable"))),AND(NOT(AND(D4="retain",OR(E4="report_internal_inconsistency",E4="plan_material"))),K4<>"",NOT(EXACT(K4,"not_applicable"))),AND(NOT(AND(D4="retain",E4="protocol_report")),L4<>"",NOT(EXACT(L4,"not_applicable")))),"CLEAR INACTIVE VALUES",IF(OR(NOT(OR(EXACT(D4,"retain"),EXACT(D4,"exclude"),EXACT(D4,"discuss"))),NOT(OR(EXACT(E4,"statistical_results"),EXACT(E4,"report_internal_inconsistency"),EXACT(E4,"plan_material"),EXACT(E4,"protocol_report"))),AND(AND(D4="retain",E4="statistical_results"),NOT(OR(EXACT(H4,"confirmed_issue"),EXACT(H4,"probable_issue"),EXACT(H4,"not_issue"),EXACT(H4,"indeterminate")))),AND(AND(D4="retain",E4="statistical_results"),NOT(OR(EXACT(I4,"substantive"),EXACT(I4,"minor_presentation"),EXACT(I4,"indeterminate")))),AND(AND(D4="retain",E4="statistical_results"),J4<>"",NOT(OR(EXACT(J4,"direct"),EXACT(J4,"possible"),EXACT(J4,"unlikely"),EXACT(J4,"unknown")))),AND(AND(D4="retain",OR(E4="report_internal_inconsistency",E4="plan_material")),NOT(OR(EXACT(K4,"substantive_inconsistency"),EXACT(K4,"minor_presentation"),EXACT(K4,"non_inconsistency"),EXACT(K4,"indeterminate")))),AND(AND(D4="retain",E4="protocol_report"),L4<>"",NOT(OR(EXACT(L4,"substantive_difference"),EXACT(L4,"minor_presentation"),EXACT(L4,"version_timing"),EXACT(L4,"non_inconsistency"),EXACT(L4,"indeterminate"))))),"CHECK FIELDS",IF(AND(F4<>"",NOT(OR(EXACT(F4,"no"),EXACT(F4,"primary_done")))),"CHECK COMPLETE",IF(EXACT(F4,"primary_done"),"PRIMARY READY","PRIMARY DRAFT")))))),"CHECK INPUT / KEY") | H4: =IF(AND(OR(D4="retain",D4=""),E4="statistical_results"),"","not_applicable") | I4: =IF(AND(OR(D4="retain",D4=""),E4="statistical_results"),"","not_applicable") | J4: =IF(AND(OR(D4="retain",D4=""),E4="statistical_results"),"","not_applicable") | K4: =IF(AND(OR(D4="retain",D4=""),OR(E4="report_internal_inconsistency",E4="plan_material")),"","not_applicable") | L4: substantive_difference | R4: SAP §9.4.1-9.4.2 and §7.7 (Supp3 pp.29, 38; OCR) plan primary-outcome replication in the SAF (as-treated) population, a baseline-covariate-adjusted model, and treatment interactions with site, GA stratum, race and sex for the primary (BPD/death) outcome. Report gives ITT, ITT-treated and PP only (Table 2), no covariate-adjusted or site-interaction result, and Figure 2 (p.9) models the favorable outcome with actual GA.
A5: 2025::jama.2025.16450::C004 | B5: Historical Grade 3 BPD count and percentage do not reconcile in one protocol cell | C5: joi250072supp1_prod_1761000786.68881.pdf — Protocol PDF p. 12, Table 2, NICHD BPD Workshop Grading 2018: Grade 3 surfactant cell, combination comparator, Grade 3-or-death, Death, No BPD, Grade 1 and Grade 2. | D5: exclude | E5: plan_material | F5: primary_done | G5: =IFERROR(IF(LEN(TRIM(CLEAN(SUBSTITUTE(Setup!$B$2,CHAR(160)," "))))=0,"CHECK REVIEWER ID",IF(OR(A5="",COUNTIF($A$2:$A$7,A5)<>1,LEFT(A5,LEN("2025::jama.2025.16450::"))<>"2025::jama.2025.16450::"),"CHECK KEY",IF(OR(AND(NOT(AND(D5="retain",E5="statistical_results")),H5<>"",NOT(EXACT(H5,"not_applicable"))),AND(NOT(AND(D5="retain",E5="statistical_results")),I5<>"",NOT(EXACT(I5,"not_applicable"))),AND(NOT(AND(D5="retain",E5="statistical_results")),J5<>"",NOT(EXACT(J5,"not_applicable"))),AND(NOT(AND(D5="retain",OR(E5="report_internal_inconsistency",E5="plan_material"))),K5<>"",NOT(EXACT(K5,"not_applicable"))),AND(NOT(AND(D5="retain",E5="protocol_report")),L5<>"",NOT(EXACT(L5,"not_applicable")))),"CLEAR INACTIVE VALUES",IF(OR(NOT(OR(EXACT(D5,"retain"),EXACT(D5,"exclude"),EXACT(D5,"discuss"))),NOT(OR(EXACT(E5,"statistical_results"),EXACT(E5,"report_internal_inconsistency"),EXACT(E5,"plan_material"),EXACT(E5,"protocol_report"))),AND(AND(D5="retain",E5="statistical_results"),NOT(OR(EXACT(H5,"confirmed_issue"),EXACT(H5,"probable_issue"),EXACT(H5,"not_issue"),EXACT(H5,"indeterminate")))),AND(AND(D5="retain",E5="statistical_results"),NOT(OR(EXACT(I5,"substantive"),EXACT(I5,"minor_presentation"),EXACT(I5,"indeterminate")))),AND(AND(D5="retain",E5="statistical_results"),J5<>"",NOT(OR(EXACT(J5,"direct"),EXACT(J5,"possible"),EXACT(J5,"unlikely"),EXACT(J5,"unknown")))),AND(AND(D5="retain",OR(E5="report_internal_inconsistency",E5="plan_material")),NOT(OR(EXACT(K5,"substantive_inconsistency"),EXACT(K5,"minor_presentation"),EXACT(K5,"non_inconsistency"),EXACT(K5,"indeterminate")))),AND(AND(D5="retain",E5="protocol_report"),L5<>"",NOT(OR(EXACT(L5,"substantive_difference"),EXACT(L5,"minor_presentation"),EXACT(L5,"version_timing"),EXACT(L5,"non_inconsistency"),EXACT(L5,"indeterminate"))))),"CHECK FIELDS",IF(AND(F5<>"",NOT(OR(EXACT(F5,"no"),EXACT(F5,"primary_done")))),"CHECK COMPLETE",IF(EXACT(F5,"primary_done"),"PRIMARY READY","PRIMARY DRAFT")))))),"CHECK INPUT / KEY") | H5: =IF(AND(OR(D5="retain",D5=""),E5="statistical_results"),"","not_applicable") | I5: =IF(AND(OR(D5="retain",D5=""),E5="statistical_results"),"","not_applicable") | J5: =IF(AND(OR(D5="retain",D5=""),E5="statistical_results"),"","not_applicable") | K5: =IF(AND(OR(D5="retain",D5=""),OR(E5="report_internal_inconsistency",E5="plan_material")),"","not_applicable") | L5: =IF(AND(OR(D5="retain",D5=""),E5="protocol_report"),"","not_applicable") | R5: Protocol Table 2 (Supp1 p.12; OCR and rendered) prints historical-cohort Grade 3 BPD as 20% (31/294); 31/294=10.5%, and 91 (grade 3 or death) - 31 (death) = 60, 60/294=20.4%, categories then sum to 294. A real typo (31 copied from the death row), but it is background data from a prior cohort, not a design element of this trial.
A6: 2025::jama.2025.16450::C005 | B6: One nasal-cannula factor cell differs from the reproducible table relationship | C6: joi250072supp2_prod_1761000786.6938.pdf — Manual PDF p. 152, Appendix J Table 1: 0.125 LPM/1⁄8 LPM by 2.5 kg cell, all other 143 factor cells and nearest-input instructions; joi250072supp2_prod_1761000786.6938.pdf — manual PDF p. 154, Table 2: factor 4 and factor 5 at 100% oxygen. | D6: retain | E6: plan_material | F6: primary_done | G6: =IFERROR(IF(LEN(TRIM(CLEAN(SUBSTITUTE(Setup!$B$2,CHAR(160)," "))))=0,"CHECK REVIEWER ID",IF(OR(A6="",COUNTIF($A$2:$A$7,A6)<>1,LEFT(A6,LEN("2025::jama.2025.16450::"))<>"2025::jama.2025.16450::"),"CHECK KEY",IF(OR(AND(NOT(AND(D6="retain",E6="statistical_results")),H6<>"",NOT(EXACT(H6,"not_applicable"))),AND(NOT(AND(D6="retain",E6="statistical_results")),I6<>"",NOT(EXACT(I6,"not_applicable"))),AND(NOT(AND(D6="retain",E6="statistical_results")),J6<>"",NOT(EXACT(J6,"not_applicable"))),AND(NOT(AND(D6="retain",OR(E6="report_internal_inconsistency",E6="plan_material"))),K6<>"",NOT(EXACT(K6,"not_applicable"))),AND(NOT(AND(D6="retain",E6="protocol_report")),L6<>"",NOT(EXACT(L6,"not_applicable")))),"CLEAR INACTIVE VALUES",IF(OR(NOT(OR(EXACT(D6,"retain"),EXACT(D6,"exclude"),EXACT(D6,"discuss"))),NOT(OR(EXACT(E6,"statistical_results"),EXACT(E6,"report_internal_inconsistency"),EXACT(E6,"plan_material"),EXACT(E6,"protocol_report"))),AND(AND(D6="retain",E6="statistical_results"),NOT(OR(EXACT(H6,"confirmed_issue"),EXACT(H6,"probable_issue"),EXACT(H6,"not_issue"),EXACT(H6,"indeterminate")))),AND(AND(D6="retain",E6="statistical_results"),NOT(OR(EXACT(I6,"substantive"),EXACT(I6,"minor_presentation"),EXACT(I6,"indeterminate")))),AND(AND(D6="retain",E6="statistical_results"),J6<>"",NOT(OR(EXACT(J6,"direct"),EXACT(J6,"possible"),EXACT(J6,"unlikely"),EXACT(J6,"unknown")))),AND(AND(D6="retain",OR(E6="report_internal_inconsistency",E6="plan_material")),NOT(OR(EXACT(K6,"substantive_inconsistency"),EXACT(K6,"minor_presentation"),EXACT(K6,"non_inconsistency"),EXACT(K6,"indeterminate")))),AND(AND(D6="retain",E6="protocol_report"),L6<>"",NOT(OR(EXACT(L6,"substantive_difference"),EXACT(L6,"minor_presentation"),EXACT(L6,"version_timing"),EXACT(L6,"non_inconsistency"),EXACT(L6,"indeterminate"))))),"CHECK FIELDS",IF(AND(F6<>"",NOT(OR(EXACT(F6,"no"),EXACT(F6,"primary_done")))),"CHECK COMPLETE",IF(EXACT(F6,"primary_done"),"PRIMARY READY","PRIMARY DRAFT")))))),"CHECK INPUT / KEY") | H6: =IF(AND(OR(D6="retain",D6=""),E6="statistical_results"),"","not_applicable") | I6: =IF(AND(OR(D6="retain",D6=""),E6="statistical_results"),"","not_applicable") | J6: =IF(AND(OR(D6="retain",D6=""),E6="statistical_results"),"","not_applicable") | K6: minor_presentation | L6: =IF(AND(OR(D6="retain",D6=""),E6="protocol_report"),"","not_applicable") | R6: GDB MOP Appendix J Table 1 (Supp2 p.152, OCR) gives factor 4 at 0.125 LPM/2.5 kg; 100 x flow/weight = 5. The same row's 4-kg cell (3.125 -> printed 4) is also off by one. Effect on effective FiO2 is 24% vs 25% at 100% O2 (Table 2, p.154), below the 27%/30% decision thresholds, so physiologic BPD classification is unaffected.
A7: 2025::jama.2025.16450::C006 | B7: Sparse intervals described as exact reproduce a log-Wald pattern | C7: joi250072supp4_prod_1761000786.6988.pdf — Results PDF p. 5, eTable 3: AE endotracheal tube blockage, AE prolonged hypoxemia/bradycardia, SAE endotracheal tube blockage, SAE prolonged hypoxemia/bradycardia; joi250072supp4_prod_1761000786.6988.pdf — results PDF p. 6, eTable 3: SAE hyperglycemia, early-onset sepsis, late-onset sepsis and footnote b; joi250072supp4_prod_1761000786.6988.pdf — results PDF p. 7, eTable 4: PDA managed with surgery/cardiac catheterization; joi250072supp4_prod_1761000786.6988.pdf — results PDF p. 8, eTable 4 footnote b and nonmissing-denominator definition. | D7: retain | E7: statistical_results | F7: primary_done | G7: =IFERROR(IF(LEN(TRIM(CLEAN(SUBSTITUTE(Setup!$B$2,CHAR(160)," "))))=0,"CHECK REVIEWER ID",IF(OR(A7="",COUNTIF($A$2:$A$7,A7)<>1,LEFT(A7,LEN("2025::jama.2025.16450::"))<>"2025::jama.2025.16450::"),"CHECK KEY",IF(OR(AND(NOT(AND(D7="retain",E7="statistical_results")),H7<>"",NOT(EXACT(H7,"not_applicable"))),AND(NOT(AND(D7="retain",E7="statistical_results")),I7<>"",NOT(EXACT(I7,"not_applicable"))),AND(NOT(AND(D7="retain",E7="statistical_results")),J7<>"",NOT(EXACT(J7,"not_applicable"))),AND(NOT(AND(D7="retain",OR(E7="report_internal_inconsistency",E7="plan_material"))),K7<>"",NOT(EXACT(K7,"not_applicable"))),AND(NOT(AND(D7="retain",E7="protocol_report")),L7<>"",NOT(EXACT(L7,"not_applicable")))),"CLEAR INACTIVE VALUES",IF(OR(NOT(OR(EXACT(D7,"retain"),EXACT(D7,"exclude"),EXACT(D7,"discuss"))),NOT(OR(EXACT(E7,"statistical_results"),EXACT(E7,"report_internal_inconsistency"),EXACT(E7,"plan_material"),EXACT(E7,"protocol_report"))),AND(AND(D7="retain",E7="statistical_results"),NOT(OR(EXACT(H7,"confirmed_issue"),EXACT(H7,"probable_issue"),EXACT(H7,"not_issue"),EXACT(H7,"indeterminate")))),AND(AND(D7="retain",E7="statistical_results"),NOT(OR(EXACT(I7,"substantive"),EXACT(I7,"minor_presentation"),EXACT(I7,"indeterminate")))),AND(AND(D7="retain",E7="statistical_results"),J7<>"",NOT(OR(EXACT(J7,"direct"),EXACT(J7,"possible"),EXACT(J7,"unlikely"),EXACT(J7,"unknown")))),AND(AND(D7="retain",OR(E7="report_internal_inconsistency",E7="plan_material")),NOT(OR(EXACT(K7,"substantive_inconsistency"),EXACT(K7,"minor_presentation"),EXACT(K7,"non_inconsistency"),EXACT(K7,"indeterminate")))),AND(AND(D7="retain",E7="protocol_report"),L7<>"",NOT(OR(EXACT(L7,"substantive_difference"),EXACT(L7,"minor_presentation"),EXACT(L7,"version_timing"),EXACT(L7,"non_inconsistency"),EXACT(L7,"indeterminate"))))),"CHECK FIELDS",IF(AND(F7<>"",NOT(OR(EXACT(F7,"no"),EXACT(F7,"primary_done")))),"CHECK COMPLETE",IF(EXACT(F7,"primary_done"),"PRIMARY READY","PRIMARY DRAFT")))))),"CHECK INPUT / KEY") | H7: confirmed_issue | I7: minor_presentation | J7: unlikely | K7: =IF(AND(OR(D7="retain",D7=""),OR(E7="report_internal_inconsistency",E7="plan_material")),"","not_applicable") | L7: =IF(AND(OR(D7="retain",D7=""),E7="protocol_report"),"","not_applicable") | R7: eTable 3/4 footnote b (Supp4 pp.6, 8) says crude ORs with exact 95% CIs; the printed CIs match log-Wald (Woolf) intervals, not exact conditional ones. E.g., PDA surgery 5/319 vs 3/308: OR 1.62, Wald 0.38-6.83 = printed; exact 0.31-10.51.

Sheet C_jama.2025.19563
A1: Candidate key | B1: Candidate title | C1: Source location | D1: Disposition | E1: Review domain (AI suggestion; editable) | F1: Complete | G1: Validation hint | H1: Statistical_or_numerical issue | I1: Substantiveness | J1: Downstream impact | K1: Report-internal or planning-material inconsistency | L1: Protocol interpretation | R1: Notes (optional)
A2: 2025::jama.2025.19563::C001 | B2: Added diabetes-range HbA1c primary-composite disqualifier | C2: joi250084supp1_prod_1765403089.61351.pdf — DOC-002 p6 synopsis; joi250084supp1_prod_1765403089.61351.pdf — p15 §3.2; joi250084supp1_prod_1765403089.61351.pdf — p86 incident-diabetes SAP-change row; jama_mathioudakis_2025_oi_250084_1765403089.60451.pdf — main p3 Outcomes; jama_mathioudakis_2025_oi_250084_1765403089.60451.pdf — p4 Primary Analysis; joi250084supp2_prod_1765403089.61751.pdf — DOC-003 p29 eTable13 method begins; joi250084supp2_prod_1765403089.61751.pdf — p30 method continuation; joi250084supp2_prod_1765403089.61751.pdf — p56 eTable13 | D2: retain | E2: protocol_report | F2: primary_done | G2: =IFERROR(IF(LEN(TRIM(CLEAN(SUBSTITUTE(Setup!$B$2,CHAR(160)," "))))=0,"CHECK REVIEWER ID",IF(OR(A2="",COUNTIF($A$2:$A$14,A2)<>1,LEFT(A2,LEN("2025::jama.2025.19563::"))<>"2025::jama.2025.19563::"),"CHECK KEY",IF(OR(AND(NOT(AND(D2="retain",E2="statistical_results")),H2<>"",NOT(EXACT(H2,"not_applicable"))),AND(NOT(AND(D2="retain",E2="statistical_results")),I2<>"",NOT(EXACT(I2,"not_applicable"))),AND(NOT(AND(D2="retain",E2="statistical_results")),J2<>"",NOT(EXACT(J2,"not_applicable"))),AND(NOT(AND(D2="retain",OR(E2="report_internal_inconsistency",E2="plan_material"))),K2<>"",NOT(EXACT(K2,"not_applicable"))),AND(NOT(AND(D2="retain",E2="protocol_report")),L2<>"",NOT(EXACT(L2,"not_applicable")))),"CLEAR INACTIVE VALUES",IF(OR(NOT(OR(EXACT(D2,"retain"),EXACT(D2,"exclude"),EXACT(D2,"discuss"))),NOT(OR(EXACT(E2,"statistical_results"),EXACT(E2,"report_internal_inconsistency"),EXACT(E2,"plan_material"),EXACT(E2,"protocol_report"))),AND(AND(D2="retain",E2="statistical_results"),NOT(OR(EXACT(H2,"confirmed_issue"),EXACT(H2,"probable_issue"),EXACT(H2,"not_issue"),EXACT(H2,"indeterminate")))),AND(AND(D2="retain",E2="statistical_results"),NOT(OR(EXACT(I2,"substantive"),EXACT(I2,"minor_presentation"),EXACT(I2,"indeterminate")))),AND(AND(D2="retain",E2="statistical_results"),J2<>"",NOT(OR(EXACT(J2,"direct"),EXACT(J2,"possible"),EXACT(J2,"unlikely"),EXACT(J2,"unknown")))),AND(AND(D2="retain",OR(E2="report_internal_inconsistency",E2="plan_material")),NOT(OR(EXACT(K2,"substantive_inconsistency"),EXACT(K2,"minor_presentation"),EXACT(K2,"non_inconsistency"),EXACT(K2,"indeterminate")))),AND(AND(D2="retain",E2="protocol_report"),L2<>"",NOT(OR(EXACT(L2,"substantive_difference"),EXACT(L2,"minor_presentation"),EXACT(L2,"version_timing"),EXACT(L2,"non_inconsistency"),EXACT(L2,"indeterminate"))))),"CHECK FIELDS",IF(AND(F2<>"",NOT(OR(EXACT(F2,"no"),EXACT(F2,"primary_done")))),"CHECK COMPLETE",IF(EXACT(F2,"primary_done"),"PRIMARY READY","PRIMARY DRAFT")))))),"CHECK INPUT / KEY") | H2: =IF(AND(OR(D2="retain",D2=""),E2="statistical_results"),"","not_applicable") | I2: =IF(AND(OR(D2="retain",D2=""),E2="statistical_results"),"","not_applicable") | J2: =IF(AND(OR(D2="retain",D2=""),E2="statistical_results"),"","not_applicable") | K2: =IF(AND(OR(D2="retain",D2=""),OR(E2="report_internal_inconsistency",E2="plan_material")),"","not_applicable") | L2: substantive_difference | R2: Protocol synopsis and §3.2 (Supp1 pp.6, 15; OCR) define the primary end point as >=5% weight loss OR >=4% loss + >=150 min/wk PA OR >=0.2-point HbA1c reduction; the report (main pp.1, 3-4) additionally requires HbA1c <6.5% throughout. Disclosed in the SAP change table (Supp1 p.86) and eTable 13 method (Supp2 pp.29-30).
A3: 2025::jama.2025.19563::C002 | B3: Primary PA window and endpoint-specific mapping | C3: joi250084supp1_prod_1765403089.61351.pdf — DOC-002 p6 synopsis; joi250084supp1_prod_1765403089.61351.pdf — p15 §3.2; joi250084supp1_prod_1765403089.61351.pdf — p80 version 1.4 amendment begins; joi250084supp1_prod_1765403089.61351.pdf — p81 continuation; jama_mathioudakis_2025_oi_250084_1765403089.60451.pdf — main p3 primary branch; jama_mathioudakis_2025_oi_250084_1765403089.60451.pdf — p7 Figure2; joi250084supp2_prod_1765403089.61751.pdf — DOC-003 p13 Aggregation; joi250084supp2_prod_1765403089.61751.pdf — p49 postbaseline assessments | D3: retain | E3: protocol_report | F3: primary_done | G3: =IFERROR(IF(LEN(TRIM(CLEAN(SUBSTITUTE(Setup!$B$2,CHAR(160)," "))))=0,"CHECK REVIEWER ID",IF(OR(A3="",COUNTIF($A$2:$A$14,A3)<>1,LEFT(A3,LEN("2025::jama.2025.19563::"))<>"2025::jama.2025.19563::"),"CHECK KEY",IF(OR(AND(NOT(AND(D3="retain",E3="statistical_results")),H3<>"",NOT(EXACT(H3,"not_applicable"))),AND(NOT(AND(D3="retain",E3="statistical_results")),I3<>"",NOT(EXACT(I3,"not_applicable"))),AND(NOT(AND(D3="retain",E3="statistical_results")),J3<>"",NOT(EXACT(J3,"not_applicable"))),AND(NOT(AND(D3="retain",OR(E3="report_internal_inconsistency",E3="plan_material"))),K3<>"",NOT(EXACT(K3,"not_applicable"))),AND(NOT(AND(D3="retain",E3="protocol_report")),L3<>"",NOT(EXACT(L3,"not_applicable")))),"CLEAR INACTIVE VALUES",IF(OR(NOT(OR(EXACT(D3,"retain"),EXACT(D3,"exclude"),EXACT(D3,"discuss"))),NOT(OR(EXACT(E3,"statistical_results"),EXACT(E3,"report_internal_inconsistency"),EXACT(E3,"plan_material"),EXACT(E3,"protocol_report"))),AND(AND(D3="retain",E3="statistical_results"),NOT(OR(EXACT(H3,"confirmed_issue"),EXACT(H3,"probable_issue"),EXACT(H3,"not_issue"),EXACT(H3,"indeterminate")))),AND(AND(D3="retain",E3="statistical_results"),NOT(OR(EXACT(I3,"substantive"),EXACT(I3,"minor_presentation"),EXACT(I3,"indeterminate")))),AND(AND(D3="retain",E3="statistical_results"),J3<>"",NOT(OR(EXACT(J3,"direct"),EXACT(J3,"possible"),EXACT(J3,"unlikely"),EXACT(J3,"unknown")))),AND(AND(D3="retain",OR(E3="report_internal_inconsistency",E3="plan_material")),NOT(OR(EXACT(K3,"substantive_inconsistency"),EXACT(K3,"minor_presentation"),EXACT(K3,"non_inconsistency"),EXACT(K3,"indeterminate")))),AND(AND(D3="retain",E3="protocol_report"),L3<>"",NOT(OR(EXACT(L3,"substantive_difference"),EXACT(L3,"minor_presentation"),EXACT(L3,"version_timing"),EXACT(L3,"non_inconsistency"),EXACT(L3,"indeterminate"))))),"CHECK FIELDS",IF(AND(F3<>"",NOT(OR(EXACT(F3,"no"),EXACT(F3,"primary_done")))),"CHECK COMPLETE",IF(EXACT(F3,"primary_done"),"PRIMARY READY","PRIMARY DRAFT")))))),"CHECK INPUT / KEY") | H3: =IF(AND(OR(D3="retain",D3=""),E3="statistical_results"),"","not_applicable") | I3: =IF(AND(OR(D3="retain",D3=""),E3="statistical_results"),"","not_applicable") | J3: =IF(AND(OR(D3="retain",D3=""),E3="statistical_results"),"","not_applicable") | K3: =IF(AND(OR(D3="retain",D3=""),OR(E3="report_internal_inconsistency",E3="plan_material")),"","not_applicable") | L3: version_timing | R3: Protocol (Supp1 pp.6, 15; OCR) averages PA over months 6-11 for the weight-plus-PA branch; Supp2 p.13 averages weekly MVPA over all post-baseline visits (max 11; eTable 8b months 1-11). Amendment v1.4 (03-28-2022; Supp1 p.80) says the PA time frame was 'clarified' but the revised window is not printed, so whether the report follows the amended window cannot be determined.
A4: 2025::jama.2025.19563::C003 | B4: Primary HbA1c branch restricted to baseline subset | C4: joi250084supp1_prod_1765403089.61351.pdf — DOC-002 p15 original §3.2; joi250084supp1_prod_1765403089.61351.pdf — p80 version 1.4 modification begins; joi250084supp1_prod_1765403089.61351.pdf — p81 subset and eligibility continuation; jama_mathioudakis_2025_oi_250084_1765403089.60451.pdf — main p3 Outcomes; jama_mathioudakis_2025_oi_250084_1765403089.60451.pdf — p7 Figure2 row/footnote | D4: exclude | E4: protocol_report | F4: primary_done | G4: =IFERROR(IF(LEN(TRIM(CLEAN(SUBSTITUTE(Setup!$B$2,CHAR(160)," "))))=0,"CHECK REVIEWER ID",IF(OR(A4="",COUNTIF($A$2:$A$14,A4)<>1,LEFT(A4,LEN("2025::jama.2025.19563::"))<>"2025::jama.2025.19563::"),"CHECK KEY",IF(OR(AND(NOT(AND(D4="retain",E4="statistical_results")),H4<>"",NOT(EXACT(H4,"not_applicable"))),AND(NOT(AND(D4="retain",E4="statistical_results")),I4<>"",NOT(EXACT(I4,"not_applicable"))),AND(NOT(AND(D4="retain",E4="statistical_results")),J4<>"",NOT(EXACT(J4,"not_applicable"))),AND(NOT(AND(D4="retain",OR(E4="report_internal_inconsistency",E4="plan_material"))),K4<>"",NOT(EXACT(K4,"not_applicable"))),AND(NOT(AND(D4="retain",E4="protocol_report")),L4<>"",NOT(EXACT(L4,"not_applicable")))),"CLEAR INACTIVE VALUES",IF(OR(NOT(OR(EXACT(D4,"retain"),EXACT(D4,"exclude"),EXACT(D4,"discuss"))),NOT(OR(EXACT(E4,"statistical_results"),EXACT(E4,"report_internal_inconsistency"),EXACT(E4,"plan_material"),EXACT(E4,"protocol_report"))),AND(AND(D4="retain",E4="statistical_results"),NOT(OR(EXACT(H4,"confirmed_issue"),EXACT(H4,"probable_issue"),EXACT(H4,"not_issue"),EXACT(H4,"indeterminate")))),AND(AND(D4="retain",E4="statistical_results"),NOT(OR(EXACT(I4,"substantive"),EXACT(I4,"minor_presentation"),EXACT(I4,"indeterminate")))),AND(AND(D4="retain",E4="statistical_results"),J4<>"",NOT(OR(EXACT(J4,"direct"),EXACT(J4,"possible"),EXACT(J4,"unlikely"),EXACT(J4,"unknown")))),AND(AND(D4="retain",OR(E4="report_internal_inconsistency",E4="plan_material")),NOT(OR(EXACT(K4,"substantive_inconsistency"),EXACT(K4,"minor_presentation"),EXACT(K4,"non_inconsistency"),EXACT(K4,"indeterminate")))),AND(AND(D4="retain",E4="protocol_report"),L4<>"",NOT(OR(EXACT(L4,"substantive_difference"),EXACT(L4,"minor_presentation"),EXACT(L4,"version_timing"),EXACT(L4,"non_inconsistency"),EXACT(L4,"indeterminate"))))),"CHECK FIELDS",IF(AND(F4<>"",NOT(OR(EXACT(F4,"no"),EXACT(F4,"primary_done")))),"CHECK COMPLETE",IF(EXACT(F4,"primary_done"),"PRIMARY READY","PRIMARY DRAFT")))))),"CHECK INPUT / KEY") | H4: =IF(AND(OR(D4="retain",D4=""),E4="statistical_results"),"","not_applicable") | I4: =IF(AND(OR(D4="retain",D4=""),E4="statistical_results"),"","not_applicable") | J4: =IF(AND(OR(D4="retain",D4=""),E4="statistical_results"),"","not_applicable") | K4: =IF(AND(OR(D4="retain",D4=""),OR(E4="report_internal_inconsistency",E4="plan_material")),"","not_applicable") | L4: =IF(AND(OR(D4="retain",D4=""),E4="protocol_report"),"","not_applicable") | R4: Restriction of the HbA1c-reduction branch to baseline HbA1c 5.7-6.4% was made by dated protocol amendment v1.4 (03-28-2022; Supp1 pp.80-81, OCR), and the report (main p.3; Figure 2 footnote c, 130/130) follows the amended protocol. No difference between the report and the operative plan.
A5: 2025::jama.2025.19563::C004 | B5: Primary exclusions replaced by all-randomized failure assignment | C5: joi250084supp1_prod_1765403089.61351.pdf — DOC-002 p37 §9.3; joi250084supp1_prod_1765403089.61351.pdf — p86 first SAP-change row; jama_mathioudakis_2025_oi_250084_1765403089.60451.pdf — main p4 primary methods/results; jama_mathioudakis_2025_oi_250084_1765403089.60451.pdf — p5 Figure1; joi250084supp2_prod_1765403089.61751.pdf — DOC-003 p27 primary cohort; joi250084supp2_prod_1765403089.61751.pdf — p50 eTable8c | D5: retain | E5: protocol_report | F5: primary_done | G5: =IFERROR(IF(LEN(TRIM(CLEAN(SUBSTITUTE(Setup!$B$2,CHAR(160)," "))))=0,"CHECK REVIEWER ID",IF(OR(A5="",COUNTIF($A$2:$A$14,A5)<>1,LEFT(A5,LEN("2025::jama.2025.19563::"))<>"2025::jama.2025.19563::"),"CHECK KEY",IF(OR(AND(NOT(AND(D5="retain",E5="statistical_results")),H5<>"",NOT(EXACT(H5,"not_applicable"))),AND(NOT(AND(D5="retain",E5="statistical_results")),I5<>"",NOT(EXACT(I5,"not_applicable"))),AND(NOT(AND(D5="retain",E5="statistical_results")),J5<>"",NOT(EXACT(J5,"not_applicable"))),AND(NOT(AND(D5="retain",OR(E5="report_internal_inconsistency",E5="plan_material"))),K5<>"",NOT(EXACT(K5,"not_applicable"))),AND(NOT(AND(D5="retain",E5="protocol_report")),L5<>"",NOT(EXACT(L5,"not_applicable")))),"CLEAR INACTIVE VALUES",IF(OR(NOT(OR(EXACT(D5,"retain"),EXACT(D5,"exclude"),EXACT(D5,"discuss"))),NOT(OR(EXACT(E5,"statistical_results"),EXACT(E5,"report_internal_inconsistency"),EXACT(E5,"plan_material"),EXACT(E5,"protocol_report"))),AND(AND(D5="retain",E5="statistical_results"),NOT(OR(EXACT(H5,"confirmed_issue"),EXACT(H5,"probable_issue"),EXACT(H5,"not_issue"),EXACT(H5,"indeterminate")))),AND(AND(D5="retain",E5="statistical_results"),NOT(OR(EXACT(I5,"substantive"),EXACT(I5,"minor_presentation"),EXACT(I5,"indeterminate")))),AND(AND(D5="retain",E5="statistical_results"),J5<>"",NOT(OR(EXACT(J5,"direct"),EXACT(J5,"possible"),EXACT(J5,"unlikely"),EXACT(J5,"unknown")))),AND(AND(D5="retain",OR(E5="report_internal_inconsistency",E5="plan_material")),NOT(OR(EXACT(K5,"substantive_inconsistency"),EXACT(K5,"minor_presentation"),EXACT(K5,"non_inconsistency"),EXACT(K5,"indeterminate")))),AND(AND(D5="retain",E5="protocol_report"),L5<>"",NOT(OR(EXACT(L5,"substantive_difference"),EXACT(L5,"minor_presentation"),EXACT(L5,"version_timing"),EXACT(L5,"non_inconsistency"),EXACT(L5,"indeterminate"))))),"CHECK FIELDS",IF(AND(F5<>"",NOT(OR(EXACT(F5,"no"),EXACT(F5,"primary_done")))),"CHECK COMPLETE",IF(EXACT(F5,"primary_done"),"PRIMARY READY","PRIMARY DRAFT")))))),"CHECK INPUT / KEY") | H5: =IF(AND(OR(D5="retain",D5=""),E5="statistical_results"),"","not_applicable") | I5: =IF(AND(OR(D5="retain",D5=""),E5="statistical_results"),"","not_applicable") | J5: =IF(AND(OR(D5="retain",D5=""),E5="statistical_results"),"","not_applicable") | K5: =IF(AND(OR(D5="retain",D5=""),OR(E5="report_internal_inconsistency",E5="plan_material")),"","not_applicable") | L5: substantive_difference | R5: Protocol §9.3 (Supp1 p.37; OCR) excludes participants who withdraw from effectiveness analyses; report analyzes all 368 randomized and counts missing 12-month visits (26 AI, 29 human) as failures (main p.4; Figure 1). Disclosed in the SAP change table (Supp1 p.86).
A6: 2025::jama.2025.19563::C005 | B6: Clustered logistic primary model replaced by binomial RD regression | C6: joi250084supp1_prod_1765403089.61351.pdf — DOC-002 p37 §9.4.1; joi250084supp1_prod_1765403089.61351.pdf — p38 §9.4.7; joi250084supp1_prod_1765403089.61351.pdf — p86 model change; jama_mathioudakis_2025_oi_250084_1765403089.60451.pdf — main p4 primary model and sensitivity 5; joi250084supp2_prod_1765403089.61751.pdf — DOC-003 p31 cluster methods; joi250084supp2_prod_1765403089.61751.pdf — p62 eTables19a–b | D6: retain | E6: protocol_report | F6: primary_done | G6: =IFERROR(IF(LEN(TRIM(CLEAN(SUBSTITUTE(Setup!$B$2,CHAR(160)," "))))=0,"CHECK REVIEWER ID",IF(OR(A6="",COUNTIF($A$2:$A$14,A6)<>1,LEFT(A6,LEN("2025::jama.2025.19563::"))<>"2025::jama.2025.19563::"),"CHECK KEY",IF(OR(AND(NOT(AND(D6="retain",E6="statistical_results")),H6<>"",NOT(EXACT(H6,"not_applicable"))),AND(NOT(AND(D6="retain",E6="statistical_results")),I6<>"",NOT(EXACT(I6,"not_applicable"))),AND(NOT(AND(D6="retain",E6="statistical_results")),J6<>"",NOT(EXACT(J6,"not_applicable"))),AND(NOT(AND(D6="retain",OR(E6="report_internal_inconsistency",E6="plan_material"))),K6<>"",NOT(EXACT(K6,"not_applicable"))),AND(NOT(AND(D6="retain",E6="protocol_report")),L6<>"",NOT(EXACT(L6,"not_applicable")))),"CLEAR INACTIVE VALUES",IF(OR(NOT(OR(EXACT(D6,"retain"),EXACT(D6,"exclude"),EXACT(D6,"discuss"))),NOT(OR(EXACT(E6,"statistical_results"),EXACT(E6,"report_internal_inconsistency"),EXACT(E6,"plan_material"),EXACT(E6,"protocol_report"))),AND(AND(D6="retain",E6="statistical_results"),NOT(OR(EXACT(H6,"confirmed_issue"),EXACT(H6,"probable_issue"),EXACT(H6,"not_issue"),EXACT(H6,"indeterminate")))),AND(AND(D6="retain",E6="statistical_results"),NOT(OR(EXACT(I6,"substantive"),EXACT(I6,"minor_presentation"),EXACT(I6,"indeterminate")))),AND(AND(D6="retain",E6="statistical_results"),J6<>"",NOT(OR(EXACT(J6,"direct"),EXACT(J6,"possible"),EXACT(J6,"unlikely"),EXACT(J6,"unknown")))),AND(AND(D6="retain",OR(E6="report_internal_inconsistency",E6="plan_material")),NOT(OR(EXACT(K6,"substantive_inconsistency"),EXACT(K6,"minor_presentation"),EXACT(K6,"non_inconsistency"),EXACT(K6,"indeterminate")))),AND(AND(D6="retain",E6="protocol_report"),L6<>"",NOT(OR(EXACT(L6,"substantive_difference"),EXACT(L6,"minor_presentation"),EXACT(L6,"version_timing"),EXACT(L6,"non_inconsistency"),EXACT(L6,"indeterminate"))))),"CHECK FIELDS",IF(AND(F6<>"",NOT(OR(EXACT(F6,"no"),EXACT(F6,"primary_done")))),"CHECK COMPLETE",IF(EXACT(F6,"primary_done"),"PRIMARY READY","PRIMARY DRAFT")))))),"CHECK INPUT / KEY") | H6: =IF(AND(OR(D6="retain",D6=""),E6="statistical_results"),"","not_applicable") | I6: =IF(AND(OR(D6="retain",D6=""),E6="statistical_results"),"","not_applicable") | J6: =IF(AND(OR(D6="retain",D6=""),E6="statistical_results"),"","not_applicable") | K6: =IF(AND(OR(D6="retain",D6=""),OR(E6="report_internal_inconsistency",E6="plan_material")),"","not_applicable") | L6: substantive_difference | R6: Protocol §9.4.7-9.4.8 (Supp1 p.38; OCR) analyzes the primary and component end points with (mixed-effects) logistic regression; report uses unadjusted binomial regression for the risk difference (main p.4). Disclosed in the SAP change table (Supp1 p.86); cluster-robust SEs added post hoc (eTables 19a-b).
