Workbook

Sheet Setup
A1: Field | B1: Value
A2: Reviewer ID / name | B2: BulunTe
A3: Full name (optional)
A4: Reviewer role | B4: R_B
A5: Year | B5: 2024

Sheet Checks
A1: Check | B1: Result
A2: Candidates | B2: 91
A3: Primary ready | B3: =COUNTIF('C_jama.2024.0318'!$G$2:$G$7,"PRIMARY READY")+COUNTIF('C_jama.2024.0572'!$G$2:$G$3,"PRIMARY READY")+COUNTIF('C_jama.2024.11057'!$G$2:$G$4,"PRIMARY READY")+COUNTIF('C_jama.2024.12829'!$G$2:$G$18,"PRIMARY READY")+COUNTIF('C_jama.2024.19585'!$G$2:$G$4,"PRIMARY READY")+COUNTIF('C_jama.2024.2302'!$G$2:$G$6,"PRIMARY READY")+COUNTIF('C_jama.2024.23898'!$G$2:$G$8,"PRIMARY READY")+COUNTIF('C_jama.2024.25786'!$G$2:$G$9,"PRIMARY READY")+COUNTIF('C_jama.2024.4183'!$G$2:$G$25,"PRIMARY READY")+COUNTIF('C_jama.2024.6063'!$G$2:$G$17,"PRIMARY READY")
A4: Unfinished | B4: =B2-B3
A5: Discuss / unresolved | B5: =COUNTIF('C_jama.2024.0318'!$D$2:$D$7,"discuss")+COUNTIF('C_jama.2024.0572'!$D$2:$D$3,"discuss")+COUNTIF('C_jama.2024.11057'!$D$2:$D$4,"discuss")+COUNTIF('C_jama.2024.12829'!$D$2:$D$18,"discuss")+COUNTIF('C_jama.2024.19585'!$D$2:$D$4,"discuss")+COUNTIF('C_jama.2024.2302'!$D$2:$D$6,"discuss")+COUNTIF('C_jama.2024.23898'!$D$2:$D$8,"discuss")+COUNTIF('C_jama.2024.25786'!$D$2:$D$9,"discuss")+COUNTIF('C_jama.2024.4183'!$D$2:$D$25,"discuss")+COUNTIF('C_jama.2024.6063'!$D$2:$D$17,"discuss")
A6: Workflow status | B6: =IF(B3=B2,"PRIMARY READY","ACTION NEEDED")
A7: Ready with discuss | B7: =COUNTIFS('C_jama.2024.0318'!$G$2:$G$7,"PRIMARY READY",'C_jama.2024.0318'!$D$2:$D$7,"discuss")+COUNTIFS('C_jama.2024.0572'!$G$2:$G$3,"PRIMARY READY",'C_jama.2024.0572'!$D$2:$D$3,"discuss")+COUNTIFS('C_jama.2024.11057'!$G$2:$G$4,"PRIMARY READY",'C_jama.2024.11057'!$D$2:$D$4,"discuss")+COUNTIFS('C_jama.2024.12829'!$G$2:$G$18,"PRIMARY READY",'C_jama.2024.12829'!$D$2:$D$18,"discuss")+COUNTIFS('C_jama.2024.19585'!$G$2:$G$4,"PRIMARY READY",'C_jama.2024.19585'!$D$2:$D$4,"discuss")+COUNTIFS('C_jama.2024.2302'!$G$2:$G$6,"PRIMARY READY",'C_jama.2024.2302'!$D$2:$D$6,"discuss")+COUNTIFS('C_jama.2024.23898'!$G$2:$G$8,"PRIMARY READY",'C_jama.2024.23898'!$D$2:$D$8,"discuss")+COUNTIFS('C_jama.2024.25786'!$G$2:$G$9,"PRIMARY READY",'C_jama.2024.25786'!$D$2:$D$9,"discuss")+COUNTIFS('C_jama.2024.4183'!$G$2:$G$25,"PRIMARY READY",'C_jama.2024.4183'!$D$2:$D$25,"discuss")+COUNTIFS('C_jama.2024.6063'!$G$2:$G$17,"PRIMARY READY",'C_jama.2024.6063'!$D$2:$D$17,"discuss")
A8: Meaning | B8: PRIMARY READY means independent data entry is complete; discuss remains unresolved.
A9: Next action | B9: Inspect G on the C_ sheets. Save the completed file and deliver it; preserve normal Excel backups.

Sheet Papers
A1: Paper | B1: Review worksheet | C1: Candidates
A2: jama.2024.0318 | B2: C_jama.2024.0318 | C2: 6
A3: jama.2024.0572 | B3: C_jama.2024.0572 | C3: 2
A4: jama.2024.11057 | B4: C_jama.2024.11057 | C4: 3
A5: jama.2024.12829 | B5: C_jama.2024.12829 | C5: 17
A6: jama.2024.19585 | B6: C_jama.2024.19585 | C6: 3
A7: jama.2024.2302 | B7: C_jama.2024.2302 | C7: 5
A8: jama.2024.23898 | B8: C_jama.2024.23898 | C8: 7
A9: jama.2024.25786 | B9: C_jama.2024.25786 | C9: 8
A10: jama.2024.4183 | B10: C_jama.2024.4183 | C10: 24
A11: jama.2024.6063 | B11: C_jama.2024.6063 | C11: 16

Sheet C_jama.2024.0318
A1: Candidate key | B1: Candidate title | C1: Source location | D1: Disposition | E1: Review domain | F1: Complete | G1: Validation hint | H1: Statistcal_or_numerical issue | I1: Substantiveness | J1: Downstream impact | K1: Report-internal or planning-material inconsistency | L1: Protocol interpretation | R1: Notes (optional)
A2: 2024::jama.2024.0318::C001 | B2: Figure 1 allocation branches exceed the displayed available cohort by 10 participants | C2: jama_courcoulas_2024_oi_240004_1721756962.76052.pdf — PDF p. 3, Figure 1 and adjoining Results text. | D2: retain | E2: statistical_results | F2: primary_done | G2: =IFERROR(IF(LEN(TRIM(CLEAN(SUBSTITUTE(Setup!$B$2,CHAR(160)," "))))=0,"ENTER REVIEWER ID",IF(OR(A2="",COUNTIF($A$2:$A$7,A2)<>1,LEFT(A2,LEN("2024::jama.2024.0318::"))<>"2024::jama.2024.0318::"),"CHECK KEY",IF(OR(AND(NOT(AND(D2="retain",E2="statistical_results")),H2<>"",H2<>"not_applicable"),AND(NOT(AND(D2="retain",E2="statistical_results")),I2<>"",I2<>"not_applicable"),AND(NOT(AND(D2="retain",E2="statistical_results")),J2<>"",J2<>"not_applicable"),AND(NOT(AND(D2="retain",OR(E2="report_internal_inconsistency",E2="plan_material"))),K2<>"",K2<>"not_applicable"),AND(NOT(AND(D2="retain",E2="protocol_report")),L2<>"",L2<>"not_applicable")),"CLEAR INACTIVE VALUES",IF(OR(NOT(OR(D2="retain",D2="exclude",D2="discuss")),NOT(OR(E2="statistical_results",E2="report_internal_inconsistency",E2="plan_material",E2="protocol_report")),AND(AND(D2="retain",E2="statistical_results"),NOT(OR(H2="confirmed_issue",H2="probable_issue",H2="not_issue",H2="indeterminate"))),AND(AND(D2="retain",E2="statistical_results"),NOT(OR(I2="substantive",I2="minor_presentation",I2="indeterminate"))),AND(AND(D2="retain",E2="statistical_results"),J2<>"",NOT(OR(J2="direct",J2="possible",J2="unlikely",J2="unknown"))),AND(AND(D2="retain",OR(E2="report_internal_inconsistency",E2="plan_material")),NOT(OR(K2="substantive_inconsistency",K2="minor_presentation",K2="non_inconsistency",K2="indeterminate"))),AND(AND(D2="retain",E2="protocol_report"),L2<>"",NOT(OR(L2="substantive_difference",L2="minor_presentation",L2="version_timing",L2="non_inconsistency",L2="indeterminate")))),"CHECK FIELDS",IF(AND(F2<>"",NOT(OR(F2="no",F2="primary_done"))),"CHECK COMPLETE",IF(F2<>"primary_done","PRIMARY DRAFT","PRIMARY READY")))))),"CHECK KEY / INPUT") | H2: confirmed_issue | I2: substantive | J2: possible | K2: =IF(AND(OR(D2="retain",D2=""),OR(E2="report_internal_inconsistency",E2="plan_material")),"","not_applicable") | L2: =IF(AND(OR(D2="retain",D2=""),E2="protocol_report"),"","not_applicable") | R2: Figure 1: 305 'available and randomized' branches into 193 surgery + 122 medical = 315 (10 more than the parent). 106+49+38=193 internally. Arm-specific counts among the 305 cannot be recovered, so arm-specific enrollment (166/?, 96/?) into the long-term cohort is not determinable. Analysis Ns (166, 96) are unaffected.
A3: 2024::jama.2024.0318::C002 | B3: Supplement eTable 2 mixes year-12 headings with year-7 quantitative footnote definitions | C3: joi240004supp2_prod_1721756962.82552.pdf — PDF p. 15, eTable 2 title, columns, rows, and footnotes a-b; joi240004supp2_prod_1721756962.82552.pdf — PDF p. 16, footnotes c-e; jama_courcoulas_2024_oi_240004_1721756962.76052.pdf — PDF p. 3, Results pointer to eTable 2. | D3: retain | E3: report_internal_inconsistency | F3: primary_done | G3: =IFERROR(IF(LEN(TRIM(CLEAN(SUBSTITUTE(Setup!$B$2,CHAR(160)," "))))=0,"ENTER REVIEWER ID",IF(OR(A3="",COUNTIF($A$2:$A$7,A3)<>1,LEFT(A3,LEN("2024::jama.2024.0318::"))<>"2024::jama.2024.0318::"),"CHECK KEY",IF(OR(AND(NOT(AND(D3="retain",E3="statistical_results")),H3<>"",H3<>"not_applicable"),AND(NOT(AND(D3="retain",E3="statistical_results")),I3<>"",I3<>"not_applicable"),AND(NOT(AND(D3="retain",E3="statistical_results")),J3<>"",J3<>"not_applicable"),AND(NOT(AND(D3="retain",OR(E3="report_internal_inconsistency",E3="plan_material"))),K3<>"",K3<>"not_applicable"),AND(NOT(AND(D3="retain",E3="protocol_report")),L3<>"",L3<>"not_applicable")),"CLEAR INACTIVE VALUES",IF(OR(NOT(OR(D3="retain",D3="exclude",D3="discuss")),NOT(OR(E3="statistical_results",E3="report_internal_inconsistency",E3="plan_material",E3="protocol_report")),AND(AND(D3="retain",E3="statistical_results"),NOT(OR(H3="confirmed_issue",H3="probable_issue",H3="not_issue",H3="indeterminate"))),AND(AND(D3="retain",E3="statistical_results"),NOT(OR(I3="substantive",I3="minor_presentation",I3="indeterminate"))),AND(AND(D3="retain",E3="statistical_results"),J3<>"",NOT(OR(J3="direct",J3="possible",J3="unlikely",J3="unknown"))),AND(AND(D3="retain",OR(E3="report_internal_inconsistency",E3="plan_material")),NOT(OR(K3="substantive_inconsistency",K3="minor_presentation",K3="non_inconsistency",K3="indeterminate"))),AND(AND(D3="retain",E3="protocol_report"),L3<>"",NOT(OR(L3="substantive_difference",L3="minor_presentation",L3="version_timing",L3="non_inconsistency",L3="indeterminate")))),"CHECK FIELDS",IF(AND(F3<>"",NOT(OR(F3="no",F3="primary_done"))),"CHECK COMPLETE",IF(F3<>"primary_done","PRIMARY DRAFT","PRIMARY READY")))))),"CHECK KEY / INPUT") | H3: =IF(AND(OR(D3="retain",D3=""),E3="statistical_results"),"","not_applicable") | I3: =IF(AND(OR(D3="retain",D3=""),E3="statistical_results"),"","not_applicable") | J3: =IF(AND(OR(D3="retain",D3=""),E3="statistical_results"),"","not_applicable") | K3: minor_presentation | L3: =IF(AND(OR(D3="retain",D3=""),E3="protocol_report"),"","not_applicable") | R3: eTable 2 title and columns say year 12 and values differ from main Table 2 (e.g., medical HbA1c 7.9 vs 8.0), but footnotes a-c still define 'year-7 data', '7-year over baseline' ratios and 'odds ratio at year 7'. Looks like carried-over footnotes from Table 2; the year-12 meaning is clear from the title, columns and footnote e.
A4: 2024::jama.2024.0318::C003 | B4: Matched 12-year HbA1c result has incompatible printed P values | C4: jama_courcoulas_2024_oi_240004_1721756962.76052.pdf — PDF p. 1, Abstract Results; jama_courcoulas_2024_oi_240004_1721756962.76052.pdf — PDF p. 3, Results; joi240004supp2_prod_1721756962.82552.pdf — PDF p. 15, eTable 2 HbA1c row. | D4: retain | E4: statistical_results | F4: primary_done | G4: =IFERROR(IF(LEN(TRIM(CLEAN(SUBSTITUTE(Setup!$B$2,CHAR(160)," "))))=0,"ENTER REVIEWER ID",IF(OR(A4="",COUNTIF($A$2:$A$7,A4)<>1,LEFT(A4,LEN("2024::jama.2024.0318::"))<>"2024::jama.2024.0318::"),"CHECK KEY",IF(OR(AND(NOT(AND(D4="retain",E4="statistical_results")),H4<>"",H4<>"not_applicable"),AND(NOT(AND(D4="retain",E4="statistical_results")),I4<>"",I4<>"not_applicable"),AND(NOT(AND(D4="retain",E4="statistical_results")),J4<>"",J4<>"not_applicable"),AND(NOT(AND(D4="retain",OR(E4="report_internal_inconsistency",E4="plan_material"))),K4<>"",K4<>"not_applicable"),AND(NOT(AND(D4="retain",E4="protocol_report")),L4<>"",L4<>"not_applicable")),"CLEAR INACTIVE VALUES",IF(OR(NOT(OR(D4="retain",D4="exclude",D4="discuss")),NOT(OR(E4="statistical_results",E4="report_internal_inconsistency",E4="plan_material",E4="protocol_report")),AND(AND(D4="retain",E4="statistical_results"),NOT(OR(H4="confirmed_issue",H4="probable_issue",H4="not_issue",H4="indeterminate"))),AND(AND(D4="retain",E4="statistical_results"),NOT(OR(I4="substantive",I4="minor_presentation",I4="indeterminate"))),AND(AND(D4="retain",E4="statistical_results"),J4<>"",NOT(OR(J4="direct",J4="possible",J4="unlikely",J4="unknown"))),AND(AND(D4="retain",OR(E4="report_internal_inconsistency",E4="plan_material")),NOT(OR(K4="substantive_inconsistency",K4="minor_presentation",K4="non_inconsistency",K4="indeterminate"))),AND(AND(D4="retain",E4="protocol_report"),L4<>"",NOT(OR(L4="substantive_difference",L4="minor_presentation",L4="version_timing",L4="non_inconsistency",L4="indeterminate")))),"CHECK FIELDS",IF(AND(F4<>"",NOT(OR(F4="no",F4="primary_done"))),"CHECK COMPLETE",IF(F4<>"primary_done","PRIMARY DRAFT","PRIMARY READY")))))),"CHECK KEY / INPUT") | H4: confirmed_issue | I4: minor_presentation | J4: unlikely | K4: =IF(AND(OR(D4="retain",D4=""),OR(E4="report_internal_inconsistency",E4="plan_material")),"","not_applicable") | L4: =IF(AND(OR(D4="retain",D4=""),E4="protocol_report"),"","not_applicable") | R4: Same 12-year HbA1c difference -1.1% (95% CI -1.7 to -0.5) has P=.002 in abstract/Results but P<.001 in eTable 2. Back-calculation from the CI (Wald, SE=1.2/3.92=0.306, z=3.59) gives P about .0003; even the widest CI consistent with rounding gives P <= .0009. The main-text .002 is the value that does not fit. Estimate and CI unchanged.
A5: 2024::jama.2024.0318::C004 | B5: The same year-7 glycemic outcome is labeled as both HbA1c less than or equal to 6.5% and HbA1c below 6.5% | C5: jama_courcoulas_2024_oi_240004_1721756962.76052.pdf — PDF p. 4, Results narrative; jama_courcoulas_2024_oi_240004_1721756962.76052.pdf — PDF p. 6, Table 2; joi240004supp2_prod_1721756962.82552.pdf — PDF p. 4, binary-analysis context. | D5: retain | E5: report_internal_inconsistency | F5: primary_done | G5: =IFERROR(IF(LEN(TRIM(CLEAN(SUBSTITUTE(Setup!$B$2,CHAR(160)," "))))=0,"ENTER REVIEWER ID",IF(OR(A5="",COUNTIF($A$2:$A$7,A5)<>1,LEFT(A5,LEN("2024::jama.2024.0318::"))<>"2024::jama.2024.0318::"),"CHECK KEY",IF(OR(AND(NOT(AND(D5="retain",E5="statistical_results")),H5<>"",H5<>"not_applicable"),AND(NOT(AND(D5="retain",E5="statistical_results")),I5<>"",I5<>"not_applicable"),AND(NOT(AND(D5="retain",E5="statistical_results")),J5<>"",J5<>"not_applicable"),AND(NOT(AND(D5="retain",OR(E5="report_internal_inconsistency",E5="plan_material"))),K5<>"",K5<>"not_applicable"),AND(NOT(AND(D5="retain",E5="protocol_report")),L5<>"",L5<>"not_applicable")),"CLEAR INACTIVE VALUES",IF(OR(NOT(OR(D5="retain",D5="exclude",D5="discuss")),NOT(OR(E5="statistical_results",E5="report_internal_inconsistency",E5="plan_material",E5="protocol_report")),AND(AND(D5="retain",E5="statistical_results"),NOT(OR(H5="confirmed_issue",H5="probable_issue",H5="not_issue",H5="indeterminate"))),AND(AND(D5="retain",E5="statistical_results"),NOT(OR(I5="substantive",I5="minor_presentation",I5="indeterminate"))),AND(AND(D5="retain",E5="statistical_results"),J5<>"",NOT(OR(J5="direct",J5="possible",J5="unlikely",J5="unknown"))),AND(AND(D5="retain",OR(E5="report_internal_inconsistency",E5="plan_material")),NOT(OR(K5="substantive_inconsistency",K5="minor_presentation",K5="non_inconsistency",K5="indeterminate"))),AND(AND(D5="retain",E5="protocol_report"),L5<>"",NOT(OR(L5="substantive_difference",L5="minor_presentation",L5="version_timing",L5="non_inconsistency",L5="indeterminate")))),"CHECK FIELDS",IF(AND(F5<>"",NOT(OR(F5="no",F5="primary_done"))),"CHECK COMPLETE",IF(F5<>"primary_done","PRIMARY DRAFT","PRIMARY READY")))))),"CHECK KEY / INPUT") | H5: =IF(AND(OR(D5="retain",D5=""),E5="statistical_results"),"","not_applicable") | I5: =IF(AND(OR(D5="retain",D5=""),E5="statistical_results"),"","not_applicable") | J5: =IF(AND(OR(D5="retain",D5=""),E5="statistical_results"),"","not_applicable") | K5: minor_presentation | L5: =IF(AND(OR(D5="retain",D5=""),E5="protocol_report"),"","not_applicable") | R5: Results text: 'threshold of HbA1c less than or equal to 6.5% (P=.002; Table 2)'; Table 2 row is 'HbA1c <6.5%' with P=.002. Remission is also defined with <6.5% elsewhere. Same outcome, imprecise operator in prose; meaning clear.
A6: 2024::jama.2024.0318::C005 | B6: Abstract percentage for four deaths does not reconcile with displayed group counts and denominators | C6: jama_courcoulas_2024_oi_240004_1721756962.76052.pdf — PDF p. 1, Abstract Results; jama_courcoulas_2024_oi_240004_1721756962.76052.pdf — PDF p. 3, enrolled groups; jama_courcoulas_2024_oi_240004_1721756962.76052.pdf — PDF p. 7, death narrative; jama_courcoulas_2024_oi_240004_1721756962.76052.pdf — PDF p. 8, Table 3. | D6: retain | E6: statistical_results | F6: primary_done | G6: =IFERROR(IF(LEN(TRIM(CLEAN(SUBSTITUTE(Setup!$B$2,CHAR(160)," "))))=0,"ENTER REVIEWER ID",IF(OR(A6="",COUNTIF($A$2:$A$7,A6)<>1,LEFT(A6,LEN("2024::jama.2024.0318::"))<>"2024::jama.2024.0318::"),"CHECK KEY",IF(OR(AND(NOT(AND(D6="retain",E6="statistical_results")),H6<>"",H6<>"not_applicable"),AND(NOT(AND(D6="retain",E6="statistical_results")),I6<>"",I6<>"not_applicable"),AND(NOT(AND(D6="retain",E6="statistical_results")),J6<>"",J6<>"not_applicable"),AND(NOT(AND(D6="retain",OR(E6="report_internal_inconsistency",E6="plan_material"))),K6<>"",K6<>"not_applicable"),AND(NOT(AND(D6="retain",E6="protocol_report")),L6<>"",L6<>"not_applicable")),"CLEAR INACTIVE VALUES",IF(OR(NOT(OR(D6="retain",D6="exclude",D6="discuss")),NOT(OR(E6="statistical_results",E6="report_internal_inconsistency",E6="plan_material",E6="protocol_report")),AND(AND(D6="retain",E6="statistical_results"),NOT(OR(H6="confirmed_issue",H6="probable_issue",H6="not_issue",H6="indeterminate"))),AND(AND(D6="retain",E6="statistical_results"),NOT(OR(I6="substantive",I6="minor_presentation",I6="indeterminate"))),AND(AND(D6="retain",E6="statistical_results"),J6<>"",NOT(OR(J6="direct",J6="possible",J6="unlikely",J6="unknown"))),AND(AND(D6="retain",OR(E6="report_internal_inconsistency",E6="plan_material")),NOT(OR(K6="substantive_inconsistency",K6="minor_presentation",K6="non_inconsistency",K6="indeterminate"))),AND(AND(D6="retain",E6="protocol_report"),L6<>"",NOT(OR(L6="substantive_difference",L6="minor_presentation",L6="version_timing",L6="non_inconsistency",L6="indeterminate")))),"CHECK FIELDS",IF(AND(F6<>"",NOT(OR(F6="no",F6="primary_done"))),"CHECK COMPLETE",IF(F6<>"primary_done","PRIMARY DRAFT","PRIMARY READY")))))),"CHECK KEY / INPUT") | H6: confirmed_issue | I6: minor_presentation | J6: possible | K6: =IF(AND(OR(D6="retain",D6=""),OR(E6="report_internal_inconsistency",E6="plan_material")),"","not_applicable") | L6: =IF(AND(OR(D6="retain",D6=""),E6="protocol_report"),"","not_applicable") | R6: Abstract: '4 deaths (2.2%), 2 in each group'. With the enrolled cohort (96 + 166 = 262), 4/262 = 1.5%; Table 3 gives 2/96 (2.1%) and 2/166 (1.2%). No denominator yields 2.2% for 4 deaths in the paper (would need about 182). Counts are clear; the percentage is wrong.
A7: 2024::jama.2024.0318::C006 | B7: The same exploratory BMI subgroup boundary is labeled as both 35 or greater and greater than 35 | C7: jama_courcoulas_2024_oi_240004_1721756962.76052.pdf — PDF p. 7, Results narrative; joi240004supp2_prod_1721756962.82552.pdf — PDF p. 13, eFigure 6 title, legends, and explanatory text. | D7: retain | E7: report_internal_inconsistency | F7: primary_done | G7: =IFERROR(IF(LEN(TRIM(CLEAN(SUBSTITUTE(Setup!$B$2,CHAR(160)," "))))=0,"ENTER REVIEWER ID",IF(OR(A7="",COUNTIF($A$2:$A$7,A7)<>1,LEFT(A7,LEN("2024::jama.2024.0318::"))<>"2024::jama.2024.0318::"),"CHECK KEY",IF(OR(AND(NOT(AND(D7="retain",E7="statistical_results")),H7<>"",H7<>"not_applicable"),AND(NOT(AND(D7="retain",E7="statistical_results")),I7<>"",I7<>"not_applicable"),AND(NOT(AND(D7="retain",E7="statistical_results")),J7<>"",J7<>"not_applicable"),AND(NOT(AND(D7="retain",OR(E7="report_internal_inconsistency",E7="plan_material"))),K7<>"",K7<>"not_applicable"),AND(NOT(AND(D7="retain",E7="protocol_report")),L7<>"",L7<>"not_applicable")),"CLEAR INACTIVE VALUES",IF(OR(NOT(OR(D7="retain",D7="exclude",D7="discuss")),NOT(OR(E7="statistical_results",E7="report_internal_inconsistency",E7="plan_material",E7="protocol_report")),AND(AND(D7="retain",E7="statistical_results"),NOT(OR(H7="confirmed_issue",H7="probable_issue",H7="not_issue",H7="indeterminate"))),AND(AND(D7="retain",E7="statistical_results"),NOT(OR(I7="substantive",I7="minor_presentation",I7="indeterminate"))),AND(AND(D7="retain",E7="statistical_results"),J7<>"",NOT(OR(J7="direct",J7="possible",J7="unlikely",J7="unknown"))),AND(AND(D7="retain",OR(E7="report_internal_inconsistency",E7="plan_material")),NOT(OR(K7="substantive_inconsistency",K7="minor_presentation",K7="non_inconsistency",K7="indeterminate"))),AND(AND(D7="retain",E7="protocol_report"),L7<>"",NOT(OR(L7="substantive_difference",L7="minor_presentation",L7="version_timing",L7="non_inconsistency",L7="indeterminate")))),"CHECK FIELDS",IF(AND(F7<>"",NOT(OR(F7="no",F7="primary_done"))),"CHECK COMPLETE",IF(F7<>"primary_done","PRIMARY DRAFT","PRIMARY READY")))))),"CHECK KEY / INPUT") | H7: =IF(AND(OR(D7="retain",D7=""),E7="statistical_results"),"","not_applicable") | I7: =IF(AND(OR(D7="retain",D7=""),E7="statistical_results"),"","not_applicable") | J7: =IF(AND(OR(D7="retain",D7=""),E7="statistical_results"),"","not_applicable") | K7: minor_presentation | L7: =IF(AND(OR(D7="retain",D7=""),E7="protocol_report"),"","not_applicable") | R7: Main Results: BMI 27 to <35 vs 35 or greater. eFigure 6 title, text and legends: BMI <35 and >35 (leaves BMI exactly 35 unassigned). The figure label is an imprecise operator for the same exploratory subgroup; the main text definition is the complement of <35. Meaning clear.

Sheet C_jama.2024.0572
A1: Candidate key | B1: Candidate title | C1: Source location | D1: Disposition | E1: Review domain | F1: Complete | G1: Validation hint | H1: Statistcal_or_numerical issue | I1: Substantiveness | J1: Downstream impact | K1: Report-internal or planning-material inconsistency | L1: Protocol interpretation | R1: Notes (optional)
A2: 2024::jama.2024.0572::C001 | B2: ITT Figure 2 mRS distributions conflict with ITT eTable 2 threshold counts | C2: Main article Figure 2 — PDF p. 7; Supplement 5 eTable 2 — PDF p. 38; main Results population statement — PDF p. 4; and Supplement 5 eFigure 3 — PDF p. 8. | D2: retain | E2: statistical_results | F2: primary_done | G2: =IFERROR(IF(LEN(TRIM(CLEAN(SUBSTITUTE(Setup!$B$2,CHAR(160)," "))))=0,"ENTER REVIEWER ID",IF(OR(A2="",COUNTIF($A$2:$A$3,A2)<>1,LEFT(A2,LEN("2024::jama.2024.0572::"))<>"2024::jama.2024.0572::"),"CHECK KEY",IF(OR(AND(NOT(AND(D2="retain",E2="statistical_results")),H2<>"",H2<>"not_applicable"),AND(NOT(AND(D2="retain",E2="statistical_results")),I2<>"",I2<>"not_applicable"),AND(NOT(AND(D2="retain",E2="statistical_results")),J2<>"",J2<>"not_applicable"),AND(NOT(AND(D2="retain",OR(E2="report_internal_inconsistency",E2="plan_material"))),K2<>"",K2<>"not_applicable"),AND(NOT(AND(D2="retain",E2="protocol_report")),L2<>"",L2<>"not_applicable")),"CLEAR INACTIVE VALUES",IF(OR(NOT(OR(D2="retain",D2="exclude",D2="discuss")),NOT(OR(E2="statistical_results",E2="report_internal_inconsistency",E2="plan_material",E2="protocol_report")),AND(AND(D2="retain",E2="statistical_results"),NOT(OR(H2="confirmed_issue",H2="probable_issue",H2="not_issue",H2="indeterminate"))),AND(AND(D2="retain",E2="statistical_results"),NOT(OR(I2="substantive",I2="minor_presentation",I2="indeterminate"))),AND(AND(D2="retain",E2="statistical_results"),J2<>"",NOT(OR(J2="direct",J2="possible",J2="unlikely",J2="unknown"))),AND(AND(D2="retain",OR(E2="report_internal_inconsistency",E2="plan_material")),NOT(OR(K2="substantive_inconsistency",K2="minor_presentation",K2="non_inconsistency",K2="indeterminate"))),AND(AND(D2="retain",E2="protocol_report"),L2<>"",NOT(OR(L2="substantive_difference",L2="minor_presentation",L2="version_timing",L2="non_inconsistency",L2="indeterminate")))),"CHECK FIELDS",IF(AND(F2<>"",NOT(OR(F2="no",F2="primary_done"))),"CHECK COMPLETE",IF(F2<>"primary_done","PRIMARY DRAFT","PRIMARY READY")))))),"CHECK KEY / INPUT") | H2: confirmed_issue | I2: substantive | J2: direct | K2: =IF(AND(OR(D2="retain",D2=""),OR(E2="report_internal_inconsistency",E2="plan_material")),"","not_applicable") | L2: =IF(AND(OR(D2="retain",D2=""),E2="protocol_report"),"","not_applicable") | R2: Figure 2 (ITT, n=117+51 EVT, 119+49 MM) percentages each admit exactly one count vector summing to n. Implied mRS 0-2 = 39 EVT / 14 MM and 0-3 = 75 / 39, vs eTable 2 (ITT, 168/168) 34/12 and 65/31. mRS 5-6 (76/102) and deaths (62/70) agree, so the conflict sits in mRS 2-4. Exceeds any rounding.
A3: 2024::jama.2024.0572::C002 | B3: aRR is labeled as an absolute risk reduction but displayed and interpreted as a ratio | C3: Main narrative — PDF p. 6; Main Table 2 — PDF p. 7; Main Table 3 — PDF p. 9; trial SAP — PDF p. 17; secondary-analysis SAP — PDF p. 4; and Supplement 5 eTable 7 — PDF p. 43. | D3: retain | E3: report_internal_inconsistency | F3: primary_done | G3: =IFERROR(IF(LEN(TRIM(CLEAN(SUBSTITUTE(Setup!$B$2,CHAR(160)," "))))=0,"ENTER REVIEWER ID",IF(OR(A3="",COUNTIF($A$2:$A$3,A3)<>1,LEFT(A3,LEN("2024::jama.2024.0572::"))<>"2024::jama.2024.0572::"),"CHECK KEY",IF(OR(AND(NOT(AND(D3="retain",E3="statistical_results")),H3<>"",H3<>"not_applicable"),AND(NOT(AND(D3="retain",E3="statistical_results")),I3<>"",I3<>"not_applicable"),AND(NOT(AND(D3="retain",E3="statistical_results")),J3<>"",J3<>"not_applicable"),AND(NOT(AND(D3="retain",OR(E3="report_internal_inconsistency",E3="plan_material"))),K3<>"",K3<>"not_applicable"),AND(NOT(AND(D3="retain",E3="protocol_report")),L3<>"",L3<>"not_applicable")),"CLEAR INACTIVE VALUES",IF(OR(NOT(OR(D3="retain",D3="exclude",D3="discuss")),NOT(OR(E3="statistical_results",E3="report_internal_inconsistency",E3="plan_material",E3="protocol_report")),AND(AND(D3="retain",E3="statistical_results"),NOT(OR(H3="confirmed_issue",H3="probable_issue",H3="not_issue",H3="indeterminate"))),AND(AND(D3="retain",E3="statistical_results"),NOT(OR(I3="substantive",I3="minor_presentation",I3="indeterminate"))),AND(AND(D3="retain",E3="statistical_results"),J3<>"",NOT(OR(J3="direct",J3="possible",J3="unlikely",J3="unknown"))),AND(AND(D3="retain",OR(E3="report_internal_inconsistency",E3="plan_material")),NOT(OR(K3="substantive_inconsistency",K3="minor_presentation",K3="non_inconsistency",K3="indeterminate"))),AND(AND(D3="retain",E3="protocol_report"),L3<>"",NOT(OR(L3="substantive_difference",L3="minor_presentation",L3="version_timing",L3="non_inconsistency",L3="indeterminate")))),"CHECK FIELDS",IF(AND(F3<>"",NOT(OR(F3="no",F3="primary_done"))),"CHECK COMPLETE",IF(F3<>"primary_done","PRIMARY DRAFT","PRIMARY READY")))))),"CHECK KEY / INPUT") | H3: =IF(AND(OR(D3="retain",D3=""),E3="statistical_results"),"","not_applicable") | I3: =IF(AND(OR(D3="retain",D3=""),E3="statistical_results"),"","not_applicable") | J3: =IF(AND(OR(D3="retain",D3=""),E3="statistical_results"),"","not_applicable") | K3: minor_presentation | L3: =IF(AND(OR(D3="retain",D3=""),E3="protocol_report"),"","not_applicable") | R3: aRR is expanded as 'absolute risk reduction' in the Results text and Table 2/3 abbreviation lists, but values (e.g., 0.89, 1.33 with CI 0.52-3.44) are ratio-scale, footnotes say 'aRR greater than 1 indicates higher rate ratio', aRD is reported separately, and methods/SAP use modified Poisson (risk ratios). Wrong expansion; intended ratio meaning recoverable.

Sheet C_jama.2024.11057
A1: Candidate key | B1: Candidate title | C1: Source location | D1: Disposition | E1: Review domain | F1: Complete | G1: Validation hint | H1: Statistcal_or_numerical issue | I1: Substantiveness | J1: Downstream impact | K1: Report-internal or planning-material inconsistency | L1: Protocol interpretation | R1: Notes (optional)
A2: 2024::jama.2024.11057::C001 | B2: Quit-date pre-message duration conflicts between the main article and both support documents | C2: jama_graham_2024_oi_240078_1739900423.19074.pdf — PDF p. 3; joi240078supp1_prod_1739900423.22574.pdf — PDF p. 2; joi240078supp2_prod_1739900423.24574.pdf — PDF p. 2. | D2: retain | E2: report_internal_inconsistency | F2: primary_done | G2: =IFERROR(IF(LEN(TRIM(CLEAN(SUBSTITUTE(Setup!$B$2,CHAR(160)," "))))=0,"ENTER REVIEWER ID",IF(OR(A2="",COUNTIF($A$2:$A$4,A2)<>1,LEFT(A2,LEN("2024::jama.2024.11057::"))<>"2024::jama.2024.11057::"),"CHECK KEY",IF(OR(AND(NOT(AND(D2="retain",E2="statistical_results")),H2<>"",H2<>"not_applicable"),AND(NOT(AND(D2="retain",E2="statistical_results")),I2<>"",I2<>"not_applicable"),AND(NOT(AND(D2="retain",E2="statistical_results")),J2<>"",J2<>"not_applicable"),AND(NOT(AND(D2="retain",OR(E2="report_internal_inconsistency",E2="plan_material"))),K2<>"",K2<>"not_applicable"),AND(NOT(AND(D2="retain",E2="protocol_report")),L2<>"",L2<>"not_applicable")),"CLEAR INACTIVE VALUES",IF(OR(NOT(OR(D2="retain",D2="exclude",D2="discuss")),NOT(OR(E2="statistical_results",E2="report_internal_inconsistency",E2="plan_material",E2="protocol_report")),AND(AND(D2="retain",E2="statistical_results"),NOT(OR(H2="confirmed_issue",H2="probable_issue",H2="not_issue",H2="indeterminate"))),AND(AND(D2="retain",E2="statistical_results"),NOT(OR(I2="substantive",I2="minor_presentation",I2="indeterminate"))),AND(AND(D2="retain",E2="statistical_results"),J2<>"",NOT(OR(J2="direct",J2="possible",J2="unlikely",J2="unknown"))),AND(AND(D2="retain",OR(E2="report_internal_inconsistency",E2="plan_material")),NOT(OR(K2="substantive_inconsistency",K2="minor_presentation",K2="non_inconsistency",K2="indeterminate"))),AND(AND(D2="retain",E2="protocol_report"),L2<>"",NOT(OR(L2="substantive_difference",L2="minor_presentation",L2="version_timing",L2="non_inconsistency",L2="indeterminate")))),"CHECK FIELDS",IF(AND(F2<>"",NOT(OR(F2="no",F2="primary_done"))),"CHECK COMPLETE",IF(F2<>"primary_done","PRIMARY DRAFT","PRIMARY READY")))))),"CHECK KEY / INPUT") | H2: =IF(AND(OR(D2="retain",D2=""),E2="statistical_results"),"","not_applicable") | I2: =IF(AND(OR(D2="retain",D2=""),E2="statistical_results"),"","not_applicable") | J2: =IF(AND(OR(D2="retain",D2=""),E2="statistical_results"),"","not_applicable") | K2: substantive_inconsistency | L2: =IF(AND(OR(D2="retain",D2=""),E2="protocol_report"),"","not_applicable") | R2: Main Methods: quit-date users receive messages '6 weeks before and 8 weeks after' the quit date. Results supplement eAppendix A (same report) and the protocol both say 1 week before and 8 weeks after. The conflict is inside the current report materials, not only plan vs report. The pre-quit period is a core feature of intervention dose.
A3: 2024::jama.2024.11057::C002 | B3: eTable 4 labels motivation and confidence as median (IQR) but prints single parenthetical dispersion values | C3: joi240078supp2_prod_1739900423.24574.pdf — PDF p. 12, eTable 4; joi240078supp2_prod_1739900423.24574.pdf — PDF p. 13, scale footnote; jama_graham_2024_oi_240078_1739900423.19074.pdf — PDF p. 4, Table 1 comparator. | D3: retain | E3: report_internal_inconsistency | F3: primary_done | G3: =IFERROR(IF(LEN(TRIM(CLEAN(SUBSTITUTE(Setup!$B$2,CHAR(160)," "))))=0,"ENTER REVIEWER ID",IF(OR(A3="",COUNTIF($A$2:$A$4,A3)<>1,LEFT(A3,LEN("2024::jama.2024.11057::"))<>"2024::jama.2024.11057::"),"CHECK KEY",IF(OR(AND(NOT(AND(D3="retain",E3="statistical_results")),H3<>"",H3<>"not_applicable"),AND(NOT(AND(D3="retain",E3="statistical_results")),I3<>"",I3<>"not_applicable"),AND(NOT(AND(D3="retain",E3="statistical_results")),J3<>"",J3<>"not_applicable"),AND(NOT(AND(D3="retain",OR(E3="report_internal_inconsistency",E3="plan_material"))),K3<>"",K3<>"not_applicable"),AND(NOT(AND(D3="retain",E3="protocol_report")),L3<>"",L3<>"not_applicable")),"CLEAR INACTIVE VALUES",IF(OR(NOT(OR(D3="retain",D3="exclude",D3="discuss")),NOT(OR(E3="statistical_results",E3="report_internal_inconsistency",E3="plan_material",E3="protocol_report")),AND(AND(D3="retain",E3="statistical_results"),NOT(OR(H3="confirmed_issue",H3="probable_issue",H3="not_issue",H3="indeterminate"))),AND(AND(D3="retain",E3="statistical_results"),NOT(OR(I3="substantive",I3="minor_presentation",I3="indeterminate"))),AND(AND(D3="retain",E3="statistical_results"),J3<>"",NOT(OR(J3="direct",J3="possible",J3="unlikely",J3="unknown"))),AND(AND(D3="retain",OR(E3="report_internal_inconsistency",E3="plan_material")),NOT(OR(K3="substantive_inconsistency",K3="minor_presentation",K3="non_inconsistency",K3="indeterminate"))),AND(AND(D3="retain",E3="protocol_report"),L3<>"",NOT(OR(L3="substantive_difference",L3="minor_presentation",L3="version_timing",L3="non_inconsistency",L3="indeterminate")))),"CHECK FIELDS",IF(AND(F3<>"",NOT(OR(F3="no",F3="primary_done"))),"CHECK COMPLETE",IF(F3<>"primary_done","PRIMARY DRAFT","PRIMARY READY")))))),"CHECK KEY / INPUT") | H3: =IF(AND(OR(D3="retain",D3=""),E3="statistical_results"),"","not_applicable") | I3: =IF(AND(OR(D3="retain",D3=""),E3="statistical_results"),"","not_applicable") | J3: =IF(AND(OR(D3="retain",D3=""),E3="statistical_results"),"","not_applicable") | K3: minor_presentation | L3: =IF(AND(OR(D3="retain",D3=""),E3="protocol_report"),"","not_applicable") | R3: eTable 4 labels motivation and confidence 'median (IQR)' but prints 4.1 (0.8), 3.2 (1.1), 3.5 (1.1); single-item 1-5 integer scores cannot have median 4.1, so these are almost certainly mean (SD). Concern is labeled median (IQR) with endpoint pairs, the reverse of main Table 1 (motivation/confidence median IQR; concern mean SD). Label swap; values usable.
A4: 2024::jama.2024.11057::C003 | B4: eAppendix C prints IPWR once for a result otherwise defined and labelled as IPRW | C4: joi240078supp2_prod_1739900423.24574.pdf — PDF p. 5, eAppendix C; joi240078supp2_prod_1739900423.24574.pdf — PDF p. 14, eTable 5; jama_graham_2024_oi_240078_1739900423.19074.pdf — PDF p. 4, Statistical Methods. | D4: retain | E4: report_internal_inconsistency | F4: primary_done | G4: =IFERROR(IF(LEN(TRIM(CLEAN(SUBSTITUTE(Setup!$B$2,CHAR(160)," "))))=0,"ENTER REVIEWER ID",IF(OR(A4="",COUNTIF($A$2:$A$4,A4)<>1,LEFT(A4,LEN("2024::jama.2024.11057::"))<>"2024::jama.2024.11057::"),"CHECK KEY",IF(OR(AND(NOT(AND(D4="retain",E4="statistical_results")),H4<>"",H4<>"not_applicable"),AND(NOT(AND(D4="retain",E4="statistical_results")),I4<>"",I4<>"not_applicable"),AND(NOT(AND(D4="retain",E4="statistical_results")),J4<>"",J4<>"not_applicable"),AND(NOT(AND(D4="retain",OR(E4="report_internal_inconsistency",E4="plan_material"))),K4<>"",K4<>"not_applicable"),AND(NOT(AND(D4="retain",E4="protocol_report")),L4<>"",L4<>"not_applicable")),"CLEAR INACTIVE VALUES",IF(OR(NOT(OR(D4="retain",D4="exclude",D4="discuss")),NOT(OR(E4="statistical_results",E4="report_internal_inconsistency",E4="plan_material",E4="protocol_report")),AND(AND(D4="retain",E4="statistical_results"),NOT(OR(H4="confirmed_issue",H4="probable_issue",H4="not_issue",H4="indeterminate"))),AND(AND(D4="retain",E4="statistical_results"),NOT(OR(I4="substantive",I4="minor_presentation",I4="indeterminate"))),AND(AND(D4="retain",E4="statistical_results"),J4<>"",NOT(OR(J4="direct",J4="possible",J4="unlikely",J4="unknown"))),AND(AND(D4="retain",OR(E4="report_internal_inconsistency",E4="plan_material")),NOT(OR(K4="substantive_inconsistency",K4="minor_presentation",K4="non_inconsistency",K4="indeterminate"))),AND(AND(D4="retain",E4="protocol_report"),L4<>"",NOT(OR(L4="substantive_difference",L4="minor_presentation",L4="version_timing",L4="non_inconsistency",L4="indeterminate")))),"CHECK FIELDS",IF(AND(F4<>"",NOT(OR(F4="no",F4="primary_done"))),"CHECK COMPLETE",IF(F4<>"primary_done","PRIMARY DRAFT","PRIMARY READY")))))),"CHECK KEY / INPUT") | H4: =IF(AND(OR(D4="retain",D4=""),E4="statistical_results"),"","not_applicable") | I4: =IF(AND(OR(D4="retain",D4=""),E4="statistical_results"),"","not_applicable") | J4: =IF(AND(OR(D4="retain",D4=""),E4="statistical_results"),"","not_applicable") | K4: minor_presentation | L4: =IF(AND(OR(D4="retain",D4=""),E4="protocol_report"),"","not_applicable") | R4: eAppendix C defines and repeatedly uses IPRW (inverse probability of retention weighting) but writes 'IPWR' once for the repeated-PPA result (RR 2.21, 1.67-2.93); eTable 5 labels the same result IPRW. Typographic transposition; meaning unambiguous.

Sheet C_jama.2024.12829
A1: Candidate key | B1: Candidate title | C1: Source location | D1: Disposition | E1: Review domain | F1: Complete | G1: Validation hint | H1: Statistcal_or_numerical issue | I1: Substantiveness | J1: Downstream impact | K1: Report-internal or planning-material inconsistency | L1: Protocol interpretation | R1: Notes (optional)
A2: 2024::jama.2024.12829::C001 | B2: Balloon-angioplasty female percentage does not reconcile with count and denominator | C2: DOC-001 Table 1, PDF p. 6 | D2: retain | E2: statistical_results | F2: primary_done | G2: =IFERROR(IF(LEN(TRIM(CLEAN(SUBSTITUTE(Setup!$B$2,CHAR(160)," "))))=0,"ENTER REVIEWER ID",IF(OR(A2="",COUNTIF($A$2:$A$18,A2)<>1,LEFT(A2,LEN("2024::jama.2024.12829::"))<>"2024::jama.2024.12829::"),"CHECK KEY",IF(OR(AND(NOT(AND(D2="retain",E2="statistical_results")),H2<>"",H2<>"not_applicable"),AND(NOT(AND(D2="retain",E2="statistical_results")),I2<>"",I2<>"not_applicable"),AND(NOT(AND(D2="retain",E2="statistical_results")),J2<>"",J2<>"not_applicable"),AND(NOT(AND(D2="retain",OR(E2="report_internal_inconsistency",E2="plan_material"))),K2<>"",K2<>"not_applicable"),AND(NOT(AND(D2="retain",E2="protocol_report")),L2<>"",L2<>"not_applicable")),"CLEAR INACTIVE VALUES",IF(OR(NOT(OR(D2="retain",D2="exclude",D2="discuss")),NOT(OR(E2="statistical_results",E2="report_internal_inconsistency",E2="plan_material",E2="protocol_report")),AND(AND(D2="retain",E2="statistical_results"),NOT(OR(H2="confirmed_issue",H2="probable_issue",H2="not_issue",H2="indeterminate"))),AND(AND(D2="retain",E2="statistical_results"),NOT(OR(I2="substantive",I2="minor_presentation",I2="indeterminate"))),AND(AND(D2="retain",E2="statistical_results"),J2<>"",NOT(OR(J2="direct",J2="possible",J2="unlikely",J2="unknown"))),AND(AND(D2="retain",OR(E2="report_internal_inconsistency",E2="plan_material")),NOT(OR(K2="substantive_inconsistency",K2="minor_presentation",K2="non_inconsistency",K2="indeterminate"))),AND(AND(D2="retain",E2="protocol_report"),L2<>"",NOT(OR(L2="substantive_difference",L2="minor_presentation",L2="version_timing",L2="non_inconsistency",L2="indeterminate")))),"CHECK FIELDS",IF(AND(F2<>"",NOT(OR(F2="no",F2="primary_done"))),"CHECK COMPLETE",IF(F2<>"primary_done","PRIMARY DRAFT","PRIMARY READY")))))),"CHECK KEY / INPUT") | H2: confirmed_issue | I2: minor_presentation | J2: unlikely | K2: =IF(AND(OR(D2="retain",D2=""),OR(E2="report_internal_inconsistency",E2="plan_material")),"","not_applicable") | L2: =IF(AND(OR(D2="retain",D2=""),E2="protocol_report"),"","not_applicable") | R2: Table 1 BA female 77 (30.1); 77/249 = 30.9%. Male 172 (69.1) is correct and 172+77=249, so 30.1 looks like a digit transposition of 30.9. Count is correct and unambiguous.
A3: 2024::jama.2024.12829::C002 | B3: Balloon-angioplasty ischemic-stroke percentage is outside ordinary one-decimal rounding | C3: DOC-001 Table 1, PDF p. 6; DOC-002 Table S1, PDF p. 14 | D3: retain | E3: statistical_results | F3: primary_done | G3: =IFERROR(IF(LEN(TRIM(CLEAN(SUBSTITUTE(Setup!$B$2,CHAR(160)," "))))=0,"ENTER REVIEWER ID",IF(OR(A3="",COUNTIF($A$2:$A$18,A3)<>1,LEFT(A3,LEN("2024::jama.2024.12829::"))<>"2024::jama.2024.12829::"),"CHECK KEY",IF(OR(AND(NOT(AND(D3="retain",E3="statistical_results")),H3<>"",H3<>"not_applicable"),AND(NOT(AND(D3="retain",E3="statistical_results")),I3<>"",I3<>"not_applicable"),AND(NOT(AND(D3="retain",E3="statistical_results")),J3<>"",J3<>"not_applicable"),AND(NOT(AND(D3="retain",OR(E3="report_internal_inconsistency",E3="plan_material"))),K3<>"",K3<>"not_applicable"),AND(NOT(AND(D3="retain",E3="protocol_report")),L3<>"",L3<>"not_applicable")),"CLEAR INACTIVE VALUES",IF(OR(NOT(OR(D3="retain",D3="exclude",D3="discuss")),NOT(OR(E3="statistical_results",E3="report_internal_inconsistency",E3="plan_material",E3="protocol_report")),AND(AND(D3="retain",E3="statistical_results"),NOT(OR(H3="confirmed_issue",H3="probable_issue",H3="not_issue",H3="indeterminate"))),AND(AND(D3="retain",E3="statistical_results"),NOT(OR(I3="substantive",I3="minor_presentation",I3="indeterminate"))),AND(AND(D3="retain",E3="statistical_results"),J3<>"",NOT(OR(J3="direct",J3="possible",J3="unlikely",J3="unknown"))),AND(AND(D3="retain",OR(E3="report_internal_inconsistency",E3="plan_material")),NOT(OR(K3="substantive_inconsistency",K3="minor_presentation",K3="non_inconsistency",K3="indeterminate"))),AND(AND(D3="retain",E3="protocol_report"),L3<>"",NOT(OR(L3="substantive_difference",L3="minor_presentation",L3="version_timing",L3="non_inconsistency",L3="indeterminate")))),"CHECK FIELDS",IF(AND(F3<>"",NOT(OR(F3="no",F3="primary_done"))),"CHECK COMPLETE",IF(F3<>"primary_done","PRIMARY DRAFT","PRIMARY READY")))))),"CHECK KEY / INPUT") | H3: confirmed_issue | I3: minor_presentation | J3: unlikely | K3: =IF(AND(OR(D3="retain",D3=""),OR(E3="report_internal_inconsistency",E3="plan_material")),"","not_applicable") | L3: =IF(AND(OR(D3="retain",D3=""),E3="protocol_report"),"","not_applicable") | R3: BA ischemic stroke 215 (86.4) in Table 1 and Table S1; 215/249 = 86.345%, which rounds to 86.3 (complement 34/249 = 13.7 is right, so the pair sums to 100.1). Likely a double-rounding artifact (86.345 -> 86.35 -> 86.4); Table S1 shows the same pattern elsewhere (29/249 = 11.65 printed 11.7). Trivial 0.1-point error.
A4: 2024::jama.2024.12829::C003 | B4: Table S4 procedure rows use 241 while the column header states 249 | C4: DOC-002 Table S4, PDF p. 17 | D4: exclude | E4: statistical_results | F4: primary_done | G4: =IFERROR(IF(LEN(TRIM(CLEAN(SUBSTITUTE(Setup!$B$2,CHAR(160)," "))))=0,"ENTER REVIEWER ID",IF(OR(A4="",COUNTIF($A$2:$A$18,A4)<>1,LEFT(A4,LEN("2024::jama.2024.12829::"))<>"2024::jama.2024.12829::"),"CHECK KEY",IF(OR(AND(NOT(AND(D4="retain",E4="statistical_results")),H4<>"",H4<>"not_applicable"),AND(NOT(AND(D4="retain",E4="statistical_results")),I4<>"",I4<>"not_applicable"),AND(NOT(AND(D4="retain",E4="statistical_results")),J4<>"",J4<>"not_applicable"),AND(NOT(AND(D4="retain",OR(E4="report_internal_inconsistency",E4="plan_material"))),K4<>"",K4<>"not_applicable"),AND(NOT(AND(D4="retain",E4="protocol_report")),L4<>"",L4<>"not_applicable")),"CLEAR INACTIVE VALUES",IF(OR(NOT(OR(D4="retain",D4="exclude",D4="discuss")),NOT(OR(E4="statistical_results",E4="report_internal_inconsistency",E4="plan_material",E4="protocol_report")),AND(AND(D4="retain",E4="statistical_results"),NOT(OR(H4="confirmed_issue",H4="probable_issue",H4="not_issue",H4="indeterminate"))),AND(AND(D4="retain",E4="statistical_results"),NOT(OR(I4="substantive",I4="minor_presentation",I4="indeterminate"))),AND(AND(D4="retain",E4="statistical_results"),J4<>"",NOT(OR(J4="direct",J4="possible",J4="unlikely",J4="unknown"))),AND(AND(D4="retain",OR(E4="report_internal_inconsistency",E4="plan_material")),NOT(OR(K4="substantive_inconsistency",K4="minor_presentation",K4="non_inconsistency",K4="indeterminate"))),AND(AND(D4="retain",E4="protocol_report"),L4<>"",NOT(OR(L4="substantive_difference",L4="minor_presentation",L4="version_timing",L4="non_inconsistency",L4="indeterminate")))),"CHECK FIELDS",IF(AND(F4<>"",NOT(OR(F4="no",F4="primary_done"))),"CHECK COMPLETE",IF(F4<>"primary_done","PRIMARY DRAFT","PRIMARY READY")))))),"CHECK KEY / INPUT") | H4: =IF(AND(OR(D4="retain",D4=""),E4="statistical_results"),"","not_applicable") | I4: =IF(AND(OR(D4="retain",D4=""),E4="statistical_results"),"","not_applicable") | J4: =IF(AND(OR(D4="retain",D4=""),E4="statistical_results"),"","not_applicable") | K4: =IF(AND(OR(D4="retain",D4=""),OR(E4="report_internal_inconsistency",E4="plan_material")),"","not_applicable") | L4: =IF(AND(OR(D4="retain",D4=""),E4="protocol_report"),"","not_applicable") | R4: Not an error. Table S4's header n=249 carries footnote a, which states that 241 of 249 underwent BA (7 crossovers, 1 direct stenting). Procedure rows use 241 (182+48+11 = 241; 182/241 = 75.5%), and restenosis uses the footnoted 153. Denominators are disclosed.
A5: 2024::jama.2024.12829::C004 | B5: Table S6 BA 9 (3.9) conflicts with its displayed denominator 249 | C5: DOC-002 Table S6, PDF p. 19 | D5: retain | E5: statistical_results | F5: primary_done | G5: =IFERROR(IF(LEN(TRIM(CLEAN(SUBSTITUTE(Setup!$B$2,CHAR(160)," "))))=0,"ENTER REVIEWER ID",IF(OR(A5="",COUNTIF($A$2:$A$18,A5)<>1,LEFT(A5,LEN("2024::jama.2024.12829::"))<>"2024::jama.2024.12829::"),"CHECK KEY",IF(OR(AND(NOT(AND(D5="retain",E5="statistical_results")),H5<>"",H5<>"not_applicable"),AND(NOT(AND(D5="retain",E5="statistical_results")),I5<>"",I5<>"not_applicable"),AND(NOT(AND(D5="retain",E5="statistical_results")),J5<>"",J5<>"not_applicable"),AND(NOT(AND(D5="retain",OR(E5="report_internal_inconsistency",E5="plan_material"))),K5<>"",K5<>"not_applicable"),AND(NOT(AND(D5="retain",E5="protocol_report")),L5<>"",L5<>"not_applicable")),"CLEAR INACTIVE VALUES",IF(OR(NOT(OR(D5="retain",D5="exclude",D5="discuss")),NOT(OR(E5="statistical_results",E5="report_internal_inconsistency",E5="plan_material",E5="protocol_report")),AND(AND(D5="retain",E5="statistical_results"),NOT(OR(H5="confirmed_issue",H5="probable_issue",H5="not_issue",H5="indeterminate"))),AND(AND(D5="retain",E5="statistical_results"),NOT(OR(I5="substantive",I5="minor_presentation",I5="indeterminate"))),AND(AND(D5="retain",E5="statistical_results"),J5<>"",NOT(OR(J5="direct",J5="possible",J5="unlikely",J5="unknown"))),AND(AND(D5="retain",OR(E5="report_internal_inconsistency",E5="plan_material")),NOT(OR(K5="substantive_inconsistency",K5="minor_presentation",K5="non_inconsistency",K5="indeterminate"))),AND(AND(D5="retain",E5="protocol_report"),L5<>"",NOT(OR(L5="substantive_difference",L5="minor_presentation",L5="version_timing",L5="non_inconsistency",L5="indeterminate")))),"CHECK FIELDS",IF(AND(F5<>"",NOT(OR(F5="no",F5="primary_done"))),"CHECK COMPLETE",IF(F5<>"primary_done","PRIMARY DRAFT","PRIMARY READY")))))),"CHECK KEY / INPUT") | H5: confirmed_issue | I5: minor_presentation | J5: possible | K5: =IF(AND(OR(D5="retain",D5=""),OR(E5="report_internal_inconsistency",E5="plan_material")),"","not_applicable") | L5: =IF(AND(OR(D5="retain",D5=""),E5="protocol_report"),"","not_applicable") | R5: Table S6 (center-adjusted, header n=249) prints BA 9 (3.9); 9/249 = 3.6%. 9 (3.9) is identical to the per-protocol cell in Table S8 (9/233 = 3.9%), so the row appears copied from the PPS table. Same root error as C016 (count 9 vs 11); this item is the percentage/header facet.
A6: 2024::jama.2024.12829::C005 | B6: Table S7 group headers conflict with site totals and displayed site percentages | C6: DOC-002 Table S7, PDF p. 20; DOC-001 Figure 1, PDF p. 5; DOC-002 Table S10, PDF p. 23 | D6: retain | E6: statistical_results | F6: primary_done | G6: =IFERROR(IF(LEN(TRIM(CLEAN(SUBSTITUTE(Setup!$B$2,CHAR(160)," "))))=0,"ENTER REVIEWER ID",IF(OR(A6="",COUNTIF($A$2:$A$18,A6)<>1,LEFT(A6,LEN("2024::jama.2024.12829::"))<>"2024::jama.2024.12829::"),"CHECK KEY",IF(OR(AND(NOT(AND(D6="retain",E6="statistical_results")),H6<>"",H6<>"not_applicable"),AND(NOT(AND(D6="retain",E6="statistical_results")),I6<>"",I6<>"not_applicable"),AND(NOT(AND(D6="retain",E6="statistical_results")),J6<>"",J6<>"not_applicable"),AND(NOT(AND(D6="retain",OR(E6="report_internal_inconsistency",E6="plan_material"))),K6<>"",K6<>"not_applicable"),AND(NOT(AND(D6="retain",E6="protocol_report")),L6<>"",L6<>"not_applicable")),"CLEAR INACTIVE VALUES",IF(OR(NOT(OR(D6="retain",D6="exclude",D6="discuss")),NOT(OR(E6="statistical_results",E6="report_internal_inconsistency",E6="plan_material",E6="protocol_report")),AND(AND(D6="retain",E6="statistical_results"),NOT(OR(H6="confirmed_issue",H6="probable_issue",H6="not_issue",H6="indeterminate"))),AND(AND(D6="retain",E6="statistical_results"),NOT(OR(I6="substantive",I6="minor_presentation",I6="indeterminate"))),AND(AND(D6="retain",E6="statistical_results"),J6<>"",NOT(OR(J6="direct",J6="possible",J6="unlikely",J6="unknown"))),AND(AND(D6="retain",OR(E6="report_internal_inconsistency",E6="plan_material")),NOT(OR(K6="substantive_inconsistency",K6="minor_presentation",K6="non_inconsistency",K6="indeterminate"))),AND(AND(D6="retain",E6="protocol_report"),L6<>"",NOT(OR(L6="substantive_difference",L6="minor_presentation",L6="version_timing",L6="non_inconsistency",L6="indeterminate")))),"CHECK FIELDS",IF(AND(F6<>"",NOT(OR(F6="no",F6="primary_done"))),"CHECK COMPLETE",IF(F6<>"primary_done","PRIMARY DRAFT","PRIMARY READY")))))),"CHECK KEY / INPUT") | H6: confirmed_issue | I6: minor_presentation | J6: possible | K6: =IF(AND(OR(D6="retain",D6=""),OR(E6="report_internal_inconsistency",E6="plan_material")),"","not_applicable") | L6: =IF(AND(OR(D6="retain",D6=""),E6="protocol_report"),"","not_applicable") | R6: Table S7 headers say BA N=233 / AMM N=238 (the per-protocol sizes), but site totals are 256+245 = 501 and the cell percentages imply ITT denominators: BA 4/138 and 7/111 (= 249), AMM 19/118 and 15/134 (= 252); events 4+7 = 11 and 19+15 = 34 equal the ITT counts. Headers mislabel the analysis population.
A7: 2024::jama.2024.12829::C006 | B7: Table S8 per-protocol percentages conflict with headers 249/252 | C7: DOC-002 Table S8, PDF p. 21; DOC-001 Figure 1, PDF p. 5; DOC-002 Table S10, PDF p. 23 | D7: retain | E7: statistical_results | F7: primary_done | G7: =IFERROR(IF(LEN(TRIM(CLEAN(SUBSTITUTE(Setup!$B$2,CHAR(160)," "))))=0,"ENTER REVIEWER ID",IF(OR(A7="",COUNTIF($A$2:$A$18,A7)<>1,LEFT(A7,LEN("2024::jama.2024.12829::"))<>"2024::jama.2024.12829::"),"CHECK KEY",IF(OR(AND(NOT(AND(D7="retain",E7="statistical_results")),H7<>"",H7<>"not_applicable"),AND(NOT(AND(D7="retain",E7="statistical_results")),I7<>"",I7<>"not_applicable"),AND(NOT(AND(D7="retain",E7="statistical_results")),J7<>"",J7<>"not_applicable"),AND(NOT(AND(D7="retain",OR(E7="report_internal_inconsistency",E7="plan_material"))),K7<>"",K7<>"not_applicable"),AND(NOT(AND(D7="retain",E7="protocol_report")),L7<>"",L7<>"not_applicable")),"CLEAR INACTIVE VALUES",IF(OR(NOT(OR(D7="retain",D7="exclude",D7="discuss")),NOT(OR(E7="statistical_results",E7="report_internal_inconsistency",E7="plan_material",E7="protocol_report")),AND(AND(D7="retain",E7="statistical_results"),NOT(OR(H7="confirmed_issue",H7="probable_issue",H7="not_issue",H7="indeterminate"))),AND(AND(D7="retain",E7="statistical_results"),NOT(OR(I7="substantive",I7="minor_presentation",I7="indeterminate"))),AND(AND(D7="retain",E7="statistical_results"),J7<>"",NOT(OR(J7="direct",J7="possible",J7="unlikely",J7="unknown"))),AND(AND(D7="retain",OR(E7="report_internal_inconsistency",E7="plan_material")),NOT(OR(K7="substantive_inconsistency",K7="minor_presentation",K7="non_inconsistency",K7="indeterminate"))),AND(AND(D7="retain",E7="protocol_report"),L7<>"",NOT(OR(L7="substantive_difference",L7="minor_presentation",L7="version_timing",L7="non_inconsistency",L7="indeterminate")))),"CHECK FIELDS",IF(AND(F7<>"",NOT(OR(F7="no",F7="primary_done"))),"CHECK COMPLETE",IF(F7<>"primary_done","PRIMARY DRAFT","PRIMARY READY")))))),"CHECK KEY / INPUT") | H7: confirmed_issue | I7: minor_presentation | J7: possible | K7: =IF(AND(OR(D7="retain",D7=""),OR(E7="report_internal_inconsistency",E7="plan_material")),"","not_applicable") | L7: =IF(AND(OR(D7="retain",D7=""),E7="protocol_report"),"","not_applicable") | R7: Table S8 is titled per-protocol population but its headers print n=249/252 (ITT sizes). Every percentage reproduces from the PPS denominators 233/238 (9/233 = 3.9, 33/238 = 13.9, 6/233 = 2.6, 20/238 = 8.4), matching Figure 1 and Table S10. Header n is wrong; title identifies the population correctly.
A8: 2024::jama.2024.12829::C007 | B8: Table S9 as-treated percentages conflict with headers 249/252 | C8: DOC-002 Table S9, PDF p. 22; DOC-002 Table S10, PDF p. 23 | D8: retain | E8: statistical_results | F8: primary_done | G8: =IFERROR(IF(LEN(TRIM(CLEAN(SUBSTITUTE(Setup!$B$2,CHAR(160)," "))))=0,"ENTER REVIEWER ID",IF(OR(A8="",COUNTIF($A$2:$A$18,A8)<>1,LEFT(A8,LEN("2024::jama.2024.12829::"))<>"2024::jama.2024.12829::"),"CHECK KEY",IF(OR(AND(NOT(AND(D8="retain",E8="statistical_results")),H8<>"",H8<>"not_applicable"),AND(NOT(AND(D8="retain",E8="statistical_results")),I8<>"",I8<>"not_applicable"),AND(NOT(AND(D8="retain",E8="statistical_results")),J8<>"",J8<>"not_applicable"),AND(NOT(AND(D8="retain",OR(E8="report_internal_inconsistency",E8="plan_material"))),K8<>"",K8<>"not_applicable"),AND(NOT(AND(D8="retain",E8="protocol_report")),L8<>"",L8<>"not_applicable")),"CLEAR INACTIVE VALUES",IF(OR(NOT(OR(D8="retain",D8="exclude",D8="discuss")),NOT(OR(E8="statistical_results",E8="report_internal_inconsistency",E8="plan_material",E8="protocol_report")),AND(AND(D8="retain",E8="statistical_results"),NOT(OR(H8="confirmed_issue",H8="probable_issue",H8="not_issue",H8="indeterminate"))),AND(AND(D8="retain",E8="statistical_results"),NOT(OR(I8="substantive",I8="minor_presentation",I8="indeterminate"))),AND(AND(D8="retain",E8="statistical_results"),J8<>"",NOT(OR(J8="direct",J8="possible",J8="unlikely",J8="unknown"))),AND(AND(D8="retain",OR(E8="report_internal_inconsistency",E8="plan_material")),NOT(OR(K8="substantive_inconsistency",K8="minor_presentation",K8="non_inconsistency",K8="indeterminate"))),AND(AND(D8="retain",E8="protocol_report"),L8<>"",NOT(OR(L8="substantive_difference",L8="minor_presentation",L8="version_timing",L8="non_inconsistency",L8="indeterminate")))),"CHECK FIELDS",IF(AND(F8<>"",NOT(OR(F8="no",F8="primary_done"))),"CHECK COMPLETE",IF(F8<>"primary_done","PRIMARY DRAFT","PRIMARY READY")))))),"CHECK KEY / INPUT") | H8: confirmed_issue | I8: minor_presentation | J8: possible | K8: =IF(AND(OR(D8="retain",D8=""),OR(E8="report_internal_inconsistency",E8="plan_material")),"","not_applicable") | L8: =IF(AND(OR(D8="retain",D8=""),E8="protocol_report"),"","not_applicable") | R8: Table S9 is titled as-treated population but its headers print 249/252; primary-outcome percentages reproduce from the ATS sizes in Table S10 (11/247 = 4.5, 34/254 = 13.4). Header n is wrong; title is right. (The 8 (3.3) cell is a separate error, C014.)
A9: 2024::jama.2024.12829::C008 | B9: Baseline stenosis categories include values outside the stated 70%-99% eligibility range | C9: DOC-001 eligibility, PDF p. 2; DOC-001 Figure 1, PDF p. 5; DOC-001 Table 1, PDF p. 6 | D9: exclude | E9: statistical_results | F9: primary_done | G9: =IFERROR(IF(LEN(TRIM(CLEAN(SUBSTITUTE(Setup!$B$2,CHAR(160)," "))))=0,"ENTER REVIEWER ID",IF(OR(A9="",COUNTIF($A$2:$A$18,A9)<>1,LEFT(A9,LEN("2024::jama.2024.12829::"))<>"2024::jama.2024.12829::"),"CHECK KEY",IF(OR(AND(NOT(AND(D9="retain",E9="statistical_results")),H9<>"",H9<>"not_applicable"),AND(NOT(AND(D9="retain",E9="statistical_results")),I9<>"",I9<>"not_applicable"),AND(NOT(AND(D9="retain",E9="statistical_results")),J9<>"",J9<>"not_applicable"),AND(NOT(AND(D9="retain",OR(E9="report_internal_inconsistency",E9="plan_material"))),K9<>"",K9<>"not_applicable"),AND(NOT(AND(D9="retain",E9="protocol_report")),L9<>"",L9<>"not_applicable")),"CLEAR INACTIVE VALUES",IF(OR(NOT(OR(D9="retain",D9="exclude",D9="discuss")),NOT(OR(E9="statistical_results",E9="report_internal_inconsistency",E9="plan_material",E9="protocol_report")),AND(AND(D9="retain",E9="statistical_results"),NOT(OR(H9="confirmed_issue",H9="probable_issue",H9="not_issue",H9="indeterminate"))),AND(AND(D9="retain",E9="statistical_results"),NOT(OR(I9="substantive",I9="minor_presentation",I9="indeterminate"))),AND(AND(D9="retain",E9="statistical_results"),J9<>"",NOT(OR(J9="direct",J9="possible",J9="unlikely",J9="unknown"))),AND(AND(D9="retain",OR(E9="report_internal_inconsistency",E9="plan_material")),NOT(OR(K9="substantive_inconsistency",K9="minor_presentation",K9="non_inconsistency",K9="indeterminate"))),AND(AND(D9="retain",E9="protocol_report"),L9<>"",NOT(OR(L9="substantive_difference",L9="minor_presentation",L9="version_timing",L9="non_inconsistency",L9="indeterminate")))),"CHECK FIELDS",IF(AND(F9<>"",NOT(OR(F9="no",F9="primary_done"))),"CHECK COMPLETE",IF(F9<>"primary_done","PRIMARY DRAFT","PRIMARY READY")))))),"CHECK KEY / INPUT") | H9: =IF(AND(OR(D9="retain",D9=""),E9="statistical_results"),"","not_applicable") | I9: =IF(AND(OR(D9="retain",D9=""),E9="statistical_results"),"","not_applicable") | J9: =IF(AND(OR(D9="retain",D9=""),E9="statistical_results"),"","not_applicable") | K9: =IF(AND(OR(D9="retain",D9=""),OR(E9="report_internal_inconsistency",E9="plan_material")),"","not_applicable") | L9: =IF(AND(OR(D9="retain",D9=""),E9="protocol_report"),"","not_applicable") | R9: Not a reporting error. Figure 1 discloses that after adjudication 2 AMM patients had angiographic stenosis <70% and 1 patient per arm had target-artery occlusion; these were kept in the primary (randomized) population and removed from the per-protocol set. Table 1's 60-69% (AMM 2) and 100% (1 per arm) match exactly.
A10: 2024::jama.2024.12829::C009 | B10: Thirty-day follow-up tolerance is plus or minus 3 days in the supplement but plus or minus 7 days elsewhere | C10: DOC-002 study-design graphic, PDF p. 6; DOC-001 schedule, PDF p. 3; DOC-003 schedule, PDF p. 15 | D10: retain | E10: report_internal_inconsistency | F10: primary_done | G10: =IFERROR(IF(LEN(TRIM(CLEAN(SUBSTITUTE(Setup!$B$2,CHAR(160)," "))))=0,"ENTER REVIEWER ID",IF(OR(A10="",COUNTIF($A$2:$A$18,A10)<>1,LEFT(A10,LEN("2024::jama.2024.12829::"))<>"2024::jama.2024.12829::"),"CHECK KEY",IF(OR(AND(NOT(AND(D10="retain",E10="statistical_results")),H10<>"",H10<>"not_applicable"),AND(NOT(AND(D10="retain",E10="statistical_results")),I10<>"",I10<>"not_applicable"),AND(NOT(AND(D10="retain",E10="statistical_results")),J10<>"",J10<>"not_applicable"),AND(NOT(AND(D10="retain",OR(E10="report_internal_inconsistency",E10="plan_material"))),K10<>"",K10<>"not_applicable"),AND(NOT(AND(D10="retain",E10="protocol_report")),L10<>"",L10<>"not_applicable")),"CLEAR INACTIVE VALUES",IF(OR(NOT(OR(D10="retain",D10="exclude",D10="discuss")),NOT(OR(E10="statistical_results",E10="report_internal_inconsistency",E10="plan_material",E10="protocol_report")),AND(AND(D10="retain",E10="statistical_results"),NOT(OR(H10="confirmed_issue",H10="probable_issue",H10="not_issue",H10="indeterminate"))),AND(AND(D10="retain",E10="statistical_results"),NOT(OR(I10="substantive",I10="minor_presentation",I10="indeterminate"))),AND(AND(D10="retain",E10="statistical_results"),J10<>"",NOT(OR(J10="direct",J10="possible",J10="unlikely",J10="unknown"))),AND(AND(D10="retain",OR(E10="report_internal_inconsistency",E10="plan_material")),NOT(OR(K10="substantive_inconsistency",K10="minor_presentation",K10="non_inconsistency",K10="indeterminate"))),AND(AND(D10="retain",E10="protocol_report"),L10<>"",NOT(OR(L10="substantive_difference",L10="minor_presentation",L10="version_timing",L10="non_inconsistency",L10="indeterminate")))),"CHECK FIELDS",IF(AND(F10<>"",NOT(OR(F10="no",F10="primary_done"))),"CHECK COMPLETE",IF(F10<>"primary_done","PRIMARY DRAFT","PRIMARY READY")))))),"CHECK KEY / INPUT") | H10: =IF(AND(OR(D10="retain",D10=""),E10="statistical_results"),"","not_applicable") | I10: =IF(AND(OR(D10="retain",D10=""),E10="statistical_results"),"","not_applicable") | J10: =IF(AND(OR(D10="retain",D10=""),E10="statistical_results"),"","not_applicable") | K10: minor_presentation | L10: =IF(AND(OR(D10="retain",D10=""),E10="protocol_report"),"","not_applicable") | R10: Supplement study-design graphic shows the 30-day clinical follow-up as 30±3d; main Methods and all protocol schedules give 30±7 days. The conflict is between two report documents (main vs results supplement); the protocol agrees with the main text. Visit window only; outcome definitions (events within 30 days) are not affected.
A11: 2024::jama.2024.12829::C010 | B11: Protocol V2.0 gives 21-day and 14-day lower bounds for the same stroke criterion | C11: DOC-003 synopsis, PDF p. 7; DOC-003 body eligibility, PDF p. 21 | D11: retain | E11: plan_material | F11: primary_done | G11: =IFERROR(IF(LEN(TRIM(CLEAN(SUBSTITUTE(Setup!$B$2,CHAR(160)," "))))=0,"ENTER REVIEWER ID",IF(OR(A11="",COUNTIF($A$2:$A$18,A11)<>1,LEFT(A11,LEN("2024::jama.2024.12829::"))<>"2024::jama.2024.12829::"),"CHECK KEY",IF(OR(AND(NOT(AND(D11="retain",E11="statistical_results")),H11<>"",H11<>"not_applicable"),AND(NOT(AND(D11="retain",E11="statistical_results")),I11<>"",I11<>"not_applicable"),AND(NOT(AND(D11="retain",E11="statistical_results")),J11<>"",J11<>"not_applicable"),AND(NOT(AND(D11="retain",OR(E11="report_internal_inconsistency",E11="plan_material"))),K11<>"",K11<>"not_applicable"),AND(NOT(AND(D11="retain",E11="protocol_report")),L11<>"",L11<>"not_applicable")),"CLEAR INACTIVE VALUES",IF(OR(NOT(OR(D11="retain",D11="exclude",D11="discuss")),NOT(OR(E11="statistical_results",E11="report_internal_inconsistency",E11="plan_material",E11="protocol_report")),AND(AND(D11="retain",E11="statistical_results"),NOT(OR(H11="confirmed_issue",H11="probable_issue",H11="not_issue",H11="indeterminate"))),AND(AND(D11="retain",E11="statistical_results"),NOT(OR(I11="substantive",I11="minor_presentation",I11="indeterminate"))),AND(AND(D11="retain",E11="statistical_results"),J11<>"",NOT(OR(J11="direct",J11="possible",J11="unlikely",J11="unknown"))),AND(AND(D11="retain",OR(E11="report_internal_inconsistency",E11="plan_material")),NOT(OR(K11="substantive_inconsistency",K11="minor_presentation",K11="non_inconsistency",K11="indeterminate"))),AND(AND(D11="retain",E11="protocol_report"),L11<>"",NOT(OR(L11="substantive_difference",L11="minor_presentation",L11="version_timing",L11="non_inconsistency",L11="indeterminate")))),"CHECK FIELDS",IF(AND(F11<>"",NOT(OR(F11="no",F11="primary_done"))),"CHECK COMPLETE",IF(F11<>"primary_done","PRIMARY DRAFT","PRIMARY READY")))))),"CHECK KEY / INPUT") | H11: =IF(AND(OR(D11="retain",D11=""),E11="statistical_results"),"","not_applicable") | I11: =IF(AND(OR(D11="retain",D11=""),E11="statistical_results"),"","not_applicable") | J11: =IF(AND(OR(D11="retain",D11=""),E11="statistical_results"),"","not_applicable") | K11: substantive_inconsistency | L11: =IF(AND(OR(D11="retain",D11=""),E11="protocol_report"),"","not_applicable") | R11: Protocol V2.0 (original, 2018) gives the ischemic-stroke eligibility window as 21-90 days in the synopsis (p.7, p.9) and in the body (p.18), but 14-90 days in section 8.1 inclusion criteria (p.21). The change log says V2.1 (2020) changed it to 14-90 days, so V2.0 section 8.1 is inconsistent with the rest of V2.0. Eligibility window matters for periprocedural risk.
A12: 2024::jama.2024.12829::C011 | B12: BA 3-month aspirin percentage does not reconcile with count and displayed arm denominator | C12: DOC-002 Table S3, PDF p. 16 | D12: retain | E12: statistical_results | F12: primary_done | G12: =IFERROR(IF(LEN(TRIM(CLEAN(SUBSTITUTE(Setup!$B$2,CHAR(160)," "))))=0,"ENTER REVIEWER ID",IF(OR(A12="",COUNTIF($A$2:$A$18,A12)<>1,LEFT(A12,LEN("2024::jama.2024.12829::"))<>"2024::jama.2024.12829::"),"CHECK KEY",IF(OR(AND(NOT(AND(D12="retain",E12="statistical_results")),H12<>"",H12<>"not_applicable"),AND(NOT(AND(D12="retain",E12="statistical_results")),I12<>"",I12<>"not_applicable"),AND(NOT(AND(D12="retain",E12="statistical_results")),J12<>"",J12<>"not_applicable"),AND(NOT(AND(D12="retain",OR(E12="report_internal_inconsistency",E12="plan_material"))),K12<>"",K12<>"not_applicable"),AND(NOT(AND(D12="retain",E12="protocol_report")),L12<>"",L12<>"not_applicable")),"CLEAR INACTIVE VALUES",IF(OR(NOT(OR(D12="retain",D12="exclude",D12="discuss")),NOT(OR(E12="statistical_results",E12="report_internal_inconsistency",E12="plan_material",E12="protocol_report")),AND(AND(D12="retain",E12="statistical_results"),NOT(OR(H12="confirmed_issue",H12="probable_issue",H12="not_issue",H12="indeterminate"))),AND(AND(D12="retain",E12="statistical_results"),NOT(OR(I12="substantive",I12="minor_presentation",I12="indeterminate"))),AND(AND(D12="retain",E12="statistical_results"),J12<>"",NOT(OR(J12="direct",J12="possible",J12="unlikely",J12="unknown"))),AND(AND(D12="retain",OR(E12="report_internal_inconsistency",E12="plan_material")),NOT(OR(K12="substantive_inconsistency",K12="minor_presentation",K12="non_inconsistency",K12="indeterminate"))),AND(AND(D12="retain",E12="protocol_report"),L12<>"",NOT(OR(L12="substantive_difference",L12="minor_presentation",L12="version_timing",L12="non_inconsistency",L12="indeterminate")))),"CHECK FIELDS",IF(AND(F12<>"",NOT(OR(F12="no",F12="primary_done"))),"CHECK COMPLETE",IF(F12<>"primary_done","PRIMARY DRAFT","PRIMARY READY")))))),"CHECK KEY / INPUT") | H12: confirmed_issue | I12: minor_presentation | J12: unlikely | K12: =IF(AND(OR(D12="retain",D12=""),OR(E12="report_internal_inconsistency",E12="plan_material")),"","not_applicable") | L12: =IF(AND(OR(D12="retain",D12=""),E12="protocol_report"),"","not_applicable") | R12: Table S3 BA aspirin at 3 months 234 (93.9); 234/249 = 93.98%, which rounds to 94.0. Truncation would explain it, but the same table rounds elsewhere (e.g., 238/249 = 95.58 printed 95.6), so this cell is mis-rounded. Trivial.
A13: 2024::jama.2024.12829::C012 | B13: Figure S1 repeats “2nd meeting” for three chronologically distinct meetings | C13: DOC-002 Figure S1, PDF p. 10 | D13: retain | E13: report_internal_inconsistency | F13: primary_done | G13: =IFERROR(IF(LEN(TRIM(CLEAN(SUBSTITUTE(Setup!$B$2,CHAR(160)," "))))=0,"ENTER REVIEWER ID",IF(OR(A13="",COUNTIF($A$2:$A$18,A13)<>1,LEFT(A13,LEN("2024::jama.2024.12829::"))<>"2024::jama.2024.12829::"),"CHECK KEY",IF(OR(AND(NOT(AND(D13="retain",E13="statistical_results")),H13<>"",H13<>"not_applicable"),AND(NOT(AND(D13="retain",E13="statistical_results")),I13<>"",I13<>"not_applicable"),AND(NOT(AND(D13="retain",E13="statistical_results")),J13<>"",J13<>"not_applicable"),AND(NOT(AND(D13="retain",OR(E13="report_internal_inconsistency",E13="plan_material"))),K13<>"",K13<>"not_applicable"),AND(NOT(AND(D13="retain",E13="protocol_report")),L13<>"",L13<>"not_applicable")),"CLEAR INACTIVE VALUES",IF(OR(NOT(OR(D13="retain",D13="exclude",D13="discuss")),NOT(OR(E13="statistical_results",E13="report_internal_inconsistency",E13="plan_material",E13="protocol_report")),AND(AND(D13="retain",E13="statistical_results"),NOT(OR(H13="confirmed_issue",H13="probable_issue",H13="not_issue",H13="indeterminate"))),AND(AND(D13="retain",E13="statistical_results"),NOT(OR(I13="substantive",I13="minor_presentation",I13="indeterminate"))),AND(AND(D13="retain",E13="statistical_results"),J13<>"",NOT(OR(J13="direct",J13="possible",J13="unlikely",J13="unknown"))),AND(AND(D13="retain",OR(E13="report_internal_inconsistency",E13="plan_material")),NOT(OR(K13="substantive_inconsistency",K13="minor_presentation",K13="non_inconsistency",K13="indeterminate"))),AND(AND(D13="retain",E13="protocol_report"),L13<>"",NOT(OR(L13="substantive_difference",L13="minor_presentation",L13="version_timing",L13="non_inconsistency",L13="indeterminate")))),"CHECK FIELDS",IF(AND(F13<>"",NOT(OR(F13="no",F13="primary_done"))),"CHECK COMPLETE",IF(F13<>"primary_done","PRIMARY DRAFT","PRIMARY READY")))))),"CHECK KEY / INPUT") | H13: =IF(AND(OR(D13="retain",D13=""),E13="statistical_results"),"","not_applicable") | I13: =IF(AND(OR(D13="retain",D13=""),E13="statistical_results"),"","not_applicable") | J13: =IF(AND(OR(D13="retain",D13=""),E13="statistical_results"),"","not_applicable") | K13: minor_presentation | L13: =IF(AND(OR(D13="retain",D13=""),E13="protocol_report"),"","not_applicable") | R13: Figure S1 labels four CEC review meetings as 1st (2021/05/30), 2nd (2021/11/20), 2nd (2022/09/07), 2nd (2023/04/10). The last two should presumably be 3rd and 4th. Labeling error only; dates and case counts are clear.
A14: 2024::jama.2024.12829::C013 | B14: Recurring-visit sentence ambiguously repeats visit numbers 9 and 11 | C14: DOC-003 Protocol V2.0 paragraph, PDF p. 35; DOC-003 Protocol V2.3 paragraph, PDF p. 96; DOC-003 schedule, PDF p. 15 | D14: retain | E14: plan_material | F14: primary_done | G14: =IFERROR(IF(LEN(TRIM(CLEAN(SUBSTITUTE(Setup!$B$2,CHAR(160)," "))))=0,"ENTER REVIEWER ID",IF(OR(A14="",COUNTIF($A$2:$A$18,A14)<>1,LEFT(A14,LEN("2024::jama.2024.12829::"))<>"2024::jama.2024.12829::"),"CHECK KEY",IF(OR(AND(NOT(AND(D14="retain",E14="statistical_results")),H14<>"",H14<>"not_applicable"),AND(NOT(AND(D14="retain",E14="statistical_results")),I14<>"",I14<>"not_applicable"),AND(NOT(AND(D14="retain",E14="statistical_results")),J14<>"",J14<>"not_applicable"),AND(NOT(AND(D14="retain",OR(E14="report_internal_inconsistency",E14="plan_material"))),K14<>"",K14<>"not_applicable"),AND(NOT(AND(D14="retain",E14="protocol_report")),L14<>"",L14<>"not_applicable")),"CLEAR INACTIVE VALUES",IF(OR(NOT(OR(D14="retain",D14="exclude",D14="discuss")),NOT(OR(E14="statistical_results",E14="report_internal_inconsistency",E14="plan_material",E14="protocol_report")),AND(AND(D14="retain",E14="statistical_results"),NOT(OR(H14="confirmed_issue",H14="probable_issue",H14="not_issue",H14="indeterminate"))),AND(AND(D14="retain",E14="statistical_results"),NOT(OR(I14="substantive",I14="minor_presentation",I14="indeterminate"))),AND(AND(D14="retain",E14="statistical_results"),J14<>"",NOT(OR(J14="direct",J14="possible",J14="unlikely",J14="unknown"))),AND(AND(D14="retain",OR(E14="report_internal_inconsistency",E14="plan_material")),NOT(OR(K14="substantive_inconsistency",K14="minor_presentation",K14="non_inconsistency",K14="indeterminate"))),AND(AND(D14="retain",E14="protocol_report"),L14<>"",NOT(OR(L14="substantive_difference",L14="minor_presentation",L14="version_timing",L14="non_inconsistency",L14="indeterminate")))),"CHECK FIELDS",IF(AND(F14<>"",NOT(OR(F14="no",F14="primary_done"))),"CHECK COMPLETE",IF(F14<>"primary_done","PRIMARY DRAFT","PRIMARY READY")))))),"CHECK KEY / INPUT") | H14: =IF(AND(OR(D14="retain",D14=""),E14="statistical_results"),"","not_applicable") | I14: =IF(AND(OR(D14="retain",D14=""),E14="statistical_results"),"","not_applicable") | J14: =IF(AND(OR(D14="retain",D14=""),E14="statistical_results"),"","not_applicable") | K14: minor_presentation | L14: =IF(AND(OR(D14="retain",D14=""),E14="protocol_report"),"","not_applicable") | R14: Protocol V2.0 and V2.3 both say 'Follow-up every 6 months (visit 8, visit 9, visit 10, visit 11, visit 9, and visit 11 require patients to undergo face-to-face follow-up)'. Most plausible reading: visits 8-11 every 6 months, of which visits 9 and 11 are face-to-face; the schedule lists visits 8-11 as telephone interviews. Garbled wording, recoverable meaning.
A15: 2024::jama.2024.12829::C014 | B15: Table S9 BA 8 (3.3) does not round from either supplied ATS or displayed denominator | C15: DOC-002 Table S9, PDF p. 22; DOC-002 Table S10, PDF p. 23 | D15: retain | E15: statistical_results | F15: primary_done | G15: =IFERROR(IF(LEN(TRIM(CLEAN(SUBSTITUTE(Setup!$B$2,CHAR(160)," "))))=0,"ENTER REVIEWER ID",IF(OR(A15="",COUNTIF($A$2:$A$18,A15)<>1,LEFT(A15,LEN("2024::jama.2024.12829::"))<>"2024::jama.2024.12829::"),"CHECK KEY",IF(OR(AND(NOT(AND(D15="retain",E15="statistical_results")),H15<>"",H15<>"not_applicable"),AND(NOT(AND(D15="retain",E15="statistical_results")),I15<>"",I15<>"not_applicable"),AND(NOT(AND(D15="retain",E15="statistical_results")),J15<>"",J15<>"not_applicable"),AND(NOT(AND(D15="retain",OR(E15="report_internal_inconsistency",E15="plan_material"))),K15<>"",K15<>"not_applicable"),AND(NOT(AND(D15="retain",E15="protocol_report")),L15<>"",L15<>"not_applicable")),"CLEAR INACTIVE VALUES",IF(OR(NOT(OR(D15="retain",D15="exclude",D15="discuss")),NOT(OR(E15="statistical_results",E15="report_internal_inconsistency",E15="plan_material",E15="protocol_report")),AND(AND(D15="retain",E15="statistical_results"),NOT(OR(H15="confirmed_issue",H15="probable_issue",H15="not_issue",H15="indeterminate"))),AND(AND(D15="retain",E15="statistical_results"),NOT(OR(I15="substantive",I15="minor_presentation",I15="indeterminate"))),AND(AND(D15="retain",E15="statistical_results"),J15<>"",NOT(OR(J15="direct",J15="possible",J15="unlikely",J15="unknown"))),AND(AND(D15="retain",OR(E15="report_internal_inconsistency",E15="plan_material")),NOT(OR(K15="substantive_inconsistency",K15="minor_presentation",K15="non_inconsistency",K15="indeterminate"))),AND(AND(D15="retain",E15="protocol_report"),L15<>"",NOT(OR(L15="substantive_difference",L15="minor_presentation",L15="version_timing",L15="non_inconsistency",L15="indeterminate")))),"CHECK FIELDS",IF(AND(F15<>"",NOT(OR(F15="no",F15="primary_done"))),"CHECK COMPLETE",IF(F15<>"primary_done","PRIMARY DRAFT","PRIMARY READY")))))),"CHECK KEY / INPUT") | H15: confirmed_issue | I15: minor_presentation | J15: possible | K15: =IF(AND(OR(D15="retain",D15=""),OR(E15="report_internal_inconsistency",E15="plan_material")),"","not_applicable") | L15: =IF(AND(OR(D15="retain",D15=""),E15="protocol_report"),"","not_applicable") | R15: Table S9 (as-treated) BA 30-day stroke or death 8 (3.3): 8/247 = 3.24% and 8/249 = 3.21%, both 3.2%. No plausible denominator in the report gives 3.3% (would need about 242-246). Isolated mis-rounding or transcription.
A16: 2024::jama.2024.12829::C015 | B16: Narrative assigns all 11 pre-analysis exclusions to consent withdrawal while Figure 1 assigns only 10 | C16: DOC-001 narrative, PDF p. 4; DOC-001 Figure 1, PDF p. 5 | D16: retain | E16: report_internal_inconsistency | F16: primary_done | G16: =IFERROR(IF(LEN(TRIM(CLEAN(SUBSTITUTE(Setup!$B$2,CHAR(160)," "))))=0,"ENTER REVIEWER ID",IF(OR(A16="",COUNTIF($A$2:$A$18,A16)<>1,LEFT(A16,LEN("2024::jama.2024.12829::"))<>"2024::jama.2024.12829::"),"CHECK KEY",IF(OR(AND(NOT(AND(D16="retain",E16="statistical_results")),H16<>"",H16<>"not_applicable"),AND(NOT(AND(D16="retain",E16="statistical_results")),I16<>"",I16<>"not_applicable"),AND(NOT(AND(D16="retain",E16="statistical_results")),J16<>"",J16<>"not_applicable"),AND(NOT(AND(D16="retain",OR(E16="report_internal_inconsistency",E16="plan_material"))),K16<>"",K16<>"not_applicable"),AND(NOT(AND(D16="retain",E16="protocol_report")),L16<>"",L16<>"not_applicable")),"CLEAR INACTIVE VALUES",IF(OR(NOT(OR(D16="retain",D16="exclude",D16="discuss")),NOT(OR(E16="statistical_results",E16="report_internal_inconsistency",E16="plan_material",E16="protocol_report")),AND(AND(D16="retain",E16="statistical_results"),NOT(OR(H16="confirmed_issue",H16="probable_issue",H16="not_issue",H16="indeterminate"))),AND(AND(D16="retain",E16="statistical_results"),NOT(OR(I16="substantive",I16="minor_presentation",I16="indeterminate"))),AND(AND(D16="retain",E16="statistical_results"),J16<>"",NOT(OR(J16="direct",J16="possible",J16="unlikely",J16="unknown"))),AND(AND(D16="retain",OR(E16="report_internal_inconsistency",E16="plan_material")),NOT(OR(K16="substantive_inconsistency",K16="minor_presentation",K16="non_inconsistency",K16="indeterminate"))),AND(AND(D16="retain",E16="protocol_report"),L16<>"",NOT(OR(L16="substantive_difference",L16="minor_presentation",L16="version_timing",L16="non_inconsistency",L16="indeterminate")))),"CHECK FIELDS",IF(AND(F16<>"",NOT(OR(F16="no",F16="primary_done"))),"CHECK COMPLETE",IF(F16<>"primary_done","PRIMARY DRAFT","PRIMARY READY")))))),"CHECK KEY / INPUT") | H16: =IF(AND(OR(D16="retain",D16=""),E16="statistical_results"),"","not_applicable") | I16: =IF(AND(OR(D16="retain",D16=""),E16="statistical_results"),"","not_applicable") | J16: =IF(AND(OR(D16="retain",D16=""),E16="statistical_results"),"","not_applicable") | K16: minor_presentation | L16: =IF(AND(OR(D16="retain",D16=""),E16="protocol_report"),"","not_applicable") | R16: Results text: 'Eleven patients were excluded due to consent withdrawal'. Figure 1: BA 7 withdrew consent; AMM 3 withdrew consent plus 1 'not successfully recruited but assigned a randomization number in error'. Totals agree (512 - 11 = 501); one exclusion reason is misdescribed in the text.
A17: 2024::jama.2024.12829::C016 | B17: Table S6 BA event count 9 conflicts with the matched primary-analysis count 11 | C17: DOC-001 primary narrative, PDF p. 5; DOC-001 Table 2, PDF p. 8; DOC-002 Table S6, PDF p. 19 | D17: retain | E17: statistical_results | F17: primary_done | G17: =IFERROR(IF(LEN(TRIM(CLEAN(SUBSTITUTE(Setup!$B$2,CHAR(160)," "))))=0,"ENTER REVIEWER ID",IF(OR(A17="",COUNTIF($A$2:$A$18,A17)<>1,LEFT(A17,LEN("2024::jama.2024.12829::"))<>"2024::jama.2024.12829::"),"CHECK KEY",IF(OR(AND(NOT(AND(D17="retain",E17="statistical_results")),H17<>"",H17<>"not_applicable"),AND(NOT(AND(D17="retain",E17="statistical_results")),I17<>"",I17<>"not_applicable"),AND(NOT(AND(D17="retain",E17="statistical_results")),J17<>"",J17<>"not_applicable"),AND(NOT(AND(D17="retain",OR(E17="report_internal_inconsistency",E17="plan_material"))),K17<>"",K17<>"not_applicable"),AND(NOT(AND(D17="retain",E17="protocol_report")),L17<>"",L17<>"not_applicable")),"CLEAR INACTIVE VALUES",IF(OR(NOT(OR(D17="retain",D17="exclude",D17="discuss")),NOT(OR(E17="statistical_results",E17="report_internal_inconsistency",E17="plan_material",E17="protocol_report")),AND(AND(D17="retain",E17="statistical_results"),NOT(OR(H17="confirmed_issue",H17="probable_issue",H17="not_issue",H17="indeterminate"))),AND(AND(D17="retain",E17="statistical_results"),NOT(OR(I17="substantive",I17="minor_presentation",I17="indeterminate"))),AND(AND(D17="retain",E17="statistical_results"),J17<>"",NOT(OR(J17="direct",J17="possible",J17="unlikely",J17="unknown"))),AND(AND(D17="retain",OR(E17="report_internal_inconsistency",E17="plan_material")),NOT(OR(K17="substantive_inconsistency",K17="minor_presentation",K17="non_inconsistency",K17="indeterminate"))),AND(AND(D17="retain",E17="protocol_report"),L17<>"",NOT(OR(L17="substantive_difference",L17="minor_presentation",L17="version_timing",L17="non_inconsistency",L17="indeterminate")))),"CHECK FIELDS",IF(AND(F17<>"",NOT(OR(F17="no",F17="primary_done"))),"CHECK COMPLETE",IF(F17<>"primary_done","PRIMARY DRAFT","PRIMARY READY")))))),"CHECK KEY / INPUT") | H17: confirmed_issue | I17: substantive | J17: possible | K17: =IF(AND(OR(D17="retain",D17=""),OR(E17="report_internal_inconsistency",E17="plan_material")),"","not_applicable") | L17: =IF(AND(OR(D17="retain",D17=""),E17="protocol_report"),"","not_applicable") | R17: Table S6 (post hoc center-adjusted analysis of the primary outcome, BA n=249) gives 9 BA events; main text, Table 2 and Figure 2 give 11/249 (4.4%) for the same endpoint and population. AMM 34 agrees. The BA cell 9 (3.9) equals the per-protocol Table S8 cell, so it was probably copied from the wrong table. Primary-endpoint count conflict.
A18: 2024::jama.2024.12829::C017 | B18: One-year incidence-difference point estimate lies outside its confidence interval | C18: DOC-001 Table 2, PDF p. 8 | D18: retain | E18: statistical_results | F18: primary_done | G18: =IFERROR(IF(LEN(TRIM(CLEAN(SUBSTITUTE(Setup!$B$2,CHAR(160)," "))))=0,"ENTER REVIEWER ID",IF(OR(A18="",COUNTIF($A$2:$A$18,A18)<>1,LEFT(A18,LEN("2024::jama.2024.12829::"))<>"2024::jama.2024.12829::"),"CHECK KEY",IF(OR(AND(NOT(AND(D18="retain",E18="statistical_results")),H18<>"",H18<>"not_applicable"),AND(NOT(AND(D18="retain",E18="statistical_results")),I18<>"",I18<>"not_applicable"),AND(NOT(AND(D18="retain",E18="statistical_results")),J18<>"",J18<>"not_applicable"),AND(NOT(AND(D18="retain",OR(E18="report_internal_inconsistency",E18="plan_material"))),K18<>"",K18<>"not_applicable"),AND(NOT(AND(D18="retain",E18="protocol_report")),L18<>"",L18<>"not_applicable")),"CLEAR INACTIVE VALUES",IF(OR(NOT(OR(D18="retain",D18="exclude",D18="discuss")),NOT(OR(E18="statistical_results",E18="report_internal_inconsistency",E18="plan_material",E18="protocol_report")),AND(AND(D18="retain",E18="statistical_results"),NOT(OR(H18="confirmed_issue",H18="probable_issue",H18="not_issue",H18="indeterminate"))),AND(AND(D18="retain",E18="statistical_results"),NOT(OR(I18="substantive",I18="minor_presentation",I18="indeterminate"))),AND(AND(D18="retain",E18="statistical_results"),J18<>"",NOT(OR(J18="direct",J18="possible",J18="unlikely",J18="unknown"))),AND(AND(D18="retain",OR(E18="report_internal_inconsistency",E18="plan_material")),NOT(OR(K18="substantive_inconsistency",K18="minor_presentation",K18="non_inconsistency",K18="indeterminate"))),AND(AND(D18="retain",E18="protocol_report"),L18<>"",NOT(OR(L18="substantive_difference",L18="minor_presentation",L18="version_timing",L18="non_inconsistency",L18="indeterminate")))),"CHECK FIELDS",IF(AND(F18<>"",NOT(OR(F18="no",F18="primary_done"))),"CHECK COMPLETE",IF(F18<>"primary_done","PRIMARY DRAFT","PRIMARY READY")))))),"CHECK KEY / INPUT") | H18: confirmed_issue | I18: substantive | J18: direct | K18: =IF(AND(OR(D18="retain",D18=""),OR(E18="report_internal_inconsistency",E18="plan_material")),"","not_applicable") | L18: =IF(AND(OR(D18="retain",D18=""),E18="protocol_report"),"","not_applicable") | R18: Table 2, stroke outside qualifying-artery territory within 1 y: BA 3/249, AMM 4/252, difference -0.4 (95% CI -2.4 to -1.7). Wald recomputation gives -0.38 (-2.44 to 1.67), so the upper limit lost its sign. As printed, the CI excludes 0 and contradicts the row's P=.72 and HR 0.76 (0.17-3.40).

Sheet C_jama.2024.19585
A1: Candidate key | B1: Candidate title | C1: Source location | D1: Disposition | E1: Review domain | F1: Complete | G1: Validation hint | H1: Statistcal_or_numerical issue | I1: Substantiveness | J1: Downstream impact | K1: Report-internal or planning-material inconsistency | L1: Protocol interpretation | R1: Notes (optional)
A2: 2024::jama.2024.19585::C001 | B2: Usual-care exclusion hierarchy requires source-layout confirmation | C2: jama_dupuis_2024_oi_240111_1733431204.38761.pdf — Figure 1, PDF p. 5, usual-care branch. | D2: exclude | E2: statistical_results | F2: primary_done | G2: =IFERROR(IF(LEN(TRIM(CLEAN(SUBSTITUTE(Setup!$B$2,CHAR(160)," "))))=0,"ENTER REVIEWER ID",IF(OR(A2="",COUNTIF($A$2:$A$4,A2)<>1,LEFT(A2,LEN("2024::jama.2024.19585::"))<>"2024::jama.2024.19585::"),"CHECK KEY",IF(OR(AND(NOT(AND(D2="retain",E2="statistical_results")),H2<>"",H2<>"not_applicable"),AND(NOT(AND(D2="retain",E2="statistical_results")),I2<>"",I2<>"not_applicable"),AND(NOT(AND(D2="retain",E2="statistical_results")),J2<>"",J2<>"not_applicable"),AND(NOT(AND(D2="retain",OR(E2="report_internal_inconsistency",E2="plan_material"))),K2<>"",K2<>"not_applicable"),AND(NOT(AND(D2="retain",E2="protocol_report")),L2<>"",L2<>"not_applicable")),"CLEAR INACTIVE VALUES",IF(OR(NOT(OR(D2="retain",D2="exclude",D2="discuss")),NOT(OR(E2="statistical_results",E2="report_internal_inconsistency",E2="plan_material",E2="protocol_report")),AND(AND(D2="retain",E2="statistical_results"),NOT(OR(H2="confirmed_issue",H2="probable_issue",H2="not_issue",H2="indeterminate"))),AND(AND(D2="retain",E2="statistical_results"),NOT(OR(I2="substantive",I2="minor_presentation",I2="indeterminate"))),AND(AND(D2="retain",E2="statistical_results"),J2<>"",NOT(OR(J2="direct",J2="possible",J2="unlikely",J2="unknown"))),AND(AND(D2="retain",OR(E2="report_internal_inconsistency",E2="plan_material")),NOT(OR(K2="substantive_inconsistency",K2="minor_presentation",K2="non_inconsistency",K2="indeterminate"))),AND(AND(D2="retain",E2="protocol_report"),L2<>"",NOT(OR(L2="substantive_difference",L2="minor_presentation",L2="version_timing",L2="non_inconsistency",L2="indeterminate")))),"CHECK FIELDS",IF(AND(F2<>"",NOT(OR(F2="no",F2="primary_done"))),"CHECK COMPLETE",IF(F2<>"primary_done","PRIMARY DRAFT","PRIMARY READY")))))),"CHECK KEY / INPUT") | H2: =IF(AND(OR(D2="retain",D2=""),E2="statistical_results"),"","not_applicable") | I2: =IF(AND(OR(D2="retain",D2=""),E2="statistical_results"),"","not_applicable") | J2: =IF(AND(OR(D2="retain",D2=""),E2="statistical_results"),"","not_applicable") | K2: =IF(AND(OR(D2="retain",D2=""),OR(E2="report_internal_inconsistency",E2="plan_material")),"","not_applicable") | L2: =IF(AND(OR(D2="retain",D2=""),E2="protocol_report"),"","not_applicable") | R2: Not an error. In Figure 1's usual-care branch, 13 'Physician preference' is a parent of 7 + 4 + 2 (indented), and the top-level reasons 13+15+14+7+4+3+2 = 58 equal the printed total. Flow reconciles: 323-58 = 265; 265-41 = 224; 213+11 = 224. Same convention in the intervention branch (42 = 32+4+2+4; 99 total).
A3: 2024::jama.2024.19585::C002 | B3: Main-text rejected-statement percentage conflicts with the supplement counts | C3: jama_dupuis_2024_oi_240111_1733431204.38761.pdf — narrative, PDF p. 2 and joi240111supp2_prod_1733431204.76024.pdf — eTable 3, PDF p. 6. | D3: retain | E3: statistical_results | F3: primary_done | G3: =IFERROR(IF(LEN(TRIM(CLEAN(SUBSTITUTE(Setup!$B$2,CHAR(160)," "))))=0,"ENTER REVIEWER ID",IF(OR(A3="",COUNTIF($A$2:$A$4,A3)<>1,LEFT(A3,LEN("2024::jama.2024.19585::"))<>"2024::jama.2024.19585::"),"CHECK KEY",IF(OR(AND(NOT(AND(D3="retain",E3="statistical_results")),H3<>"",H3<>"not_applicable"),AND(NOT(AND(D3="retain",E3="statistical_results")),I3<>"",I3<>"not_applicable"),AND(NOT(AND(D3="retain",E3="statistical_results")),J3<>"",J3<>"not_applicable"),AND(NOT(AND(D3="retain",OR(E3="report_internal_inconsistency",E3="plan_material"))),K3<>"",K3<>"not_applicable"),AND(NOT(AND(D3="retain",E3="protocol_report")),L3<>"",L3<>"not_applicable")),"CLEAR INACTIVE VALUES",IF(OR(NOT(OR(D3="retain",D3="exclude",D3="discuss")),NOT(OR(E3="statistical_results",E3="report_internal_inconsistency",E3="plan_material",E3="protocol_report")),AND(AND(D3="retain",E3="statistical_results"),NOT(OR(H3="confirmed_issue",H3="probable_issue",H3="not_issue",H3="indeterminate"))),AND(AND(D3="retain",E3="statistical_results"),NOT(OR(I3="substantive",I3="minor_presentation",I3="indeterminate"))),AND(AND(D3="retain",E3="statistical_results"),J3<>"",NOT(OR(J3="direct",J3="possible",J3="unlikely",J3="unknown"))),AND(AND(D3="retain",OR(E3="report_internal_inconsistency",E3="plan_material")),NOT(OR(K3="substantive_inconsistency",K3="minor_presentation",K3="non_inconsistency",K3="indeterminate"))),AND(AND(D3="retain",E3="protocol_report"),L3<>"",NOT(OR(L3="substantive_difference",L3="minor_presentation",L3="version_timing",L3="non_inconsistency",L3="indeterminate")))),"CHECK FIELDS",IF(AND(F3<>"",NOT(OR(F3="no",F3="primary_done"))),"CHECK COMPLETE",IF(F3<>"primary_done","PRIMARY DRAFT","PRIMARY READY")))))),"CHECK KEY / INPUT") | H3: confirmed_issue | I3: substantive | J3: possible | K3: =IF(AND(OR(D3="retain",D3=""),OR(E3="report_internal_inconsistency",E3="plan_material")),"","not_applicable") | L3: =IF(AND(OR(D3="retain",D3=""),E3="protocol_report"),"","not_applicable") | R3: Main text: 40.8% adopted, 48.7% adapted, 6.4% rejected across intervention sites (sums to 95.9%). eTable 3 site counts (10 sites x 135 statements) give keep 551, adapt 657, reject 142 of 1350 = 40.8%, 48.7%, 10.5%. The 6.4% is wrong; the site range 3.7%-18.5% in the text matches eTable 3.
A4: 2024::jama.2024.19585::C003 | B4: eTable 10 labels logistic-regression odds ratios as differences | C4: joi240111supp2_prod_1733431204.76024.pdf — eTable 10 start, PDF p. 13; joi240111supp2_prod_1733431204.76024.pdf — eTable 10 continued values, PDF p. 14; joi240111supp2_prod_1733431204.76024.pdf — eTable 10 footnote, PDF p. 15; and joi240111supp2_prod_1733431204.76024.pdf — eMethods, PDF p. 22. | D4: retain | E4: report_internal_inconsistency | F4: primary_done | G4: =IFERROR(IF(LEN(TRIM(CLEAN(SUBSTITUTE(Setup!$B$2,CHAR(160)," "))))=0,"ENTER REVIEWER ID",IF(OR(A4="",COUNTIF($A$2:$A$4,A4)<>1,LEFT(A4,LEN("2024::jama.2024.19585::"))<>"2024::jama.2024.19585::"),"CHECK KEY",IF(OR(AND(NOT(AND(D4="retain",E4="statistical_results")),H4<>"",H4<>"not_applicable"),AND(NOT(AND(D4="retain",E4="statistical_results")),I4<>"",I4<>"not_applicable"),AND(NOT(AND(D4="retain",E4="statistical_results")),J4<>"",J4<>"not_applicable"),AND(NOT(AND(D4="retain",OR(E4="report_internal_inconsistency",E4="plan_material"))),K4<>"",K4<>"not_applicable"),AND(NOT(AND(D4="retain",E4="protocol_report")),L4<>"",L4<>"not_applicable")),"CLEAR INACTIVE VALUES",IF(OR(NOT(OR(D4="retain",D4="exclude",D4="discuss")),NOT(OR(E4="statistical_results",E4="report_internal_inconsistency",E4="plan_material",E4="protocol_report")),AND(AND(D4="retain",E4="statistical_results"),NOT(OR(H4="confirmed_issue",H4="probable_issue",H4="not_issue",H4="indeterminate"))),AND(AND(D4="retain",E4="statistical_results"),NOT(OR(I4="substantive",I4="minor_presentation",I4="indeterminate"))),AND(AND(D4="retain",E4="statistical_results"),J4<>"",NOT(OR(J4="direct",J4="possible",J4="unlikely",J4="unknown"))),AND(AND(D4="retain",OR(E4="report_internal_inconsistency",E4="plan_material")),NOT(OR(K4="substantive_inconsistency",K4="minor_presentation",K4="non_inconsistency",K4="indeterminate"))),AND(AND(D4="retain",E4="protocol_report"),L4<>"",NOT(OR(L4="substantive_difference",L4="minor_presentation",L4="version_timing",L4="non_inconsistency",L4="indeterminate")))),"CHECK FIELDS",IF(AND(F4<>"",NOT(OR(F4="no",F4="primary_done"))),"CHECK COMPLETE",IF(F4<>"primary_done","PRIMARY DRAFT","PRIMARY READY")))))),"CHECK KEY / INPUT") | H4: =IF(AND(OR(D4="retain",D4=""),E4="statistical_results"),"","not_applicable") | I4: =IF(AND(OR(D4="retain",D4=""),E4="statistical_results"),"","not_applicable") | J4: =IF(AND(OR(D4="retain",D4=""),E4="statistical_results"),"","not_applicable") | K4: minor_presentation | L4: =IF(AND(OR(D4="retain",D4=""),E4="protocol_report"),"","not_applicable") | R4: eTable 10 columns are headed 'Difference (95% CI)', but eMethods states these documentation/any-intervention/symptom-specific analyses fit (mixed-effects) logistic regression to estimate odds ratios, and the values (e.g., 0.53 (0.28, 1.01); 13 (0.58, 291.4)) are ratio-scale around 1. Mislabelled effect measure; ratio meaning recoverable from methods.

Sheet C_jama.2024.2302
A1: Candidate key | B1: Candidate title | C1: Source location | D1: Disposition | E1: Review domain | F1: Complete | G1: Validation hint | H1: Statistcal_or_numerical issue | I1: Substantiveness | J1: Downstream impact | K1: Report-internal or planning-material inconsistency | L1: Protocol interpretation | R1: Notes (optional)
A2: 2024::jama.2024.2302::C001 | B2: Primary SAE endpoint threshold label | C2: main article — PDF p. 6, Table 2; results supplement — PDF p. 5, eTable 2; protocol — PDF p. 2; SAP — PDF p. 4. | D2: retain | E2: report_internal_inconsistency | F2: primary_done | G2: =IFERROR(IF(LEN(TRIM(CLEAN(SUBSTITUTE(Setup!$B$2,CHAR(160)," "))))=0,"ENTER REVIEWER ID",IF(OR(A2="",COUNTIF($A$2:$A$6,A2)<>1,LEFT(A2,LEN("2024::jama.2024.2302::"))<>"2024::jama.2024.2302::"),"CHECK KEY",IF(OR(AND(NOT(AND(D2="retain",E2="statistical_results")),H2<>"",H2<>"not_applicable"),AND(NOT(AND(D2="retain",E2="statistical_results")),I2<>"",I2<>"not_applicable"),AND(NOT(AND(D2="retain",E2="statistical_results")),J2<>"",J2<>"not_applicable"),AND(NOT(AND(D2="retain",OR(E2="report_internal_inconsistency",E2="plan_material"))),K2<>"",K2<>"not_applicable"),AND(NOT(AND(D2="retain",E2="protocol_report")),L2<>"",L2<>"not_applicable")),"CLEAR INACTIVE VALUES",IF(OR(NOT(OR(D2="retain",D2="exclude",D2="discuss")),NOT(OR(E2="statistical_results",E2="report_internal_inconsistency",E2="plan_material",E2="protocol_report")),AND(AND(D2="retain",E2="statistical_results"),NOT(OR(H2="confirmed_issue",H2="probable_issue",H2="not_issue",H2="indeterminate"))),AND(AND(D2="retain",E2="statistical_results"),NOT(OR(I2="substantive",I2="minor_presentation",I2="indeterminate"))),AND(AND(D2="retain",E2="statistical_results"),J2<>"",NOT(OR(J2="direct",J2="possible",J2="unlikely",J2="unknown"))),AND(AND(D2="retain",OR(E2="report_internal_inconsistency",E2="plan_material")),NOT(OR(K2="substantive_inconsistency",K2="minor_presentation",K2="non_inconsistency",K2="indeterminate"))),AND(AND(D2="retain",E2="protocol_report"),L2<>"",NOT(OR(L2="substantive_difference",L2="minor_presentation",L2="version_timing",L2="non_inconsistency",L2="indeterminate")))),"CHECK FIELDS",IF(AND(F2<>"",NOT(OR(F2="no",F2="primary_done"))),"CHECK COMPLETE",IF(F2<>"primary_done","PRIMARY DRAFT","PRIMARY READY")))))),"CHECK KEY / INPUT") | H2: =IF(AND(OR(D2="retain",D2=""),E2="statistical_results"),"","not_applicable") | I2: =IF(AND(OR(D2="retain",D2=""),E2="statistical_results"),"","not_applicable") | J2: =IF(AND(OR(D2="retain",D2=""),E2="statistical_results"),"","not_applicable") | K2: minor_presentation | L2: =IF(AND(OR(D2="retain",D2=""),E2="protocol_report"),"","not_applicable") | R2: Main Table 2 labels the primary outcome 'Had ≥1 serious adverse event' (44/159, 27/149); results eTable 2 labels the same counts 'Infant had > 1 SAE'. Protocol says '>1 SAE' throughout; SAP mixes '>1' (p.2) with 'at least one'/'≥1'/'any SAEs' (p.3, 4, 7). Identical counts show one outcome; '>1' reads as a lost '≥'. Label error, not a different endpoint.
A3: 2024::jama.2024.2302::C002 | B3: Planned hospital-day medians | C3: protocol — PDF p. 3; protocol — PDF p. 12; SAP — PDF p. 3. | D3: retain | E3: plan_material | F3: primary_done | G3: =IFERROR(IF(LEN(TRIM(CLEAN(SUBSTITUTE(Setup!$B$2,CHAR(160)," "))))=0,"ENTER REVIEWER ID",IF(OR(A3="",COUNTIF($A$2:$A$6,A3)<>1,LEFT(A3,LEN("2024::jama.2024.2302::"))<>"2024::jama.2024.2302::"),"CHECK KEY",IF(OR(AND(NOT(AND(D3="retain",E3="statistical_results")),H3<>"",H3<>"not_applicable"),AND(NOT(AND(D3="retain",E3="statistical_results")),I3<>"",I3<>"not_applicable"),AND(NOT(AND(D3="retain",E3="statistical_results")),J3<>"",J3<>"not_applicable"),AND(NOT(AND(D3="retain",OR(E3="report_internal_inconsistency",E3="plan_material"))),K3<>"",K3<>"not_applicable"),AND(NOT(AND(D3="retain",E3="protocol_report")),L3<>"",L3<>"not_applicable")),"CLEAR INACTIVE VALUES",IF(OR(NOT(OR(D3="retain",D3="exclude",D3="discuss")),NOT(OR(E3="statistical_results",E3="report_internal_inconsistency",E3="plan_material",E3="protocol_report")),AND(AND(D3="retain",E3="statistical_results"),NOT(OR(H3="confirmed_issue",H3="probable_issue",H3="not_issue",H3="indeterminate"))),AND(AND(D3="retain",E3="statistical_results"),NOT(OR(I3="substantive",I3="minor_presentation",I3="indeterminate"))),AND(AND(D3="retain",E3="statistical_results"),J3<>"",NOT(OR(J3="direct",J3="possible",J3="unlikely",J3="unknown"))),AND(AND(D3="retain",OR(E3="report_internal_inconsistency",E3="plan_material")),NOT(OR(K3="substantive_inconsistency",K3="minor_presentation",K3="non_inconsistency",K3="indeterminate"))),AND(AND(D3="retain",E3="protocol_report"),L3<>"",NOT(OR(L3="substantive_difference",L3="minor_presentation",L3="version_timing",L3="non_inconsistency",L3="indeterminate")))),"CHECK FIELDS",IF(AND(F3<>"",NOT(OR(F3="no",F3="primary_done"))),"CHECK COMPLETE",IF(F3<>"primary_done","PRIMARY DRAFT","PRIMARY READY")))))),"CHECK KEY / INPUT") | H3: =IF(AND(OR(D3="retain",D3=""),E3="statistical_results"),"","not_applicable") | I3: =IF(AND(OR(D3="retain",D3=""),E3="statistical_results"),"","not_applicable") | J3: =IF(AND(OR(D3="retain",D3=""),E3="statistical_results"),"","not_applicable") | K3: minor_presentation | L3: =IF(AND(OR(D3="retain",D3=""),E3="protocol_report"),"","not_applicable") | R3: Protocol p.3 states planned median hospital days 18 (early) vs 15 (late); protocol p.12 power text uses median 8/5 (means 18/13). The SAP explicitly flags the p.3 values as incorrect and gives 8 vs 5. Real within-protocol inconsistency in a secondary-outcome planning assumption, disclosed and corrected in the SAP.
A4: 2024::jama.2024.2302::C003 | B4: Bayesian intervention priors | C4: main article — PDF p. 4; SAP — PDF p. 8. | D4: retain | E4: protocol_report | F4: primary_done | G4: =IFERROR(IF(LEN(TRIM(CLEAN(SUBSTITUTE(Setup!$B$2,CHAR(160)," "))))=0,"ENTER REVIEWER ID",IF(OR(A4="",COUNTIF($A$2:$A$6,A4)<>1,LEFT(A4,LEN("2024::jama.2024.2302::"))<>"2024::jama.2024.2302::"),"CHECK KEY",IF(OR(AND(NOT(AND(D4="retain",E4="statistical_results")),H4<>"",H4<>"not_applicable"),AND(NOT(AND(D4="retain",E4="statistical_results")),I4<>"",I4<>"not_applicable"),AND(NOT(AND(D4="retain",E4="statistical_results")),J4<>"",J4<>"not_applicable"),AND(NOT(AND(D4="retain",OR(E4="report_internal_inconsistency",E4="plan_material"))),K4<>"",K4<>"not_applicable"),AND(NOT(AND(D4="retain",E4="protocol_report")),L4<>"",L4<>"not_applicable")),"CLEAR INACTIVE VALUES",IF(OR(NOT(OR(D4="retain",D4="exclude",D4="discuss")),NOT(OR(E4="statistical_results",E4="report_internal_inconsistency",E4="plan_material",E4="protocol_report")),AND(AND(D4="retain",E4="statistical_results"),NOT(OR(H4="confirmed_issue",H4="probable_issue",H4="not_issue",H4="indeterminate"))),AND(AND(D4="retain",E4="statistical_results"),NOT(OR(I4="substantive",I4="minor_presentation",I4="indeterminate"))),AND(AND(D4="retain",E4="statistical_results"),J4<>"",NOT(OR(J4="direct",J4="possible",J4="unlikely",J4="unknown"))),AND(AND(D4="retain",OR(E4="report_internal_inconsistency",E4="plan_material")),NOT(OR(K4="substantive_inconsistency",K4="minor_presentation",K4="non_inconsistency",K4="indeterminate"))),AND(AND(D4="retain",E4="protocol_report"),L4<>"",NOT(OR(L4="substantive_difference",L4="minor_presentation",L4="version_timing",L4="non_inconsistency",L4="indeterminate")))),"CHECK FIELDS",IF(AND(F4<>"",NOT(OR(F4="no",F4="primary_done"))),"CHECK COMPLETE",IF(F4<>"primary_done","PRIMARY DRAFT","PRIMARY READY")))))),"CHECK KEY / INPUT") | H4: =IF(AND(OR(D4="retain",D4=""),E4="statistical_results"),"","not_applicable") | I4: =IF(AND(OR(D4="retain",D4=""),E4="statistical_results"),"","not_applicable") | J4: =IF(AND(OR(D4="retain",D4=""),E4="statistical_results"),"","not_applicable") | K4: =IF(AND(OR(D4="retain",D4=""),OR(E4="report_internal_inconsistency",E4="plan_material")),"","not_applicable") | L4: substantive_difference | R4: Main Methods: neutral prior for the intervention effect, OR or RR centered at 1.0 with 95% CrI 0.33-3.0 for categorical and count outcomes. SAP: categorical OR prior 95% CrI 0.2-4 as Normal(0, SD 0.7) on log-OR; count RR 0.33-3.3. Normal(0, 0.7) implies 0.25-3.94; 0.33-3.0 implies SD about 0.56. The primary (binary) outcome prior differs from plan.
A5: 2024::jama.2024.2302::C004 | B5: Gestational-age boundary | C5: main article — PDF p. 8, Figure 3; SAP — PDF p. 3; SAP — PDF p. 8; SAP — PDF p. 9. | D5: retain | E5: protocol_report | F5: primary_done | G5: =IFERROR(IF(LEN(TRIM(CLEAN(SUBSTITUTE(Setup!$B$2,CHAR(160)," "))))=0,"ENTER REVIEWER ID",IF(OR(A5="",COUNTIF($A$2:$A$6,A5)<>1,LEFT(A5,LEN("2024::jama.2024.2302::"))<>"2024::jama.2024.2302::"),"CHECK KEY",IF(OR(AND(NOT(AND(D5="retain",E5="statistical_results")),H5<>"",H5<>"not_applicable"),AND(NOT(AND(D5="retain",E5="statistical_results")),I5<>"",I5<>"not_applicable"),AND(NOT(AND(D5="retain",E5="statistical_results")),J5<>"",J5<>"not_applicable"),AND(NOT(AND(D5="retain",OR(E5="report_internal_inconsistency",E5="plan_material"))),K5<>"",K5<>"not_applicable"),AND(NOT(AND(D5="retain",E5="protocol_report")),L5<>"",L5<>"not_applicable")),"CLEAR INACTIVE VALUES",IF(OR(NOT(OR(D5="retain",D5="exclude",D5="discuss")),NOT(OR(E5="statistical_results",E5="report_internal_inconsistency",E5="plan_material",E5="protocol_report")),AND(AND(D5="retain",E5="statistical_results"),NOT(OR(H5="confirmed_issue",H5="probable_issue",H5="not_issue",H5="indeterminate"))),AND(AND(D5="retain",E5="statistical_results"),NOT(OR(I5="substantive",I5="minor_presentation",I5="indeterminate"))),AND(AND(D5="retain",E5="statistical_results"),J5<>"",NOT(OR(J5="direct",J5="possible",J5="unlikely",J5="unknown"))),AND(AND(D5="retain",OR(E5="report_internal_inconsistency",E5="plan_material")),NOT(OR(K5="substantive_inconsistency",K5="minor_presentation",K5="non_inconsistency",K5="indeterminate"))),AND(AND(D5="retain",E5="protocol_report"),L5<>"",NOT(OR(L5="substantive_difference",L5="minor_presentation",L5="version_timing",L5="non_inconsistency",L5="indeterminate")))),"CHECK FIELDS",IF(AND(F5<>"",NOT(OR(F5="no",F5="primary_done"))),"CHECK COMPLETE",IF(F5<>"primary_done","PRIMARY DRAFT","PRIMARY READY")))))),"CHECK KEY / INPUT") | H5: =IF(AND(OR(D5="retain",D5=""),E5="statistical_results"),"","not_applicable") | I5: =IF(AND(OR(D5="retain",D5=""),E5="statistical_results"),"","not_applicable") | J5: =IF(AND(OR(D5="retain",D5=""),E5="statistical_results"),"","not_applicable") | K5: =IF(AND(OR(D5="retain",D5=""),OR(E5="report_internal_inconsistency",E5="plan_material")),"","not_applicable") | L5: minor_presentation | R5: Figure 3 subgroups are <28 wk and ≥28 wk (102+57 = 159; 99+50 = 149). SAP p.3 (stratification) and p.9 (subgroups) write <28/>28, but SAP p.8 itself writes <28/≥28 for the same GA covariate, and main text uses 'younger than 28 weeks and 28 weeks or older'. '>28' is shorthand that omits equality; no evidence of a different split.
A6: 2024::jama.2024.2302::C005 | B6: Primary-outcome time origin | C6: protocol — PDF p. 3; protocol — PDF p. 11; SAP — PDF p. 7; main article — PDF p. 3. Main article — PDF p. 6 footnote g is secondary-outcome context only, as it attaches to the hospital-stay row. | D6: exclude | E6: protocol_report | F6: primary_done | G6: =IFERROR(IF(LEN(TRIM(CLEAN(SUBSTITUTE(Setup!$B$2,CHAR(160)," "))))=0,"ENTER REVIEWER ID",IF(OR(A6="",COUNTIF($A$2:$A$6,A6)<>1,LEFT(A6,LEN("2024::jama.2024.2302::"))<>"2024::jama.2024.2302::"),"CHECK KEY",IF(OR(AND(NOT(AND(D6="retain",E6="statistical_results")),H6<>"",H6<>"not_applicable"),AND(NOT(AND(D6="retain",E6="statistical_results")),I6<>"",I6<>"not_applicable"),AND(NOT(AND(D6="retain",E6="statistical_results")),J6<>"",J6<>"not_applicable"),AND(NOT(AND(D6="retain",OR(E6="report_internal_inconsistency",E6="plan_material"))),K6<>"",K6<>"not_applicable"),AND(NOT(AND(D6="retain",E6="protocol_report")),L6<>"",L6<>"not_applicable")),"CLEAR INACTIVE VALUES",IF(OR(NOT(OR(D6="retain",D6="exclude",D6="discuss")),NOT(OR(E6="statistical_results",E6="report_internal_inconsistency",E6="plan_material",E6="protocol_report")),AND(AND(D6="retain",E6="statistical_results"),NOT(OR(H6="confirmed_issue",H6="probable_issue",H6="not_issue",H6="indeterminate"))),AND(AND(D6="retain",E6="statistical_results"),NOT(OR(I6="substantive",I6="minor_presentation",I6="indeterminate"))),AND(AND(D6="retain",E6="statistical_results"),J6<>"",NOT(OR(J6="direct",J6="possible",J6="unlikely",J6="unknown"))),AND(AND(D6="retain",OR(E6="report_internal_inconsistency",E6="plan_material")),NOT(OR(K6="substantive_inconsistency",K6="minor_presentation",K6="non_inconsistency",K6="indeterminate"))),AND(AND(D6="retain",E6="protocol_report"),L6<>"",NOT(OR(L6="substantive_difference",L6="minor_presentation",L6="version_timing",L6="non_inconsistency",L6="indeterminate")))),"CHECK FIELDS",IF(AND(F6<>"",NOT(OR(F6="no",F6="primary_done"))),"CHECK COMPLETE",IF(F6<>"primary_done","PRIMARY DRAFT","PRIMARY READY")))))),"CHECK KEY / INPUT") | H6: =IF(AND(OR(D6="retain",D6=""),E6="statistical_results"),"","not_applicable") | I6: =IF(AND(OR(D6="retain",D6=""),E6="statistical_results"),"","not_applicable") | J6: =IF(AND(OR(D6="retain",D6=""),E6="statistical_results"),"","not_applicable") | K6: =IF(AND(OR(D6="retain",D6=""),OR(E6="report_internal_inconsistency",E6="plan_material")),"","not_applicable") | L6: =IF(AND(OR(D6="retain",D6=""),E6="protocol_report"),"","not_applicable") | R6: Not a meaningful difference. In this trial randomization occurs at enrollment (protocol 'Enrollment and Randomization': infants randomized once consent is given). The protocol itself uses both '10 months after randomization' (p.3 line 98) and 'from enrollment through 10 months' (p.3 line 100), and the main article uses both terms. Same time origin, interchangeable wording.

Sheet C_jama.2024.23898
A1: Candidate key | B1: Candidate title | C1: Source location | D1: Disposition | E1: Review domain | F1: Complete | G1: Validation hint | H1: Statistcal_or_numerical issue | I1: Substantiveness | J1: Downstream impact | K1: Report-internal or planning-material inconsistency | L1: Protocol interpretation | R1: Notes (optional)
A2: 2024::jama.2024.23898::C001 | B2: Primary-outcome 72-hour clock origin is not stated consistently | C2: main article — PDF p. 1; main article — PDF p. 5; main article — PDF p. 6; SAP — PDF p. 9. | D2: retain | E2: protocol_report | F2: primary_done | G2: =IFERROR(IF(LEN(TRIM(CLEAN(SUBSTITUTE(Setup!$B$2,CHAR(160)," "))))=0,"ENTER REVIEWER ID",IF(OR(A2="",COUNTIF($A$2:$A$8,A2)<>1,LEFT(A2,LEN("2024::jama.2024.23898::"))<>"2024::jama.2024.23898::"),"CHECK KEY",IF(OR(AND(NOT(AND(D2="retain",E2="statistical_results")),H2<>"",H2<>"not_applicable"),AND(NOT(AND(D2="retain",E2="statistical_results")),I2<>"",I2<>"not_applicable"),AND(NOT(AND(D2="retain",E2="statistical_results")),J2<>"",J2<>"not_applicable"),AND(NOT(AND(D2="retain",OR(E2="report_internal_inconsistency",E2="plan_material"))),K2<>"",K2<>"not_applicable"),AND(NOT(AND(D2="retain",E2="protocol_report")),L2<>"",L2<>"not_applicable")),"CLEAR INACTIVE VALUES",IF(OR(NOT(OR(D2="retain",D2="exclude",D2="discuss")),NOT(OR(E2="statistical_results",E2="report_internal_inconsistency",E2="plan_material",E2="protocol_report")),AND(AND(D2="retain",E2="statistical_results"),NOT(OR(H2="confirmed_issue",H2="probable_issue",H2="not_issue",H2="indeterminate"))),AND(AND(D2="retain",E2="statistical_results"),NOT(OR(I2="substantive",I2="minor_presentation",I2="indeterminate"))),AND(AND(D2="retain",E2="statistical_results"),J2<>"",NOT(OR(J2="direct",J2="possible",J2="unlikely",J2="unknown"))),AND(AND(D2="retain",OR(E2="report_internal_inconsistency",E2="plan_material")),NOT(OR(K2="substantive_inconsistency",K2="minor_presentation",K2="non_inconsistency",K2="indeterminate"))),AND(AND(D2="retain",E2="protocol_report"),L2<>"",NOT(OR(L2="substantive_difference",L2="minor_presentation",L2="version_timing",L2="non_inconsistency",L2="indeterminate")))),"CHECK FIELDS",IF(AND(F2<>"",NOT(OR(F2="no",F2="primary_done"))),"CHECK COMPLETE",IF(F2<>"primary_done","PRIMARY DRAFT","PRIMARY READY")))))),"CHECK KEY / INPUT") | H2: =IF(AND(OR(D2="retain",D2=""),E2="statistical_results"),"","not_applicable") | I2: =IF(AND(OR(D2="retain",D2=""),E2="statistical_results"),"","not_applicable") | J2: =IF(AND(OR(D2="retain",D2=""),E2="statistical_results"),"","not_applicable") | K2: =IF(AND(OR(D2="retain",D2=""),OR(E2="report_internal_inconsistency",E2="plan_material")),"","not_applicable") | L2: minor_presentation | R2: Protocol and SAP define GI-3 'at 72 hours after the start of operation'; the article says '72 hours after surgery/operation' throughout without restating the origin. Same endpoint and counts (160/279 vs 164/278); the article wording is imprecise shorthand rather than evidence of a different clock.
A3: 2024::jama.2024.23898::C002 | B3: Postoperative opioid-consumption window is 24 hours versus 72 hours | C3: main article — PDF p. 4; main article — PDF p. 6; protocol — PDF p. 17; SAP — PDF p. 11. | D3: retain | E3: protocol_report | F3: primary_done | G3: =IFERROR(IF(LEN(TRIM(CLEAN(SUBSTITUTE(Setup!$B$2,CHAR(160)," "))))=0,"ENTER REVIEWER ID",IF(OR(A3="",COUNTIF($A$2:$A$8,A3)<>1,LEFT(A3,LEN("2024::jama.2024.23898::"))<>"2024::jama.2024.23898::"),"CHECK KEY",IF(OR(AND(NOT(AND(D3="retain",E3="statistical_results")),H3<>"",H3<>"not_applicable"),AND(NOT(AND(D3="retain",E3="statistical_results")),I3<>"",I3<>"not_applicable"),AND(NOT(AND(D3="retain",E3="statistical_results")),J3<>"",J3<>"not_applicable"),AND(NOT(AND(D3="retain",OR(E3="report_internal_inconsistency",E3="plan_material"))),K3<>"",K3<>"not_applicable"),AND(NOT(AND(D3="retain",E3="protocol_report")),L3<>"",L3<>"not_applicable")),"CLEAR INACTIVE VALUES",IF(OR(NOT(OR(D3="retain",D3="exclude",D3="discuss")),NOT(OR(E3="statistical_results",E3="report_internal_inconsistency",E3="plan_material",E3="protocol_report")),AND(AND(D3="retain",E3="statistical_results"),NOT(OR(H3="confirmed_issue",H3="probable_issue",H3="not_issue",H3="indeterminate"))),AND(AND(D3="retain",E3="statistical_results"),NOT(OR(I3="substantive",I3="minor_presentation",I3="indeterminate"))),AND(AND(D3="retain",E3="statistical_results"),J3<>"",NOT(OR(J3="direct",J3="possible",J3="unlikely",J3="unknown"))),AND(AND(D3="retain",OR(E3="report_internal_inconsistency",E3="plan_material")),NOT(OR(K3="substantive_inconsistency",K3="minor_presentation",K3="non_inconsistency",K3="indeterminate"))),AND(AND(D3="retain",E3="protocol_report"),L3<>"",NOT(OR(L3="substantive_difference",L3="minor_presentation",L3="version_timing",L3="non_inconsistency",L3="indeterminate")))),"CHECK FIELDS",IF(AND(F3<>"",NOT(OR(F3="no",F3="primary_done"))),"CHECK COMPLETE",IF(F3<>"primary_done","PRIMARY DRAFT","PRIMARY READY")))))),"CHECK KEY / INPUT") | H3: =IF(AND(OR(D3="retain",D3=""),E3="statistical_results"),"","not_applicable") | I3: =IF(AND(OR(D3="retain",D3=""),E3="statistical_results"),"","not_applicable") | J3: =IF(AND(OR(D3="retain",D3=""),E3="statistical_results"),"","not_applicable") | K3: =IF(AND(OR(D3="retain",D3=""),OR(E3="report_internal_inconsistency",E3="plan_material")),"","not_applicable") | L3: substantive_difference | R3: Protocol (p.17: cumulative total until 72 h after start of operation) and SAP (p.10-11: total in-hospital opioid consumption up to 72 h) plan a 72-hour window; the article reports postoperative opioid consumption up to 24 h (medians 70.6 vs 45.0 mg OME, n=210 each) in Methods and Table 2. The reported secondary-outcome window differs from plan without explanation.
A4: 2024::jama.2024.23898::C003 | B4: Unplanned-readmission window is 90 days versus 30 days | C4: main article — PDF p. 4; main article — PDF p. 8; protocol — PDF p. 18; SAP — PDF p. 10; SAP — PDF p. 27. | D4: retain | E4: report_internal_inconsistency | F4: primary_done | G4: =IFERROR(IF(LEN(TRIM(CLEAN(SUBSTITUTE(Setup!$B$2,CHAR(160)," "))))=0,"ENTER REVIEWER ID",IF(OR(A4="",COUNTIF($A$2:$A$8,A4)<>1,LEFT(A4,LEN("2024::jama.2024.23898::"))<>"2024::jama.2024.23898::"),"CHECK KEY",IF(OR(AND(NOT(AND(D4="retain",E4="statistical_results")),H4<>"",H4<>"not_applicable"),AND(NOT(AND(D4="retain",E4="statistical_results")),I4<>"",I4<>"not_applicable"),AND(NOT(AND(D4="retain",E4="statistical_results")),J4<>"",J4<>"not_applicable"),AND(NOT(AND(D4="retain",OR(E4="report_internal_inconsistency",E4="plan_material"))),K4<>"",K4<>"not_applicable"),AND(NOT(AND(D4="retain",E4="protocol_report")),L4<>"",L4<>"not_applicable")),"CLEAR INACTIVE VALUES",IF(OR(NOT(OR(D4="retain",D4="exclude",D4="discuss")),NOT(OR(E4="statistical_results",E4="report_internal_inconsistency",E4="plan_material",E4="protocol_report")),AND(AND(D4="retain",E4="statistical_results"),NOT(OR(H4="confirmed_issue",H4="probable_issue",H4="not_issue",H4="indeterminate"))),AND(AND(D4="retain",E4="statistical_results"),NOT(OR(I4="substantive",I4="minor_presentation",I4="indeterminate"))),AND(AND(D4="retain",E4="statistical_results"),J4<>"",NOT(OR(J4="direct",J4="possible",J4="unlikely",J4="unknown"))),AND(AND(D4="retain",OR(E4="report_internal_inconsistency",E4="plan_material")),NOT(OR(K4="substantive_inconsistency",K4="minor_presentation",K4="non_inconsistency",K4="indeterminate"))),AND(AND(D4="retain",E4="protocol_report"),L4<>"",NOT(OR(L4="substantive_difference",L4="minor_presentation",L4="version_timing",L4="non_inconsistency",L4="indeterminate")))),"CHECK FIELDS",IF(AND(F4<>"",NOT(OR(F4="no",F4="primary_done"))),"CHECK COMPLETE",IF(F4<>"primary_done","PRIMARY DRAFT","PRIMARY READY")))))),"CHECK KEY / INPUT") | H4: =IF(AND(OR(D4="retain",D4=""),E4="statistical_results"),"","not_applicable") | I4: =IF(AND(OR(D4="retain",D4=""),E4="statistical_results"),"","not_applicable") | J4: =IF(AND(OR(D4="retain",D4=""),E4="statistical_results"),"","not_applicable") | K4: substantive_inconsistency | L4: =IF(AND(OR(D4="retain",D4=""),E4="protocol_report"),"","not_applicable") | R4: Article Methods lists 'unplanned readmission within 30 days of surgery' as a tertiary outcome; Table 3 reports 'Unplanned readmission after discharge and within 90 d of operation' 31 (11.1) vs 34 (12.2). Protocol and SAP (incl. shell table 13.23) specify 30 days. Within the article, the window of the reported counts is undetermined.
A5: 2024::jama.2024.23898::C004 | B5: ERAS subgroup cut points differ from the protocol bands | C5: protocol — PDF p. 17; protocol — PDF p. 18; SAP — PDF p. 15; results supplement — PDF p. 2. | D5: retain | E5: protocol_report | F5: primary_done | G5: =IFERROR(IF(LEN(TRIM(CLEAN(SUBSTITUTE(Setup!$B$2,CHAR(160)," "))))=0,"ENTER REVIEWER ID",IF(OR(A5="",COUNTIF($A$2:$A$8,A5)<>1,LEFT(A5,LEN("2024::jama.2024.23898::"))<>"2024::jama.2024.23898::"),"CHECK KEY",IF(OR(AND(NOT(AND(D5="retain",E5="statistical_results")),H5<>"",H5<>"not_applicable"),AND(NOT(AND(D5="retain",E5="statistical_results")),I5<>"",I5<>"not_applicable"),AND(NOT(AND(D5="retain",E5="statistical_results")),J5<>"",J5<>"not_applicable"),AND(NOT(AND(D5="retain",OR(E5="report_internal_inconsistency",E5="plan_material"))),K5<>"",K5<>"not_applicable"),AND(NOT(AND(D5="retain",E5="protocol_report")),L5<>"",L5<>"not_applicable")),"CLEAR INACTIVE VALUES",IF(OR(NOT(OR(D5="retain",D5="exclude",D5="discuss")),NOT(OR(E5="statistical_results",E5="report_internal_inconsistency",E5="plan_material",E5="protocol_report")),AND(AND(D5="retain",E5="statistical_results"),NOT(OR(H5="confirmed_issue",H5="probable_issue",H5="not_issue",H5="indeterminate"))),AND(AND(D5="retain",E5="statistical_results"),NOT(OR(I5="substantive",I5="minor_presentation",I5="indeterminate"))),AND(AND(D5="retain",E5="statistical_results"),J5<>"",NOT(OR(J5="direct",J5="possible",J5="unlikely",J5="unknown"))),AND(AND(D5="retain",OR(E5="report_internal_inconsistency",E5="plan_material")),NOT(OR(K5="substantive_inconsistency",K5="minor_presentation",K5="non_inconsistency",K5="indeterminate"))),AND(AND(D5="retain",E5="protocol_report"),L5<>"",NOT(OR(L5="substantive_difference",L5="minor_presentation",L5="version_timing",L5="non_inconsistency",L5="indeterminate")))),"CHECK FIELDS",IF(AND(F5<>"",NOT(OR(F5="no",F5="primary_done"))),"CHECK COMPLETE",IF(F5<>"primary_done","PRIMARY DRAFT","PRIMARY READY")))))),"CHECK KEY / INPUT") | H5: =IF(AND(OR(D5="retain",D5=""),E5="statistical_results"),"","not_applicable") | I5: =IF(AND(OR(D5="retain",D5=""),E5="statistical_results"),"","not_applicable") | J5: =IF(AND(OR(D5="retain",D5=""),E5="statistical_results"),"","not_applicable") | K5: =IF(AND(OR(D5="retain",D5=""),OR(E5="report_internal_inconsistency",E5="plan_material")),"","not_applicable") | L5: substantive_difference | R5: Protocol gives ERAS compliance as 'graded proportion e.g. 0-30%; 30-60%; >60% compliant'; the SAP names high/moderate/low without cut points; the eFigure uses low <5/10 (<50%), moderate 5-6, high >=7/10 and states the definitions were not predefined. Cut points differ from the protocol's example bands; the deviation is disclosed and the analysis is exploratory.
A6: 2024::jama.2024.23898::C005 | B6: The eFigure assigns both 99% and 95% labels to the same intervals | C6: results supplement — PDF p. 2; SAP — PDF p. 15. | D6: retain | E6: statistical_results | F6: primary_done | G6: =IFERROR(IF(LEN(TRIM(CLEAN(SUBSTITUTE(Setup!$B$2,CHAR(160)," "))))=0,"ENTER REVIEWER ID",IF(OR(A6="",COUNTIF($A$2:$A$8,A6)<>1,LEFT(A6,LEN("2024::jama.2024.23898::"))<>"2024::jama.2024.23898::"),"CHECK KEY",IF(OR(AND(NOT(AND(D6="retain",E6="statistical_results")),H6<>"",H6<>"not_applicable"),AND(NOT(AND(D6="retain",E6="statistical_results")),I6<>"",I6<>"not_applicable"),AND(NOT(AND(D6="retain",E6="statistical_results")),J6<>"",J6<>"not_applicable"),AND(NOT(AND(D6="retain",OR(E6="report_internal_inconsistency",E6="plan_material"))),K6<>"",K6<>"not_applicable"),AND(NOT(AND(D6="retain",E6="protocol_report")),L6<>"",L6<>"not_applicable")),"CLEAR INACTIVE VALUES",IF(OR(NOT(OR(D6="retain",D6="exclude",D6="discuss")),NOT(OR(E6="statistical_results",E6="report_internal_inconsistency",E6="plan_material",E6="protocol_report")),AND(AND(D6="retain",E6="statistical_results"),NOT(OR(H6="confirmed_issue",H6="probable_issue",H6="not_issue",H6="indeterminate"))),AND(AND(D6="retain",E6="statistical_results"),NOT(OR(I6="substantive",I6="minor_presentation",I6="indeterminate"))),AND(AND(D6="retain",E6="statistical_results"),J6<>"",NOT(OR(J6="direct",J6="possible",J6="unlikely",J6="unknown"))),AND(AND(D6="retain",OR(E6="report_internal_inconsistency",E6="plan_material")),NOT(OR(K6="substantive_inconsistency",K6="minor_presentation",K6="non_inconsistency",K6="indeterminate"))),AND(AND(D6="retain",E6="protocol_report"),L6<>"",NOT(OR(L6="substantive_difference",L6="minor_presentation",L6="version_timing",L6="non_inconsistency",L6="indeterminate")))),"CHECK FIELDS",IF(AND(F6<>"",NOT(OR(F6="no",F6="primary_done"))),"CHECK COMPLETE",IF(F6<>"primary_done","PRIMARY DRAFT","PRIMARY READY")))))),"CHECK KEY / INPUT") | H6: confirmed_issue | I6: minor_presentation | J6: possible | K6: =IF(AND(OR(D6="retain",D6=""),OR(E6="report_internal_inconsistency",E6="plan_material")),"","not_applicable") | L6: =IF(AND(OR(D6="retain",D6=""),E6="protocol_report"),"","not_applicable") | R6: eFigure legend says the plotted lines are 99% CI; the caption says the numbers on the right are RRs with 95% CI. The plotted bars visually coincide with the printed intervals (e.g., overall 0.88-1.07; low ERAS 0.49-2.08), and the overall row equals the main-text 95% CI, so the intervals appear to be 95% and the legend mislabelled; SAP planned 99% CIs for subgroups.
A7: 2024::jama.2024.23898::C006 | B7: Day-5 EQ-5D inference conflicts with blanket no-difference prose | C7: main article — PDF p. 5; main article — PDF p. 6; SAP — PDF p. 13; SAP — PDF p. 14. | D7: retain | E7: statistical_results | F7: primary_done | G7: =IFERROR(IF(LEN(TRIM(CLEAN(SUBSTITUTE(Setup!$B$2,CHAR(160)," "))))=0,"ENTER REVIEWER ID",IF(OR(A7="",COUNTIF($A$2:$A$8,A7)<>1,LEFT(A7,LEN("2024::jama.2024.23898::"))<>"2024::jama.2024.23898::"),"CHECK KEY",IF(OR(AND(NOT(AND(D7="retain",E7="statistical_results")),H7<>"",H7<>"not_applicable"),AND(NOT(AND(D7="retain",E7="statistical_results")),I7<>"",I7<>"not_applicable"),AND(NOT(AND(D7="retain",E7="statistical_results")),J7<>"",J7<>"not_applicable"),AND(NOT(AND(D7="retain",OR(E7="report_internal_inconsistency",E7="plan_material"))),K7<>"",K7<>"not_applicable"),AND(NOT(AND(D7="retain",E7="protocol_report")),L7<>"",L7<>"not_applicable")),"CLEAR INACTIVE VALUES",IF(OR(NOT(OR(D7="retain",D7="exclude",D7="discuss")),NOT(OR(E7="statistical_results",E7="report_internal_inconsistency",E7="plan_material",E7="protocol_report")),AND(AND(D7="retain",E7="statistical_results"),NOT(OR(H7="confirmed_issue",H7="probable_issue",H7="not_issue",H7="indeterminate"))),AND(AND(D7="retain",E7="statistical_results"),NOT(OR(I7="substantive",I7="minor_presentation",I7="indeterminate"))),AND(AND(D7="retain",E7="statistical_results"),J7<>"",NOT(OR(J7="direct",J7="possible",J7="unlikely",J7="unknown"))),AND(AND(D7="retain",OR(E7="report_internal_inconsistency",E7="plan_material")),NOT(OR(K7="substantive_inconsistency",K7="minor_presentation",K7="non_inconsistency",K7="indeterminate"))),AND(AND(D7="retain",E7="protocol_report"),L7<>"",NOT(OR(L7="substantive_difference",L7="minor_presentation",L7="version_timing",L7="non_inconsistency",L7="indeterminate")))),"CHECK FIELDS",IF(AND(F7<>"",NOT(OR(F7="no",F7="primary_done"))),"CHECK COMPLETE",IF(F7<>"primary_done","PRIMARY DRAFT","PRIMARY READY")))))),"CHECK KEY / INPUT") | H7: probable_issue | I7: minor_presentation | J7: unlikely | K7: =IF(AND(OR(D7="retain",D7=""),OR(E7="report_internal_inconsistency",E7="plan_material")),"","not_applicable") | L7: =IF(AND(OR(D7="retain",D7=""),E7="protocol_report"),"","not_applicable") | R7: Table 2 shows EQ-5D-5L day 5 difference -0.057 (95% CI -0.111 to -0.003), P=.04, favoring placebo; Results and Abstract say there was no significant difference in quality of life / in any of the 11 secondary endpoints. Literally inconsistent at the stated 2-sided .05 level. No overall repeated-measures test is reported that the statement might refer to; 1 of 9 unadjusted time points.
A8: 2024::jama.2024.23898::C007 | B8: ERAS subgroup is labeled as two levels versus three levels | C8: main article — PDF p. 5; SAP — PDF p. 15; results supplement — PDF p. 2. | D8: retain | E8: report_internal_inconsistency | F8: primary_done | G8: =IFERROR(IF(LEN(TRIM(CLEAN(SUBSTITUTE(Setup!$B$2,CHAR(160)," "))))=0,"ENTER REVIEWER ID",IF(OR(A8="",COUNTIF($A$2:$A$8,A8)<>1,LEFT(A8,LEN("2024::jama.2024.23898::"))<>"2024::jama.2024.23898::"),"CHECK KEY",IF(OR(AND(NOT(AND(D8="retain",E8="statistical_results")),H8<>"",H8<>"not_applicable"),AND(NOT(AND(D8="retain",E8="statistical_results")),I8<>"",I8<>"not_applicable"),AND(NOT(AND(D8="retain",E8="statistical_results")),J8<>"",J8<>"not_applicable"),AND(NOT(AND(D8="retain",OR(E8="report_internal_inconsistency",E8="plan_material"))),K8<>"",K8<>"not_applicable"),AND(NOT(AND(D8="retain",E8="protocol_report")),L8<>"",L8<>"not_applicable")),"CLEAR INACTIVE VALUES",IF(OR(NOT(OR(D8="retain",D8="exclude",D8="discuss")),NOT(OR(E8="statistical_results",E8="report_internal_inconsistency",E8="plan_material",E8="protocol_report")),AND(AND(D8="retain",E8="statistical_results"),NOT(OR(H8="confirmed_issue",H8="probable_issue",H8="not_issue",H8="indeterminate"))),AND(AND(D8="retain",E8="statistical_results"),NOT(OR(I8="substantive",I8="minor_presentation",I8="indeterminate"))),AND(AND(D8="retain",E8="statistical_results"),J8<>"",NOT(OR(J8="direct",J8="possible",J8="unlikely",J8="unknown"))),AND(AND(D8="retain",OR(E8="report_internal_inconsistency",E8="plan_material")),NOT(OR(K8="substantive_inconsistency",K8="minor_presentation",K8="non_inconsistency",K8="indeterminate"))),AND(AND(D8="retain",E8="protocol_report"),L8<>"",NOT(OR(L8="substantive_difference",L8="minor_presentation",L8="version_timing",L8="non_inconsistency",L8="indeterminate")))),"CHECK FIELDS",IF(AND(F8<>"",NOT(OR(F8="no",F8="primary_done"))),"CHECK COMPLETE",IF(F8<>"primary_done","PRIMARY DRAFT","PRIMARY READY")))))),"CHECK KEY / INPUT") | H8: =IF(AND(OR(D8="retain",D8=""),E8="statistical_results"),"","not_applicable") | I8: =IF(AND(OR(D8="retain",D8=""),E8="statistical_results"),"","not_applicable") | J8: =IF(AND(OR(D8="retain",D8=""),E8="statistical_results"),"","not_applicable") | K8: minor_presentation | L8: =IF(AND(OR(D8="retain",D8=""),E8="protocol_report"),"","not_applicable") | R8: Article Methods lists the prespecified subgroup as 'high vs low enhanced recovery protocol adherence'; the results-supplement eFigure shows three levels (high n=191, moderate n=274, low n=92) with one interaction P (.966), and the SAP names high/moderate/low. Methods wording omits the middle category.

Sheet C_jama.2024.25786
A1: Candidate key | B1: Candidate title | C1: Source location | D1: Disposition | E1: Review domain | F1: Complete | G1: Validation hint | H1: Statistcal_or_numerical issue | I1: Substantiveness | J1: Downstream impact | K1: Report-internal or planning-material inconsistency | L1: Protocol interpretation | R1: Notes (optional)
A2: 2024::jama.2024.25786::C001 | B2: Liberal walk-in transport percentage does not reconcile with 4/743 | C2: Supplement 2, eTable 2, PDF p. 15, liberal oxygen group, walk-in transport row. | D2: retain | E2: statistical_results | F2: primary_done | G2: =IFERROR(IF(LEN(TRIM(CLEAN(SUBSTITUTE(Setup!$B$2,CHAR(160)," "))))=0,"ENTER REVIEWER ID",IF(OR(A2="",COUNTIF($A$2:$A$9,A2)<>1,LEFT(A2,LEN("2024::jama.2024.25786::"))<>"2024::jama.2024.25786::"),"CHECK KEY",IF(OR(AND(NOT(AND(D2="retain",E2="statistical_results")),H2<>"",H2<>"not_applicable"),AND(NOT(AND(D2="retain",E2="statistical_results")),I2<>"",I2<>"not_applicable"),AND(NOT(AND(D2="retain",E2="statistical_results")),J2<>"",J2<>"not_applicable"),AND(NOT(AND(D2="retain",OR(E2="report_internal_inconsistency",E2="plan_material"))),K2<>"",K2<>"not_applicable"),AND(NOT(AND(D2="retain",E2="protocol_report")),L2<>"",L2<>"not_applicable")),"CLEAR INACTIVE VALUES",IF(OR(NOT(OR(D2="retain",D2="exclude",D2="discuss")),NOT(OR(E2="statistical_results",E2="report_internal_inconsistency",E2="plan_material",E2="protocol_report")),AND(AND(D2="retain",E2="statistical_results"),NOT(OR(H2="confirmed_issue",H2="probable_issue",H2="not_issue",H2="indeterminate"))),AND(AND(D2="retain",E2="statistical_results"),NOT(OR(I2="substantive",I2="minor_presentation",I2="indeterminate"))),AND(AND(D2="retain",E2="statistical_results"),J2<>"",NOT(OR(J2="direct",J2="possible",J2="unlikely",J2="unknown"))),AND(AND(D2="retain",OR(E2="report_internal_inconsistency",E2="plan_material")),NOT(OR(K2="substantive_inconsistency",K2="minor_presentation",K2="non_inconsistency",K2="indeterminate"))),AND(AND(D2="retain",E2="protocol_report"),L2<>"",NOT(OR(L2="substantive_difference",L2="minor_presentation",L2="version_timing",L2="non_inconsistency",L2="indeterminate")))),"CHECK FIELDS",IF(AND(F2<>"",NOT(OR(F2="no",F2="primary_done"))),"CHECK COMPLETE",IF(F2<>"primary_done","PRIMARY DRAFT","PRIMARY READY")))))),"CHECK KEY / INPUT") | H2: confirmed_issue | I2: minor_presentation | J2: possible | K2: =IF(AND(OR(D2="retain",D2=""),OR(E2="report_internal_inconsistency",E2="plan_material")),"","not_applicable") | L2: =IF(AND(OR(D2="retain",D2=""),E2="protocol_report"),"","not_applicable") | R2: eTable 2, liberal group, walk-in transport: 4/743 (5.3). 4/743 = 0.54%, so the percentage should be 0.5 (a decimal-place error). Count and denominator are consistent with neighboring cells; baseline descriptor only.
A3: 2024::jama.2024.25786::C002 | B3: Liberal vascular-surgery percentage is nonzero with a printed zero numerator | C3: Supplement 2, eTable 2, PDF p. 15, liberal oxygen group, vascular surgery row. | D3: retain | E3: statistical_results | F3: primary_done | G3: =IFERROR(IF(LEN(TRIM(CLEAN(SUBSTITUTE(Setup!$B$2,CHAR(160)," "))))=0,"ENTER REVIEWER ID",IF(OR(A3="",COUNTIF($A$2:$A$9,A3)<>1,LEFT(A3,LEN("2024::jama.2024.25786::"))<>"2024::jama.2024.25786::"),"CHECK KEY",IF(OR(AND(NOT(AND(D3="retain",E3="statistical_results")),H3<>"",H3<>"not_applicable"),AND(NOT(AND(D3="retain",E3="statistical_results")),I3<>"",I3<>"not_applicable"),AND(NOT(AND(D3="retain",E3="statistical_results")),J3<>"",J3<>"not_applicable"),AND(NOT(AND(D3="retain",OR(E3="report_internal_inconsistency",E3="plan_material"))),K3<>"",K3<>"not_applicable"),AND(NOT(AND(D3="retain",E3="protocol_report")),L3<>"",L3<>"not_applicable")),"CLEAR INACTIVE VALUES",IF(OR(NOT(OR(D3="retain",D3="exclude",D3="discuss")),NOT(OR(E3="statistical_results",E3="report_internal_inconsistency",E3="plan_material",E3="protocol_report")),AND(AND(D3="retain",E3="statistical_results"),NOT(OR(H3="confirmed_issue",H3="probable_issue",H3="not_issue",H3="indeterminate"))),AND(AND(D3="retain",E3="statistical_results"),NOT(OR(I3="substantive",I3="minor_presentation",I3="indeterminate"))),AND(AND(D3="retain",E3="statistical_results"),J3<>"",NOT(OR(J3="direct",J3="possible",J3="unlikely",J3="unknown"))),AND(AND(D3="retain",OR(E3="report_internal_inconsistency",E3="plan_material")),NOT(OR(K3="substantive_inconsistency",K3="minor_presentation",K3="non_inconsistency",K3="indeterminate"))),AND(AND(D3="retain",E3="protocol_report"),L3<>"",NOT(OR(L3="substantive_difference",L3="minor_presentation",L3="version_timing",L3="non_inconsistency",L3="indeterminate")))),"CHECK FIELDS",IF(AND(F3<>"",NOT(OR(F3="no",F3="primary_done"))),"CHECK COMPLETE",IF(F3<>"primary_done","PRIMARY DRAFT","PRIMARY READY")))))),"CHECK KEY / INPUT") | H3: confirmed_issue | I3: minor_presentation | J3: unlikely | K3: =IF(AND(OR(D3="retain",D3=""),OR(E3="report_internal_inconsistency",E3="plan_material")),"","not_applicable") | L3: =IF(AND(OR(D3="retain",D3=""),E3="protocol_report"),"","not_applicable") | R3: eTable 2, liberal group, prior vascular surgery: 0/747 (1.1). A zero numerator cannot give 1.1%; either the count or the percentage is wrong, and the table does not show which. Rare baseline surgical history; no bearing on outcomes.
A4: 2024::jama.2024.25786::C003 | B4: Matched all-patient adjusted confidence-interval upper limit differs between eTables 4 and 7 | C4: Supplement 2, eTable 4, PDF p. 17, further-adjusted primary outcome; Supplement 2, eTable 7, PDF p. 20, all-patient adjusted odds ratio; relevant methods Main article, PDF p. 5. | D4: retain | E4: statistical_results | F4: primary_done | G4: =IFERROR(IF(LEN(TRIM(CLEAN(SUBSTITUTE(Setup!$B$2,CHAR(160)," "))))=0,"ENTER REVIEWER ID",IF(OR(A4="",COUNTIF($A$2:$A$9,A4)<>1,LEFT(A4,LEN("2024::jama.2024.25786::"))<>"2024::jama.2024.25786::"),"CHECK KEY",IF(OR(AND(NOT(AND(D4="retain",E4="statistical_results")),H4<>"",H4<>"not_applicable"),AND(NOT(AND(D4="retain",E4="statistical_results")),I4<>"",I4<>"not_applicable"),AND(NOT(AND(D4="retain",E4="statistical_results")),J4<>"",J4<>"not_applicable"),AND(NOT(AND(D4="retain",OR(E4="report_internal_inconsistency",E4="plan_material"))),K4<>"",K4<>"not_applicable"),AND(NOT(AND(D4="retain",E4="protocol_report")),L4<>"",L4<>"not_applicable")),"CLEAR INACTIVE VALUES",IF(OR(NOT(OR(D4="retain",D4="exclude",D4="discuss")),NOT(OR(E4="statistical_results",E4="report_internal_inconsistency",E4="plan_material",E4="protocol_report")),AND(AND(D4="retain",E4="statistical_results"),NOT(OR(H4="confirmed_issue",H4="probable_issue",H4="not_issue",H4="indeterminate"))),AND(AND(D4="retain",E4="statistical_results"),NOT(OR(I4="substantive",I4="minor_presentation",I4="indeterminate"))),AND(AND(D4="retain",E4="statistical_results"),J4<>"",NOT(OR(J4="direct",J4="possible",J4="unlikely",J4="unknown"))),AND(AND(D4="retain",OR(E4="report_internal_inconsistency",E4="plan_material")),NOT(OR(K4="substantive_inconsistency",K4="minor_presentation",K4="non_inconsistency",K4="indeterminate"))),AND(AND(D4="retain",E4="protocol_report"),L4<>"",NOT(OR(L4="substantive_difference",L4="minor_presentation",L4="version_timing",L4="non_inconsistency",L4="indeterminate")))),"CHECK FIELDS",IF(AND(F4<>"",NOT(OR(F4="no",F4="primary_done"))),"CHECK COMPLETE",IF(F4<>"primary_done","PRIMARY DRAFT","PRIMARY READY")))))),"CHECK KEY / INPUT") | H4: probable_issue | I4: minor_presentation | J4: possible | K4: =IF(AND(OR(D4="retain",D4=""),OR(E4="report_internal_inconsistency",E4="plan_material")),"","not_applicable") | L4: =IF(AND(OR(D4="retain",D4=""),E4="protocol_report"),"","not_applicable") | R4: Primary outcome, all patients, further-adjusted OR: eTable 4 prints 0.98 (0.68 to 1.41); eTable 7 'All patients' adjusted OR prints 0.98 (0.68 to 1.39). Same counts (118/733 vs 121/724), and the main text points to both tables for 'further adjusted analyses'. One upper limit is likely mistyped, unless the models differ in an unlabelled way.
A5: 2024::jama.2024.25786::C004 | B5: AIS less-than-3 subgroup percentage conflicts with its count and matched Figure 4 | C5: Main article, Figure 4, PDF p. 8, AIS score less than 3; Supplement 2, eTable 7, PDF p. 20, AIS less than 3. | D5: retain | E5: statistical_results | F5: primary_done | G5: =IFERROR(IF(LEN(TRIM(CLEAN(SUBSTITUTE(Setup!$B$2,CHAR(160)," "))))=0,"ENTER REVIEWER ID",IF(OR(A5="",COUNTIF($A$2:$A$9,A5)<>1,LEFT(A5,LEN("2024::jama.2024.25786::"))<>"2024::jama.2024.25786::"),"CHECK KEY",IF(OR(AND(NOT(AND(D5="retain",E5="statistical_results")),H5<>"",H5<>"not_applicable"),AND(NOT(AND(D5="retain",E5="statistical_results")),I5<>"",I5<>"not_applicable"),AND(NOT(AND(D5="retain",E5="statistical_results")),J5<>"",J5<>"not_applicable"),AND(NOT(AND(D5="retain",OR(E5="report_internal_inconsistency",E5="plan_material"))),K5<>"",K5<>"not_applicable"),AND(NOT(AND(D5="retain",E5="protocol_report")),L5<>"",L5<>"not_applicable")),"CLEAR INACTIVE VALUES",IF(OR(NOT(OR(D5="retain",D5="exclude",D5="discuss")),NOT(OR(E5="statistical_results",E5="report_internal_inconsistency",E5="plan_material",E5="protocol_report")),AND(AND(D5="retain",E5="statistical_results"),NOT(OR(H5="confirmed_issue",H5="probable_issue",H5="not_issue",H5="indeterminate"))),AND(AND(D5="retain",E5="statistical_results"),NOT(OR(I5="substantive",I5="minor_presentation",I5="indeterminate"))),AND(AND(D5="retain",E5="statistical_results"),J5<>"",NOT(OR(J5="direct",J5="possible",J5="unlikely",J5="unknown"))),AND(AND(D5="retain",OR(E5="report_internal_inconsistency",E5="plan_material")),NOT(OR(K5="substantive_inconsistency",K5="minor_presentation",K5="non_inconsistency",K5="indeterminate"))),AND(AND(D5="retain",E5="protocol_report"),L5<>"",NOT(OR(L5="substantive_difference",L5="minor_presentation",L5="version_timing",L5="non_inconsistency",L5="indeterminate")))),"CHECK FIELDS",IF(AND(F5<>"",NOT(OR(F5="no",F5="primary_done"))),"CHECK COMPLETE",IF(F5<>"primary_done","PRIMARY DRAFT","PRIMARY READY")))))),"CHECK KEY / INPUT") | H5: confirmed_issue | I5: minor_presentation | J5: possible | K5: =IF(AND(OR(D5="retain",D5=""),OR(E5="report_internal_inconsistency",E5="plan_material")),"","not_applicable") | L5: =IF(AND(OR(D5="retain",D5=""),E5="protocol_report"),"","not_applicable") | R5: Subgroup AIS <3, liberal group: Figure 4 gives 48/473 (10.1); eTable 7 gives 48/473 (9.2). 48/473 = 10.15%, so eTable 7 is wrong; 9.2 equals the percentage in the 'Intubated: No' liberal cell above (50/543), suggesting a copy error.
A6: 2024::jama.2024.25786::C005 | B6: Known-lung-disease subgroup percentage conflicts with its count and matched Figure 4 | C6: Main article, Figure 4, PDF p. 8, known lung disease, yes; Supplement 2, eTable 7, PDF p. 20, known lung disease, yes. | D6: retain | E6: statistical_results | F6: primary_done | G6: =IFERROR(IF(LEN(TRIM(CLEAN(SUBSTITUTE(Setup!$B$2,CHAR(160)," "))))=0,"ENTER REVIEWER ID",IF(OR(A6="",COUNTIF($A$2:$A$9,A6)<>1,LEFT(A6,LEN("2024::jama.2024.25786::"))<>"2024::jama.2024.25786::"),"CHECK KEY",IF(OR(AND(NOT(AND(D6="retain",E6="statistical_results")),H6<>"",H6<>"not_applicable"),AND(NOT(AND(D6="retain",E6="statistical_results")),I6<>"",I6<>"not_applicable"),AND(NOT(AND(D6="retain",E6="statistical_results")),J6<>"",J6<>"not_applicable"),AND(NOT(AND(D6="retain",OR(E6="report_internal_inconsistency",E6="plan_material"))),K6<>"",K6<>"not_applicable"),AND(NOT(AND(D6="retain",E6="protocol_report")),L6<>"",L6<>"not_applicable")),"CLEAR INACTIVE VALUES",IF(OR(NOT(OR(D6="retain",D6="exclude",D6="discuss")),NOT(OR(E6="statistical_results",E6="report_internal_inconsistency",E6="plan_material",E6="protocol_report")),AND(AND(D6="retain",E6="statistical_results"),NOT(OR(H6="confirmed_issue",H6="probable_issue",H6="not_issue",H6="indeterminate"))),AND(AND(D6="retain",E6="statistical_results"),NOT(OR(I6="substantive",I6="minor_presentation",I6="indeterminate"))),AND(AND(D6="retain",E6="statistical_results"),J6<>"",NOT(OR(J6="direct",J6="possible",J6="unlikely",J6="unknown"))),AND(AND(D6="retain",OR(E6="report_internal_inconsistency",E6="plan_material")),NOT(OR(K6="substantive_inconsistency",K6="minor_presentation",K6="non_inconsistency",K6="indeterminate"))),AND(AND(D6="retain",E6="protocol_report"),L6<>"",NOT(OR(L6="substantive_difference",L6="minor_presentation",L6="version_timing",L6="non_inconsistency",L6="indeterminate")))),"CHECK FIELDS",IF(AND(F6<>"",NOT(OR(F6="no",F6="primary_done"))),"CHECK COMPLETE",IF(F6<>"primary_done","PRIMARY DRAFT","PRIMARY READY")))))),"CHECK KEY / INPUT") | H6: confirmed_issue | I6: minor_presentation | J6: unlikely | K6: =IF(AND(OR(D6="retain",D6=""),OR(E6="report_internal_inconsistency",E6="plan_material")),"","not_applicable") | L6: =IF(AND(OR(D6="retain",D6=""),E6="protocol_report"),"","not_applicable") | R6: Known lung disease = yes, liberal group: Figure 4 14/69 (20.3); eTable 7 14/69 (20.2). 14/69 = 20.29%, so 20.2 is a 0.1-point mis-rounding (truncation). Trivial.
A7: 2024::jama.2024.25786::C006 | B7: Postrandomization-exclusion total and group counts do not reconcile across eTable 10 and Figure 1 | C7: Supplement 2, eTable 10, PDF p. 24, exclusion after randomization; Main article, Figure 1, PDF p. 3, excluded after randomization. | D7: retain | E7: statistical_results | F7: primary_done | G7: =IFERROR(IF(LEN(TRIM(CLEAN(SUBSTITUTE(Setup!$B$2,CHAR(160)," "))))=0,"ENTER REVIEWER ID",IF(OR(A7="",COUNTIF($A$2:$A$9,A7)<>1,LEFT(A7,LEN("2024::jama.2024.25786::"))<>"2024::jama.2024.25786::"),"CHECK KEY",IF(OR(AND(NOT(AND(D7="retain",E7="statistical_results")),H7<>"",H7<>"not_applicable"),AND(NOT(AND(D7="retain",E7="statistical_results")),I7<>"",I7<>"not_applicable"),AND(NOT(AND(D7="retain",E7="statistical_results")),J7<>"",J7<>"not_applicable"),AND(NOT(AND(D7="retain",OR(E7="report_internal_inconsistency",E7="plan_material"))),K7<>"",K7<>"not_applicable"),AND(NOT(AND(D7="retain",E7="protocol_report")),L7<>"",L7<>"not_applicable")),"CLEAR INACTIVE VALUES",IF(OR(NOT(OR(D7="retain",D7="exclude",D7="discuss")),NOT(OR(E7="statistical_results",E7="report_internal_inconsistency",E7="plan_material",E7="protocol_report")),AND(AND(D7="retain",E7="statistical_results"),NOT(OR(H7="confirmed_issue",H7="probable_issue",H7="not_issue",H7="indeterminate"))),AND(AND(D7="retain",E7="statistical_results"),NOT(OR(I7="substantive",I7="minor_presentation",I7="indeterminate"))),AND(AND(D7="retain",E7="statistical_results"),J7<>"",NOT(OR(J7="direct",J7="possible",J7="unlikely",J7="unknown"))),AND(AND(D7="retain",OR(E7="report_internal_inconsistency",E7="plan_material")),NOT(OR(K7="substantive_inconsistency",K7="minor_presentation",K7="non_inconsistency",K7="indeterminate"))),AND(AND(D7="retain",E7="protocol_report"),L7<>"",NOT(OR(L7="substantive_difference",L7="minor_presentation",L7="version_timing",L7="non_inconsistency",L7="indeterminate")))),"CHECK FIELDS",IF(AND(F7<>"",NOT(OR(F7="no",F7="primary_done"))),"CHECK COMPLETE",IF(F7<>"primary_done","PRIMARY DRAFT","PRIMARY READY")))))),"CHECK KEY / INPUT") | H7: confirmed_issue | I7: minor_presentation | J7: possible | K7: =IF(AND(OR(D7="retain",D7=""),OR(E7="report_internal_inconsistency",E7="plan_material")),"","not_applicable") | L7: =IF(AND(OR(D7="retain",D7=""),E7="protocol_report"),"","not_applicable") | R7: eTable 10 row 'Exclusion after randomization (N=130)': 55/750 (45) and 67/758 (55); 55+67 = 122, not 130. Figure 1 shows 59 and 71 (= 130), each including 4 'omitted according to Swiss law due to withdrawn consent'. 59-4 = 55 and 71-4 = 67, so the table silently drops those 8 but keeps N=130; percentages are shares of 122, not of 750/758.
A8: 2024::jama.2024.25786::C007 | B8: Secondary-exclusion cells pair within-group denominators with cross-group partition percentages | C8: Supplement 2, eTable 10, PDF p. 24, secondary exclusion; count comparator Main article, Figure 1, PDF p. 3. | D8: retain | E8: statistical_results | F8: primary_done | G8: =IFERROR(IF(LEN(TRIM(CLEAN(SUBSTITUTE(Setup!$B$2,CHAR(160)," "))))=0,"ENTER REVIEWER ID",IF(OR(A8="",COUNTIF($A$2:$A$9,A8)<>1,LEFT(A8,LEN("2024::jama.2024.25786::"))<>"2024::jama.2024.25786::"),"CHECK KEY",IF(OR(AND(NOT(AND(D8="retain",E8="statistical_results")),H8<>"",H8<>"not_applicable"),AND(NOT(AND(D8="retain",E8="statistical_results")),I8<>"",I8<>"not_applicable"),AND(NOT(AND(D8="retain",E8="statistical_results")),J8<>"",J8<>"not_applicable"),AND(NOT(AND(D8="retain",OR(E8="report_internal_inconsistency",E8="plan_material"))),K8<>"",K8<>"not_applicable"),AND(NOT(AND(D8="retain",E8="protocol_report")),L8<>"",L8<>"not_applicable")),"CLEAR INACTIVE VALUES",IF(OR(NOT(OR(D8="retain",D8="exclude",D8="discuss")),NOT(OR(E8="statistical_results",E8="report_internal_inconsistency",E8="plan_material",E8="protocol_report")),AND(AND(D8="retain",E8="statistical_results"),NOT(OR(H8="confirmed_issue",H8="probable_issue",H8="not_issue",H8="indeterminate"))),AND(AND(D8="retain",E8="statistical_results"),NOT(OR(I8="substantive",I8="minor_presentation",I8="indeterminate"))),AND(AND(D8="retain",E8="statistical_results"),J8<>"",NOT(OR(J8="direct",J8="possible",J8="unlikely",J8="unknown"))),AND(AND(D8="retain",OR(E8="report_internal_inconsistency",E8="plan_material")),NOT(OR(K8="substantive_inconsistency",K8="minor_presentation",K8="non_inconsistency",K8="indeterminate"))),AND(AND(D8="retain",E8="protocol_report"),L8<>"",NOT(OR(L8="substantive_difference",L8="minor_presentation",L8="version_timing",L8="non_inconsistency",L8="indeterminate")))),"CHECK FIELDS",IF(AND(F8<>"",NOT(OR(F8="no",F8="primary_done"))),"CHECK COMPLETE",IF(F8<>"primary_done","PRIMARY DRAFT","PRIMARY READY")))))),"CHECK KEY / INPUT") | H8: confirmed_issue | I8: minor_presentation | J8: possible | K8: =IF(AND(OR(D8="retain",D8=""),OR(E8="report_internal_inconsistency",E8="plan_material")),"","not_applicable") | L8: =IF(AND(OR(D8="retain",D8=""),E8="protocol_report"),"","not_applicable") | R8: eTable 10 secondary exclusions: 174/750 (51) and 165/758 (49). As written, 174/750 = 23.2% and 165/758 = 21.8%; the printed 51/49 are shares of the 339 classified exclusions (174/339 = 51.3%). The count/total (%) format pairs the wrong denominators with the percentages; N=341 vs 339 is footnoted.
A9: 2024::jama.2024.25786::C008 | B9: Missing-as-event primary count uses a doubled numerator/denominator separator | C9: Supplement 2, eTable 11, PDF p. 25, primary outcome with missing counted as event. | D9: retain | E9: report_internal_inconsistency | F9: primary_done | G9: =IFERROR(IF(LEN(TRIM(CLEAN(SUBSTITUTE(Setup!$B$2,CHAR(160)," "))))=0,"ENTER REVIEWER ID",IF(OR(A9="",COUNTIF($A$2:$A$9,A9)<>1,LEFT(A9,LEN("2024::jama.2024.25786::"))<>"2024::jama.2024.25786::"),"CHECK KEY",IF(OR(AND(NOT(AND(D9="retain",E9="statistical_results")),H9<>"",H9<>"not_applicable"),AND(NOT(AND(D9="retain",E9="statistical_results")),I9<>"",I9<>"not_applicable"),AND(NOT(AND(D9="retain",E9="statistical_results")),J9<>"",J9<>"not_applicable"),AND(NOT(AND(D9="retain",OR(E9="report_internal_inconsistency",E9="plan_material"))),K9<>"",K9<>"not_applicable"),AND(NOT(AND(D9="retain",E9="protocol_report")),L9<>"",L9<>"not_applicable")),"CLEAR INACTIVE VALUES",IF(OR(NOT(OR(D9="retain",D9="exclude",D9="discuss")),NOT(OR(E9="statistical_results",E9="report_internal_inconsistency",E9="plan_material",E9="protocol_report")),AND(AND(D9="retain",E9="statistical_results"),NOT(OR(H9="confirmed_issue",H9="probable_issue",H9="not_issue",H9="indeterminate"))),AND(AND(D9="retain",E9="statistical_results"),NOT(OR(I9="substantive",I9="minor_presentation",I9="indeterminate"))),AND(AND(D9="retain",E9="statistical_results"),J9<>"",NOT(OR(J9="direct",J9="possible",J9="unlikely",J9="unknown"))),AND(AND(D9="retain",OR(E9="report_internal_inconsistency",E9="plan_material")),NOT(OR(K9="substantive_inconsistency",K9="minor_presentation",K9="non_inconsistency",K9="indeterminate"))),AND(AND(D9="retain",E9="protocol_report"),L9<>"",NOT(OR(L9="substantive_difference",L9="minor_presentation",L9="version_timing",L9="non_inconsistency",L9="indeterminate")))),"CHECK FIELDS",IF(AND(F9<>"",NOT(OR(F9="no",F9="primary_done"))),"CHECK COMPLETE",IF(F9<>"primary_done","PRIMARY DRAFT","PRIMARY READY")))))),"CHECK KEY / INPUT") | H9: =IF(AND(OR(D9="retain",D9=""),E9="statistical_results"),"","not_applicable") | I9: =IF(AND(OR(D9="retain",D9=""),E9="statistical_results"),"","not_applicable") | J9: =IF(AND(OR(D9="retain",D9=""),E9="statistical_results"),"","not_applicable") | K9: minor_presentation | L9: =IF(AND(OR(D9="retain",D9=""),E9="protocol_report"),"","not_applicable") | R9: eTable 11 prints '135//750 (18.0)' with a doubled slash; elsewhere the table uses a single slash. 135/750 = 18.0%, so the value is clear. Typographic only.

Sheet C_jama.2024.4183
A1: Candidate key | B1: Candidate title | C1: Source location | D1: Disposition | E1: Review domain | F1: Complete | G1: Validation hint | H1: Statistcal_or_numerical issue | I1: Substantiveness | J1: Downstream impact | K1: Report-internal or planning-material inconsistency | L1: Protocol interpretation | R1: Notes (optional)
A2: 2024::jama.2024.4183::C001 | B2: Abstract phase-2 allocation percentages mix incompatible denominators | C2: Main article p. 1; Main article p. 6. | D2: retain | E2: statistical_results | F2: primary_done | G2: =IFERROR(IF(LEN(TRIM(CLEAN(SUBSTITUTE(Setup!$B$2,CHAR(160)," "))))=0,"ENTER REVIEWER ID",IF(OR(A2="",COUNTIF($A$2:$A$25,A2)<>1,LEFT(A2,LEN("2024::jama.2024.4183::"))<>"2024::jama.2024.4183::"),"CHECK KEY",IF(OR(AND(NOT(AND(D2="retain",E2="statistical_results")),H2<>"",H2<>"not_applicable"),AND(NOT(AND(D2="retain",E2="statistical_results")),I2<>"",I2<>"not_applicable"),AND(NOT(AND(D2="retain",E2="statistical_results")),J2<>"",J2<>"not_applicable"),AND(NOT(AND(D2="retain",OR(E2="report_internal_inconsistency",E2="plan_material"))),K2<>"",K2<>"not_applicable"),AND(NOT(AND(D2="retain",E2="protocol_report")),L2<>"",L2<>"not_applicable")),"CLEAR INACTIVE VALUES",IF(OR(NOT(OR(D2="retain",D2="exclude",D2="discuss")),NOT(OR(E2="statistical_results",E2="report_internal_inconsistency",E2="plan_material",E2="protocol_report")),AND(AND(D2="retain",E2="statistical_results"),NOT(OR(H2="confirmed_issue",H2="probable_issue",H2="not_issue",H2="indeterminate"))),AND(AND(D2="retain",E2="statistical_results"),NOT(OR(I2="substantive",I2="minor_presentation",I2="indeterminate"))),AND(AND(D2="retain",E2="statistical_results"),J2<>"",NOT(OR(J2="direct",J2="possible",J2="unlikely",J2="unknown"))),AND(AND(D2="retain",OR(E2="report_internal_inconsistency",E2="plan_material")),NOT(OR(K2="substantive_inconsistency",K2="minor_presentation",K2="non_inconsistency",K2="indeterminate"))),AND(AND(D2="retain",E2="protocol_report"),L2<>"",NOT(OR(L2="substantive_difference",L2="minor_presentation",L2="version_timing",L2="non_inconsistency",L2="indeterminate")))),"CHECK FIELDS",IF(AND(F2<>"",NOT(OR(F2="no",F2="primary_done"))),"CHECK COMPLETE",IF(F2<>"primary_done","PRIMARY DRAFT","PRIMARY READY")))))),"CHECK KEY / INPUT") | H2: confirmed_issue | I2: minor_presentation | J2: possible | K2: =IF(AND(OR(D2="retain",D2=""),OR(E2="report_internal_inconsistency",E2="plan_material")),"","not_applicable") | L2: =IF(AND(OR(D2="retain",D2=""),E2="protocol_report"),"","not_applicable") | R2: Abstract phase-2 allocation percentages mix denominators. CNRT: 90 (47%) uses 191 (90/191 = 47.1%), but 50 (33%) and 51 (34%) use 151 rerandomized (33.1%, 33.8%); the three sum to 114%. Varenicline: 39 (32%) and 41 (34%) use 122, 77 (49%) uses 157; sum 115%. The counts are correct.
A3: 2024::jama.2024.4183::C002 | B3: Main baseline sex counts exceed both printed arm denominators | C3: Main article p. 5, baseline Table. | D3: retain | E3: statistical_results | F3: primary_done | G3: =IFERROR(IF(LEN(TRIM(CLEAN(SUBSTITUTE(Setup!$B$2,CHAR(160)," "))))=0,"ENTER REVIEWER ID",IF(OR(A3="",COUNTIF($A$2:$A$25,A3)<>1,LEFT(A3,LEN("2024::jama.2024.4183::"))<>"2024::jama.2024.4183::"),"CHECK KEY",IF(OR(AND(NOT(AND(D3="retain",E3="statistical_results")),H3<>"",H3<>"not_applicable"),AND(NOT(AND(D3="retain",E3="statistical_results")),I3<>"",I3<>"not_applicable"),AND(NOT(AND(D3="retain",E3="statistical_results")),J3<>"",J3<>"not_applicable"),AND(NOT(AND(D3="retain",OR(E3="report_internal_inconsistency",E3="plan_material"))),K3<>"",K3<>"not_applicable"),AND(NOT(AND(D3="retain",E3="protocol_report")),L3<>"",L3<>"not_applicable")),"CLEAR INACTIVE VALUES",IF(OR(NOT(OR(D3="retain",D3="exclude",D3="discuss")),NOT(OR(E3="statistical_results",E3="report_internal_inconsistency",E3="plan_material",E3="protocol_report")),AND(AND(D3="retain",E3="statistical_results"),NOT(OR(H3="confirmed_issue",H3="probable_issue",H3="not_issue",H3="indeterminate"))),AND(AND(D3="retain",E3="statistical_results"),NOT(OR(I3="substantive",I3="minor_presentation",I3="indeterminate"))),AND(AND(D3="retain",E3="statistical_results"),J3<>"",NOT(OR(J3="direct",J3="possible",J3="unlikely",J3="unknown"))),AND(AND(D3="retain",OR(E3="report_internal_inconsistency",E3="plan_material")),NOT(OR(K3="substantive_inconsistency",K3="minor_presentation",K3="non_inconsistency",K3="indeterminate"))),AND(AND(D3="retain",E3="protocol_report"),L3<>"",NOT(OR(L3="substantive_difference",L3="minor_presentation",L3="version_timing",L3="non_inconsistency",L3="indeterminate")))),"CHECK FIELDS",IF(AND(F3<>"",NOT(OR(F3="no",F3="primary_done"))),"CHECK COMPLETE",IF(F3<>"primary_done","PRIMARY DRAFT","PRIMARY READY")))))),"CHECK KEY / INPUT") | H3: confirmed_issue | I3: minor_presentation | J3: possible | K3: =IF(AND(OR(D3="retain",D3=""),OR(E3="report_internal_inconsistency",E3="plan_material")),"","not_applicable") | L3: =IF(AND(OR(D3="retain",D3=""),E3="protocol_report"),"","not_applicable") | R3: Table: each arm n=245, female 105 (42.9) and male 145 (57.1); 105+145 = 250 > 245. 145/245 = 59.2%, whereas 57.1% = 140/245, and the abstract gives 210 women of 490. Male count should evidently be 140 in both arms.
A4: 2024::jama.2024.4183::C003 | B4: Displayed randomization total does not equal its two initial branches | C4: Main article p. 4; Main article p. 6. | D4: retain | E4: statistical_results | F4: primary_done | G4: =IFERROR(IF(LEN(TRIM(CLEAN(SUBSTITUTE(Setup!$B$2,CHAR(160)," "))))=0,"ENTER REVIEWER ID",IF(OR(A4="",COUNTIF($A$2:$A$25,A4)<>1,LEFT(A4,LEN("2024::jama.2024.4183::"))<>"2024::jama.2024.4183::"),"CHECK KEY",IF(OR(AND(NOT(AND(D4="retain",E4="statistical_results")),H4<>"",H4<>"not_applicable"),AND(NOT(AND(D4="retain",E4="statistical_results")),I4<>"",I4<>"not_applicable"),AND(NOT(AND(D4="retain",E4="statistical_results")),J4<>"",J4<>"not_applicable"),AND(NOT(AND(D4="retain",OR(E4="report_internal_inconsistency",E4="plan_material"))),K4<>"",K4<>"not_applicable"),AND(NOT(AND(D4="retain",E4="protocol_report")),L4<>"",L4<>"not_applicable")),"CLEAR INACTIVE VALUES",IF(OR(NOT(OR(D4="retain",D4="exclude",D4="discuss")),NOT(OR(E4="statistical_results",E4="report_internal_inconsistency",E4="plan_material",E4="protocol_report")),AND(AND(D4="retain",E4="statistical_results"),NOT(OR(H4="confirmed_issue",H4="probable_issue",H4="not_issue",H4="indeterminate"))),AND(AND(D4="retain",E4="statistical_results"),NOT(OR(I4="substantive",I4="minor_presentation",I4="indeterminate"))),AND(AND(D4="retain",E4="statistical_results"),J4<>"",NOT(OR(J4="direct",J4="possible",J4="unlikely",J4="unknown"))),AND(AND(D4="retain",OR(E4="report_internal_inconsistency",E4="plan_material")),NOT(OR(K4="substantive_inconsistency",K4="minor_presentation",K4="non_inconsistency",K4="indeterminate"))),AND(AND(D4="retain",E4="protocol_report"),L4<>"",NOT(OR(L4="substantive_difference",L4="minor_presentation",L4="version_timing",L4="non_inconsistency",L4="indeterminate")))),"CHECK FIELDS",IF(AND(F4<>"",NOT(OR(F4="no",F4="primary_done"))),"CHECK COMPLETE",IF(F4<>"primary_done","PRIMARY DRAFT","PRIMARY READY")))))),"CHECK KEY / INPUT") | H4: confirmed_issue | I4: minor_presentation | J4: unlikely | K4: =IF(AND(OR(D4="retain",D4=""),OR(E4="report_internal_inconsistency",E4="plan_material")),"","not_applicable") | L4: =IF(AND(OR(D4="retain",D4=""),E4="protocol_report"),"","not_applicable") | R4: Figure 2: 491 randomized, but branches are 245 CNRT + 245 varenicline = 490. The CNRT box itself says '245 Randomized to receive CNRT; 245 Received treatment as randomized; 1 Did not receive treatment as randomized', implying 246 randomized. Text explains 1 CNRT participant was removed after randomization (leaving 490).
A5: 2024::jama.2024.4183::C004 | B5: Results reverses attendance status for continuation assignments | C5: Main article p. 1; Main article p. 4; Main article p. 6. | D5: retain | E5: report_internal_inconsistency | F5: primary_done | G5: =IFERROR(IF(LEN(TRIM(CLEAN(SUBSTITUTE(Setup!$B$2,CHAR(160)," "))))=0,"ENTER REVIEWER ID",IF(OR(A5="",COUNTIF($A$2:$A$25,A5)<>1,LEFT(A5,LEN("2024::jama.2024.4183::"))<>"2024::jama.2024.4183::"),"CHECK KEY",IF(OR(AND(NOT(AND(D5="retain",E5="statistical_results")),H5<>"",H5<>"not_applicable"),AND(NOT(AND(D5="retain",E5="statistical_results")),I5<>"",I5<>"not_applicable"),AND(NOT(AND(D5="retain",E5="statistical_results")),J5<>"",J5<>"not_applicable"),AND(NOT(AND(D5="retain",OR(E5="report_internal_inconsistency",E5="plan_material"))),K5<>"",K5<>"not_applicable"),AND(NOT(AND(D5="retain",E5="protocol_report")),L5<>"",L5<>"not_applicable")),"CLEAR INACTIVE VALUES",IF(OR(NOT(OR(D5="retain",D5="exclude",D5="discuss")),NOT(OR(E5="statistical_results",E5="report_internal_inconsistency",E5="plan_material",E5="protocol_report")),AND(AND(D5="retain",E5="statistical_results"),NOT(OR(H5="confirmed_issue",H5="probable_issue",H5="not_issue",H5="indeterminate"))),AND(AND(D5="retain",E5="statistical_results"),NOT(OR(I5="substantive",I5="minor_presentation",I5="indeterminate"))),AND(AND(D5="retain",E5="statistical_results"),J5<>"",NOT(OR(J5="direct",J5="possible",J5="unlikely",J5="unknown"))),AND(AND(D5="retain",OR(E5="report_internal_inconsistency",E5="plan_material")),NOT(OR(K5="substantive_inconsistency",K5="minor_presentation",K5="non_inconsistency",K5="indeterminate"))),AND(AND(D5="retain",E5="protocol_report"),L5<>"",NOT(OR(L5="substantive_difference",L5="minor_presentation",L5="version_timing",L5="non_inconsistency",L5="indeterminate")))),"CHECK FIELDS",IF(AND(F5<>"",NOT(OR(F5="no",F5="primary_done"))),"CHECK COMPLETE",IF(F5<>"primary_done","PRIMARY DRAFT","PRIMARY READY")))))),"CHECK KEY / INPUT") | H5: =IF(AND(OR(D5="retain",D5=""),E5="statistical_results"),"","not_applicable") | I5: =IF(AND(OR(D5="retain",D5=""),E5="statistical_results"),"","not_applicable") | J5: =IF(AND(OR(D5="retain",D5=""),E5="statistical_results"),"","not_applicable") | K5: minor_presentation | L5: =IF(AND(OR(D5="retain",D5=""),E5="protocol_report"),"","not_applicable") | R5: Results: 'the 40 participants in the phase 1 CNRT group and the 35 in the varenicline group who did attend rerandomization were assigned to continue treatment'. Abstract and Figure 2 say these 40 and 35 did NOT return/attend and were imputed into continuation. The Results sentence drops 'not'; the design is clear from the other two places.
A6: 2024::jama.2024.4183::C005 | B6: CNRT dose-increase primary CrI differs between abstract and matched results | C6: Main article p. 1; Main article p. 5; Supplement 2 p. 21. | D6: retain | E6: statistical_results | F6: primary_done | G6: =IFERROR(IF(LEN(TRIM(CLEAN(SUBSTITUTE(Setup!$B$2,CHAR(160)," "))))=0,"ENTER REVIEWER ID",IF(OR(A6="",COUNTIF($A$2:$A$25,A6)<>1,LEFT(A6,LEN("2024::jama.2024.4183::"))<>"2024::jama.2024.4183::"),"CHECK KEY",IF(OR(AND(NOT(AND(D6="retain",E6="statistical_results")),H6<>"",H6<>"not_applicable"),AND(NOT(AND(D6="retain",E6="statistical_results")),I6<>"",I6<>"not_applicable"),AND(NOT(AND(D6="retain",E6="statistical_results")),J6<>"",J6<>"not_applicable"),AND(NOT(AND(D6="retain",OR(E6="report_internal_inconsistency",E6="plan_material"))),K6<>"",K6<>"not_applicable"),AND(NOT(AND(D6="retain",E6="protocol_report")),L6<>"",L6<>"not_applicable")),"CLEAR INACTIVE VALUES",IF(OR(NOT(OR(D6="retain",D6="exclude",D6="discuss")),NOT(OR(E6="statistical_results",E6="report_internal_inconsistency",E6="plan_material",E6="protocol_report")),AND(AND(D6="retain",E6="statistical_results"),NOT(OR(H6="confirmed_issue",H6="probable_issue",H6="not_issue",H6="indeterminate"))),AND(AND(D6="retain",E6="statistical_results"),NOT(OR(I6="substantive",I6="minor_presentation",I6="indeterminate"))),AND(AND(D6="retain",E6="statistical_results"),J6<>"",NOT(OR(J6="direct",J6="possible",J6="unlikely",J6="unknown"))),AND(AND(D6="retain",OR(E6="report_internal_inconsistency",E6="plan_material")),NOT(OR(K6="substantive_inconsistency",K6="minor_presentation",K6="non_inconsistency",K6="indeterminate"))),AND(AND(D6="retain",E6="protocol_report"),L6<>"",NOT(OR(L6="substantive_difference",L6="minor_presentation",L6="version_timing",L6="non_inconsistency",L6="indeterminate")))),"CHECK FIELDS",IF(AND(F6<>"",NOT(OR(F6="no",F6="primary_done"))),"CHECK COMPLETE",IF(F6<>"primary_done","PRIMARY DRAFT","PRIMARY READY")))))),"CHECK KEY / INPUT") | H6: confirmed_issue | I6: substantive | J6: direct | K6: =IF(AND(OR(D6="retain",D6=""),OR(E6="report_internal_inconsistency",E6="plan_material")),"","not_applicable") | L6: =IF(AND(OR(D6="retain",D6=""),E6="protocol_report"),"","not_applicable") | R6: Primary outcome, CNRT nonabstainers, increased dose vs continuation: Results and eTable 4 give RD 6% (95% CrI 2%-11%). The abstract, after listing both CNRT rescue arms, gives 'RD, 6%; 95% CrI, 6% to 11%', a lower limit equal to the point estimate. The abstract overstates precision of a primary-outcome contrast.
A7: 2024::jama.2024.4183::C006 | B7: CNRT switch primary CrI differs across abstract, Results, and eTable | C7: Main article p. 1; Main article p. 5; Supplement 2 p. 21. | D7: retain | E7: statistical_results | F7: primary_done | G7: =IFERROR(IF(LEN(TRIM(CLEAN(SUBSTITUTE(Setup!$B$2,CHAR(160)," "))))=0,"ENTER REVIEWER ID",IF(OR(A7="",COUNTIF($A$2:$A$25,A7)<>1,LEFT(A7,LEN("2024::jama.2024.4183::"))<>"2024::jama.2024.4183::"),"CHECK KEY",IF(OR(AND(NOT(AND(D7="retain",E7="statistical_results")),H7<>"",H7<>"not_applicable"),AND(NOT(AND(D7="retain",E7="statistical_results")),I7<>"",I7<>"not_applicable"),AND(NOT(AND(D7="retain",E7="statistical_results")),J7<>"",J7<>"not_applicable"),AND(NOT(AND(D7="retain",OR(E7="report_internal_inconsistency",E7="plan_material"))),K7<>"",K7<>"not_applicable"),AND(NOT(AND(D7="retain",E7="protocol_report")),L7<>"",L7<>"not_applicable")),"CLEAR INACTIVE VALUES",IF(OR(NOT(OR(D7="retain",D7="exclude",D7="discuss")),NOT(OR(E7="statistical_results",E7="report_internal_inconsistency",E7="plan_material",E7="protocol_report")),AND(AND(D7="retain",E7="statistical_results"),NOT(OR(H7="confirmed_issue",H7="probable_issue",H7="not_issue",H7="indeterminate"))),AND(AND(D7="retain",E7="statistical_results"),NOT(OR(I7="substantive",I7="minor_presentation",I7="indeterminate"))),AND(AND(D7="retain",E7="statistical_results"),J7<>"",NOT(OR(J7="direct",J7="possible",J7="unlikely",J7="unknown"))),AND(AND(D7="retain",OR(E7="report_internal_inconsistency",E7="plan_material")),NOT(OR(K7="substantive_inconsistency",K7="minor_presentation",K7="non_inconsistency",K7="indeterminate"))),AND(AND(D7="retain",E7="protocol_report"),L7<>"",NOT(OR(L7="substantive_difference",L7="minor_presentation",L7="version_timing",L7="non_inconsistency",L7="indeterminate")))),"CHECK FIELDS",IF(AND(F7<>"",NOT(OR(F7="no",F7="primary_done"))),"CHECK COMPLETE",IF(F7<>"primary_done","PRIMARY DRAFT","PRIMARY READY")))))),"CHECK KEY / INPUT") | H7: confirmed_issue | I7: substantive | J7: direct | K7: =IF(AND(OR(D7="retain",D7=""),OR(E7="report_internal_inconsistency",E7="plan_material")),"","not_applicable") | L7: =IF(AND(OR(D7="retain",D7=""),E7="protocol_report"),"","not_applicable") | R7: Primary outcome, CNRT nonabstainers, switch to varenicline vs continuation: abstract RD 6% (95% CrI 6%-11%); Results 6% (2%-11%) for 'both' strategies; eTable 4 6% (2%-10%). Three different intervals for one contrast; the abstract lower limit is clearly wrong and the Results/eTable upper limits disagree.
A8: 2024::jama.2024.4183::C007 | B8: Varenicline-to-CNRT switch contrast has inconsistent sign and reference | C8: Main article p. 1; Main article p. 5; Main article p. 7; Supplement 2 p. 21. | D8: retain | E8: statistical_results | F8: primary_done | G8: =IFERROR(IF(LEN(TRIM(CLEAN(SUBSTITUTE(Setup!$B$2,CHAR(160)," "))))=0,"ENTER REVIEWER ID",IF(OR(A8="",COUNTIF($A$2:$A$25,A8)<>1,LEFT(A8,LEN("2024::jama.2024.4183::"))<>"2024::jama.2024.4183::"),"CHECK KEY",IF(OR(AND(NOT(AND(D8="retain",E8="statistical_results")),H8<>"",H8<>"not_applicable"),AND(NOT(AND(D8="retain",E8="statistical_results")),I8<>"",I8<>"not_applicable"),AND(NOT(AND(D8="retain",E8="statistical_results")),J8<>"",J8<>"not_applicable"),AND(NOT(AND(D8="retain",OR(E8="report_internal_inconsistency",E8="plan_material"))),K8<>"",K8<>"not_applicable"),AND(NOT(AND(D8="retain",E8="protocol_report")),L8<>"",L8<>"not_applicable")),"CLEAR INACTIVE VALUES",IF(OR(NOT(OR(D8="retain",D8="exclude",D8="discuss")),NOT(OR(E8="statistical_results",E8="report_internal_inconsistency",E8="plan_material",E8="protocol_report")),AND(AND(D8="retain",E8="statistical_results"),NOT(OR(H8="confirmed_issue",H8="probable_issue",H8="not_issue",H8="indeterminate"))),AND(AND(D8="retain",E8="statistical_results"),NOT(OR(I8="substantive",I8="minor_presentation",I8="indeterminate"))),AND(AND(D8="retain",E8="statistical_results"),J8<>"",NOT(OR(J8="direct",J8="possible",J8="unlikely",J8="unknown"))),AND(AND(D8="retain",OR(E8="report_internal_inconsistency",E8="plan_material")),NOT(OR(K8="substantive_inconsistency",K8="minor_presentation",K8="non_inconsistency",K8="indeterminate"))),AND(AND(D8="retain",E8="protocol_report"),L8<>"",NOT(OR(L8="substantive_difference",L8="minor_presentation",L8="version_timing",L8="non_inconsistency",L8="indeterminate")))),"CHECK FIELDS",IF(AND(F8<>"",NOT(OR(F8="no",F8="primary_done"))),"CHECK COMPLETE",IF(F8<>"primary_done","PRIMARY DRAFT","PRIMARY READY")))))),"CHECK KEY / INPUT") | H8: confirmed_issue | I8: substantive | J8: direct | K8: =IF(AND(OR(D8="retain",D8=""),OR(E8="report_internal_inconsistency",E8="plan_material")),"","not_applicable") | L8: =IF(AND(OR(D8="retain",D8=""),E8="protocol_report"),"","not_applicable") | R8: Varenicline nonabstainers, switch to CNRT vs continuation: cells are 0/41 (0%) vs 2/77 (3%). Main text gives RD -3% (-4% to -1%) but says '>99% posterior probability that continuing was worse than switching'; eTable 4 labels 'CNRT (switch) vs Varenicline (stay)' as +3% (1%-4%). Sign/reference and the narrative direction conflict; the data show switching was not better.
A9: 2024::jama.2024.4183::C008 | B9: Increased-varenicline primary CrI upper endpoint differs | C9: Main article p. 1; Main article p. 5; Supplement 2 p. 21. | D9: retain | E9: statistical_results | F9: primary_done | G9: =IFERROR(IF(LEN(TRIM(CLEAN(SUBSTITUTE(Setup!$B$2,CHAR(160)," "))))=0,"ENTER REVIEWER ID",IF(OR(A9="",COUNTIF($A$2:$A$25,A9)<>1,LEFT(A9,LEN("2024::jama.2024.4183::"))<>"2024::jama.2024.4183::"),"CHECK KEY",IF(OR(AND(NOT(AND(D9="retain",E9="statistical_results")),H9<>"",H9<>"not_applicable"),AND(NOT(AND(D9="retain",E9="statistical_results")),I9<>"",I9<>"not_applicable"),AND(NOT(AND(D9="retain",E9="statistical_results")),J9<>"",J9<>"not_applicable"),AND(NOT(AND(D9="retain",OR(E9="report_internal_inconsistency",E9="plan_material"))),K9<>"",K9<>"not_applicable"),AND(NOT(AND(D9="retain",E9="protocol_report")),L9<>"",L9<>"not_applicable")),"CLEAR INACTIVE VALUES",IF(OR(NOT(OR(D9="retain",D9="exclude",D9="discuss")),NOT(OR(E9="statistical_results",E9="report_internal_inconsistency",E9="plan_material",E9="protocol_report")),AND(AND(D9="retain",E9="statistical_results"),NOT(OR(H9="confirmed_issue",H9="probable_issue",H9="not_issue",H9="indeterminate"))),AND(AND(D9="retain",E9="statistical_results"),NOT(OR(I9="substantive",I9="minor_presentation",I9="indeterminate"))),AND(AND(D9="retain",E9="statistical_results"),J9<>"",NOT(OR(J9="direct",J9="possible",J9="unlikely",J9="unknown"))),AND(AND(D9="retain",OR(E9="report_internal_inconsistency",E9="plan_material")),NOT(OR(K9="substantive_inconsistency",K9="minor_presentation",K9="non_inconsistency",K9="indeterminate"))),AND(AND(D9="retain",E9="protocol_report"),L9<>"",NOT(OR(L9="substantive_difference",L9="minor_presentation",L9="version_timing",L9="non_inconsistency",L9="indeterminate")))),"CHECK FIELDS",IF(AND(F9<>"",NOT(OR(F9="no",F9="primary_done"))),"CHECK COMPLETE",IF(F9<>"primary_done","PRIMARY DRAFT","PRIMARY READY")))))),"CHECK KEY / INPUT") | H9: confirmed_issue | I9: minor_presentation | J9: possible | K9: =IF(AND(OR(D9="retain",D9=""),OR(E9="report_internal_inconsistency",E9="plan_material")),"","not_applicable") | L9: =IF(AND(OR(D9="retain",D9=""),E9="protocol_report"),"","not_applicable") | R9: Increased varenicline vs continuation, primary outcome: abstract and Results RD 18% (95% CrI 13%-24%); eTable 4 18% (13%-23%). One upper limit is wrong; estimate and conclusion unaffected.
A10: 2024::jama.2024.4183::C009 | B10: Phase-1 abstainer primary CrI lower endpoint differs | C10: Main article p. 7; Supplement 2 p. 21. | D10: retain | E10: statistical_results | F10: primary_done | G10: =IFERROR(IF(LEN(TRIM(CLEAN(SUBSTITUTE(Setup!$B$2,CHAR(160)," "))))=0,"ENTER REVIEWER ID",IF(OR(A10="",COUNTIF($A$2:$A$25,A10)<>1,LEFT(A10,LEN("2024::jama.2024.4183::"))<>"2024::jama.2024.4183::"),"CHECK KEY",IF(OR(AND(NOT(AND(D10="retain",E10="statistical_results")),H10<>"",H10<>"not_applicable"),AND(NOT(AND(D10="retain",E10="statistical_results")),I10<>"",I10<>"not_applicable"),AND(NOT(AND(D10="retain",E10="statistical_results")),J10<>"",J10<>"not_applicable"),AND(NOT(AND(D10="retain",OR(E10="report_internal_inconsistency",E10="plan_material"))),K10<>"",K10<>"not_applicable"),AND(NOT(AND(D10="retain",E10="protocol_report")),L10<>"",L10<>"not_applicable")),"CLEAR INACTIVE VALUES",IF(OR(NOT(OR(D10="retain",D10="exclude",D10="discuss")),NOT(OR(E10="statistical_results",E10="report_internal_inconsistency",E10="plan_material",E10="protocol_report")),AND(AND(D10="retain",E10="statistical_results"),NOT(OR(H10="confirmed_issue",H10="probable_issue",H10="not_issue",H10="indeterminate"))),AND(AND(D10="retain",E10="statistical_results"),NOT(OR(I10="substantive",I10="minor_presentation",I10="indeterminate"))),AND(AND(D10="retain",E10="statistical_results"),J10<>"",NOT(OR(J10="direct",J10="possible",J10="unlikely",J10="unknown"))),AND(AND(D10="retain",OR(E10="report_internal_inconsistency",E10="plan_material")),NOT(OR(K10="substantive_inconsistency",K10="minor_presentation",K10="non_inconsistency",K10="indeterminate"))),AND(AND(D10="retain",E10="protocol_report"),L10<>"",NOT(OR(L10="substantive_difference",L10="minor_presentation",L10="version_timing",L10="non_inconsistency",L10="indeterminate")))),"CHECK FIELDS",IF(AND(F10<>"",NOT(OR(F10="no",F10="primary_done"))),"CHECK COMPLETE",IF(F10<>"primary_done","PRIMARY DRAFT","PRIMARY READY")))))),"CHECK KEY / INPUT") | H10: confirmed_issue | I10: minor_presentation | J10: possible | K10: =IF(AND(OR(D10="retain",D10=""),OR(E10="report_internal_inconsistency",E10="plan_material")),"","not_applicable") | L10: =IF(AND(OR(D10="retain",D10=""),E10="protocol_report"),"","not_applicable") | R10: Phase-1 abstainers, CNRT vs varenicline at week 12: main Results RD 6% (-5% to 16%); eTable 4 6% (-4% to 16%). Lower limits differ by 1 point; interpretation (interval includes 0) unchanged.
A11: 2024::jama.2024.4183::C010 | B11: Protocol beta parameters do not reproduce the paired varenicline response probability | C11: Protocol p. 32, Figure 2. | D11: retain | E11: plan_material | F11: primary_done | G11: =IFERROR(IF(LEN(TRIM(CLEAN(SUBSTITUTE(Setup!$B$2,CHAR(160)," "))))=0,"ENTER REVIEWER ID",IF(OR(A11="",COUNTIF($A$2:$A$25,A11)<>1,LEFT(A11,LEN("2024::jama.2024.4183::"))<>"2024::jama.2024.4183::"),"CHECK KEY",IF(OR(AND(NOT(AND(D11="retain",E11="statistical_results")),H11<>"",H11<>"not_applicable"),AND(NOT(AND(D11="retain",E11="statistical_results")),I11<>"",I11<>"not_applicable"),AND(NOT(AND(D11="retain",E11="statistical_results")),J11<>"",J11<>"not_applicable"),AND(NOT(AND(D11="retain",OR(E11="report_internal_inconsistency",E11="plan_material"))),K11<>"",K11<>"not_applicable"),AND(NOT(AND(D11="retain",E11="protocol_report")),L11<>"",L11<>"not_applicable")),"CLEAR INACTIVE VALUES",IF(OR(NOT(OR(D11="retain",D11="exclude",D11="discuss")),NOT(OR(E11="statistical_results",E11="report_internal_inconsistency",E11="plan_material",E11="protocol_report")),AND(AND(D11="retain",E11="statistical_results"),NOT(OR(H11="confirmed_issue",H11="probable_issue",H11="not_issue",H11="indeterminate"))),AND(AND(D11="retain",E11="statistical_results"),NOT(OR(I11="substantive",I11="minor_presentation",I11="indeterminate"))),AND(AND(D11="retain",E11="statistical_results"),J11<>"",NOT(OR(J11="direct",J11="possible",J11="unlikely",J11="unknown"))),AND(AND(D11="retain",OR(E11="report_internal_inconsistency",E11="plan_material")),NOT(OR(K11="substantive_inconsistency",K11="minor_presentation",K11="non_inconsistency",K11="indeterminate"))),AND(AND(D11="retain",E11="protocol_report"),L11<>"",NOT(OR(L11="substantive_difference",L11="minor_presentation",L11="version_timing",L11="non_inconsistency",L11="indeterminate")))),"CHECK FIELDS",IF(AND(F11<>"",NOT(OR(F11="no",F11="primary_done"))),"CHECK COMPLETE",IF(F11<>"primary_done","PRIMARY DRAFT","PRIMARY READY")))))),"CHECK KEY / INPUT") | H11: =IF(AND(OR(D11="retain",D11=""),E11="statistical_results"),"","not_applicable") | I11: =IF(AND(OR(D11="retain",D11=""),E11="statistical_results"),"","not_applicable") | J11: =IF(AND(OR(D11="retain",D11=""),E11="statistical_results"),"","not_applicable") | K11: minor_presentation | L11: =IF(AND(OR(D11="retain",D11=""),E11="protocol_report"),"","not_applicable") | R11: Protocol Figure 2 pairs varenicline week-6 response '0.50, 0.40-0.60' with ~Beta(785, 869). That Beta has mean 0.475 and 95% interval about 0.451-0.499, so it does not describe 0.50 (0.40-0.60) (Beta(47.3, 47.3) would). The CNRT response row Beta(193, 210) also has a narrower interval (0.43-0.53) than its printed 0.38-0.58. Simulation-input inconsistency.
A12: 2024::jama.2024.4183::C011 | B12: Protocol Aim-1 power increases at a stricter nested threshold | C12: Protocol p. 34, Table 3. | D12: retain | E12: plan_material | F12: primary_done | G12: =IFERROR(IF(LEN(TRIM(CLEAN(SUBSTITUTE(Setup!$B$2,CHAR(160)," "))))=0,"ENTER REVIEWER ID",IF(OR(A12="",COUNTIF($A$2:$A$25,A12)<>1,LEFT(A12,LEN("2024::jama.2024.4183::"))<>"2024::jama.2024.4183::"),"CHECK KEY",IF(OR(AND(NOT(AND(D12="retain",E12="statistical_results")),H12<>"",H12<>"not_applicable"),AND(NOT(AND(D12="retain",E12="statistical_results")),I12<>"",I12<>"not_applicable"),AND(NOT(AND(D12="retain",E12="statistical_results")),J12<>"",J12<>"not_applicable"),AND(NOT(AND(D12="retain",OR(E12="report_internal_inconsistency",E12="plan_material"))),K12<>"",K12<>"not_applicable"),AND(NOT(AND(D12="retain",E12="protocol_report")),L12<>"",L12<>"not_applicable")),"CLEAR INACTIVE VALUES",IF(OR(NOT(OR(D12="retain",D12="exclude",D12="discuss")),NOT(OR(E12="statistical_results",E12="report_internal_inconsistency",E12="plan_material",E12="protocol_report")),AND(AND(D12="retain",E12="statistical_results"),NOT(OR(H12="confirmed_issue",H12="probable_issue",H12="not_issue",H12="indeterminate"))),AND(AND(D12="retain",E12="statistical_results"),NOT(OR(I12="substantive",I12="minor_presentation",I12="indeterminate"))),AND(AND(D12="retain",E12="statistical_results"),J12<>"",NOT(OR(J12="direct",J12="possible",J12="unlikely",J12="unknown"))),AND(AND(D12="retain",OR(E12="report_internal_inconsistency",E12="plan_material")),NOT(OR(K12="substantive_inconsistency",K12="minor_presentation",K12="non_inconsistency",K12="indeterminate"))),AND(AND(D12="retain",E12="protocol_report"),L12<>"",NOT(OR(L12="substantive_difference",L12="minor_presentation",L12="version_timing",L12="non_inconsistency",L12="indeterminate")))),"CHECK FIELDS",IF(AND(F12<>"",NOT(OR(F12="no",F12="primary_done"))),"CHECK COMPLETE",IF(F12<>"primary_done","PRIMARY DRAFT","PRIMARY READY")))))),"CHECK KEY / INPUT") | H12: =IF(AND(OR(D12="retain",D12=""),E12="statistical_results"),"","not_applicable") | I12: =IF(AND(OR(D12="retain",D12=""),E12="statistical_results"),"","not_applicable") | J12: =IF(AND(OR(D12="retain",D12=""),E12="statistical_results"),"","not_applicable") | K12: minor_presentation | L12: =IF(AND(OR(D12="retain",D12=""),E12="protocol_report"),"","not_applicable") | R12: Protocol Table 3, Aim 1: power to detect posterior probability of benefit is 0.948 at 0.80, 0.980 at 0.85, 0.974 at 0.90, 0.963 at 0.95. With the same simulated data sets, power cannot rise as the threshold becomes stricter (0.80 -> 0.85). If simulations were independent, a 0.032 difference is about 3.9 MC SEs (K=1000), so an entry error is likely.
A13: 2024::jama.2024.4183::C012 | B13: Protocol Table 3 duplicates an Aim-2 comparator label | C13: Protocol p. 29; Protocol p. 33; Protocol p. 34. | D13: retain | E13: plan_material | F13: primary_done | G13: =IFERROR(IF(LEN(TRIM(CLEAN(SUBSTITUTE(Setup!$B$2,CHAR(160)," "))))=0,"ENTER REVIEWER ID",IF(OR(A13="",COUNTIF($A$2:$A$25,A13)<>1,LEFT(A13,LEN("2024::jama.2024.4183::"))<>"2024::jama.2024.4183::"),"CHECK KEY",IF(OR(AND(NOT(AND(D13="retain",E13="statistical_results")),H13<>"",H13<>"not_applicable"),AND(NOT(AND(D13="retain",E13="statistical_results")),I13<>"",I13<>"not_applicable"),AND(NOT(AND(D13="retain",E13="statistical_results")),J13<>"",J13<>"not_applicable"),AND(NOT(AND(D13="retain",OR(E13="report_internal_inconsistency",E13="plan_material"))),K13<>"",K13<>"not_applicable"),AND(NOT(AND(D13="retain",E13="protocol_report")),L13<>"",L13<>"not_applicable")),"CLEAR INACTIVE VALUES",IF(OR(NOT(OR(D13="retain",D13="exclude",D13="discuss")),NOT(OR(E13="statistical_results",E13="report_internal_inconsistency",E13="plan_material",E13="protocol_report")),AND(AND(D13="retain",E13="statistical_results"),NOT(OR(H13="confirmed_issue",H13="probable_issue",H13="not_issue",H13="indeterminate"))),AND(AND(D13="retain",E13="statistical_results"),NOT(OR(I13="substantive",I13="minor_presentation",I13="indeterminate"))),AND(AND(D13="retain",E13="statistical_results"),J13<>"",NOT(OR(J13="direct",J13="possible",J13="unlikely",J13="unknown"))),AND(AND(D13="retain",OR(E13="report_internal_inconsistency",E13="plan_material")),NOT(OR(K13="substantive_inconsistency",K13="minor_presentation",K13="non_inconsistency",K13="indeterminate"))),AND(AND(D13="retain",E13="protocol_report"),L13<>"",NOT(OR(L13="substantive_difference",L13="minor_presentation",L13="version_timing",L13="non_inconsistency",L13="indeterminate")))),"CHECK FIELDS",IF(AND(F13<>"",NOT(OR(F13="no",F13="primary_done"))),"CHECK COMPLETE",IF(F13<>"primary_done","PRIMARY DRAFT","PRIMARY READY")))))),"CHECK KEY / INPUT") | H13: =IF(AND(OR(D13="retain",D13=""),E13="statistical_results"),"","not_applicable") | I13: =IF(AND(OR(D13="retain",D13=""),E13="statistical_results"),"","not_applicable") | J13: =IF(AND(OR(D13="retain",D13=""),E13="statistical_results"),"","not_applicable") | K13: minor_presentation | L13: =IF(AND(OR(D13="retain",D13=""),E13="protocol_report"),"","not_applicable") | R13: Protocol Table 3, Aim 2 lists 'VAR vs. NPL' twice (estimates 0.370 and 0.195). From Table 2 cell estimates, 0.399 - 0.029 = 0.370 (VAR vs NPL) and 0.399 - 0.204 = 0.195 (VAR vs NPL+), matching the Aim 2 hypotheses on p.29. The third label should be VAR vs NPL+.
A14: 2024::jama.2024.4183::C013 | B14: ETable 3 reverses count and percentage in one n (%) cell | C14: Supplement 2 p. 19, ETable 3. | D14: retain | E14: report_internal_inconsistency | F14: primary_done | G14: =IFERROR(IF(LEN(TRIM(CLEAN(SUBSTITUTE(Setup!$B$2,CHAR(160)," "))))=0,"ENTER REVIEWER ID",IF(OR(A14="",COUNTIF($A$2:$A$25,A14)<>1,LEFT(A14,LEN("2024::jama.2024.4183::"))<>"2024::jama.2024.4183::"),"CHECK KEY",IF(OR(AND(NOT(AND(D14="retain",E14="statistical_results")),H14<>"",H14<>"not_applicable"),AND(NOT(AND(D14="retain",E14="statistical_results")),I14<>"",I14<>"not_applicable"),AND(NOT(AND(D14="retain",E14="statistical_results")),J14<>"",J14<>"not_applicable"),AND(NOT(AND(D14="retain",OR(E14="report_internal_inconsistency",E14="plan_material"))),K14<>"",K14<>"not_applicable"),AND(NOT(AND(D14="retain",E14="protocol_report")),L14<>"",L14<>"not_applicable")),"CLEAR INACTIVE VALUES",IF(OR(NOT(OR(D14="retain",D14="exclude",D14="discuss")),NOT(OR(E14="statistical_results",E14="report_internal_inconsistency",E14="plan_material",E14="protocol_report")),AND(AND(D14="retain",E14="statistical_results"),NOT(OR(H14="confirmed_issue",H14="probable_issue",H14="not_issue",H14="indeterminate"))),AND(AND(D14="retain",E14="statistical_results"),NOT(OR(I14="substantive",I14="minor_presentation",I14="indeterminate"))),AND(AND(D14="retain",E14="statistical_results"),J14<>"",NOT(OR(J14="direct",J14="possible",J14="unlikely",J14="unknown"))),AND(AND(D14="retain",OR(E14="report_internal_inconsistency",E14="plan_material")),NOT(OR(K14="substantive_inconsistency",K14="minor_presentation",K14="non_inconsistency",K14="indeterminate"))),AND(AND(D14="retain",E14="protocol_report"),L14<>"",NOT(OR(L14="substantive_difference",L14="minor_presentation",L14="version_timing",L14="non_inconsistency",L14="indeterminate")))),"CHECK FIELDS",IF(AND(F14<>"",NOT(OR(F14="no",F14="primary_done"))),"CHECK COMPLETE",IF(F14<>"primary_done","PRIMARY DRAFT","PRIMARY READY")))))),"CHECK KEY / INPUT") | H14: =IF(AND(OR(D14="retain",D14=""),E14="statistical_results"),"","not_applicable") | I14: =IF(AND(OR(D14="retain",D14=""),E14="statistical_results"),"","not_applicable") | J14: =IF(AND(OR(D14="retain",D14=""),E14="statistical_results"),"","not_applicable") | K14: minor_presentation | L14: =IF(AND(OR(D14="retain",D14=""),E14="protocol_report"),"","not_applicable") | R14: eTable 3, race 'Other' in the varenicline-nonabstainer-to-CNRT column (N=41) prints '4.9 (2)' under an n (%) heading; 2/41 = 4.9%, so count and percentage are transposed. Values recoverable.
A15: 2024::jama.2024.4183::C014 | B15: EOT+30 CNRT-switch cell estimate and CrI do not reconcile with matched figure as printed | C15: Supplement 2 p. 10; Supplement 2 p. 15. | D15: retain | E15: statistical_results | F15: primary_done | G15: =IFERROR(IF(LEN(TRIM(CLEAN(SUBSTITUTE(Setup!$B$2,CHAR(160)," "))))=0,"ENTER REVIEWER ID",IF(OR(A15="",COUNTIF($A$2:$A$25,A15)<>1,LEFT(A15,LEN("2024::jama.2024.4183::"))<>"2024::jama.2024.4183::"),"CHECK KEY",IF(OR(AND(NOT(AND(D15="retain",E15="statistical_results")),H15<>"",H15<>"not_applicable"),AND(NOT(AND(D15="retain",E15="statistical_results")),I15<>"",I15<>"not_applicable"),AND(NOT(AND(D15="retain",E15="statistical_results")),J15<>"",J15<>"not_applicable"),AND(NOT(AND(D15="retain",OR(E15="report_internal_inconsistency",E15="plan_material"))),K15<>"",K15<>"not_applicable"),AND(NOT(AND(D15="retain",E15="protocol_report")),L15<>"",L15<>"not_applicable")),"CLEAR INACTIVE VALUES",IF(OR(NOT(OR(D15="retain",D15="exclude",D15="discuss")),NOT(OR(E15="statistical_results",E15="report_internal_inconsistency",E15="plan_material",E15="protocol_report")),AND(AND(D15="retain",E15="statistical_results"),NOT(OR(H15="confirmed_issue",H15="probable_issue",H15="not_issue",H15="indeterminate"))),AND(AND(D15="retain",E15="statistical_results"),NOT(OR(I15="substantive",I15="minor_presentation",I15="indeterminate"))),AND(AND(D15="retain",E15="statistical_results"),J15<>"",NOT(OR(J15="direct",J15="possible",J15="unlikely",J15="unknown"))),AND(AND(D15="retain",OR(E15="report_internal_inconsistency",E15="plan_material")),NOT(OR(K15="substantive_inconsistency",K15="minor_presentation",K15="non_inconsistency",K15="indeterminate"))),AND(AND(D15="retain",E15="protocol_report"),L15<>"",NOT(OR(L15="substantive_difference",L15="minor_presentation",L15="version_timing",L15="non_inconsistency",L15="indeterminate")))),"CHECK FIELDS",IF(AND(F15<>"",NOT(OR(F15="no",F15="primary_done"))),"CHECK COMPLETE",IF(F15<>"primary_done","PRIMARY DRAFT","PRIMARY READY")))))),"CHECK KEY / INPUT") | H15: confirmed_issue | I15: minor_presentation | J15: unlikely | K15: =IF(AND(OR(D15="retain",D15=""),OR(E15="report_internal_inconsistency",E15="plan_material")),"","not_applicable") | L15: =IF(AND(OR(D15="retain",D15=""),E15="protocol_report"),"","not_applicable") | R15: eAppendix narrative, EOT+30 continuous abstinence, CNRT nonabstainers switched to varenicline: '1.0% (7.0%-1.3%)'. eFigure 2 gives 5/51, 10% (7%-13%). Narrative value is a corrupted rendering (estimate outside its own interval; upper < lower).
A16: 2024::jama.2024.4183::C015 | B16: EOT+30 increased-CNRT cell CrI upper endpoint does not reconcile with matched figure as printed | C16: Supplement 2 p. 10; Supplement 2 p. 15. | D16: retain | E16: statistical_results | F16: primary_done | G16: =IFERROR(IF(LEN(TRIM(CLEAN(SUBSTITUTE(Setup!$B$2,CHAR(160)," "))))=0,"ENTER REVIEWER ID",IF(OR(A16="",COUNTIF($A$2:$A$25,A16)<>1,LEFT(A16,LEN("2024::jama.2024.4183::"))<>"2024::jama.2024.4183::"),"CHECK KEY",IF(OR(AND(NOT(AND(D16="retain",E16="statistical_results")),H16<>"",H16<>"not_applicable"),AND(NOT(AND(D16="retain",E16="statistical_results")),I16<>"",I16<>"not_applicable"),AND(NOT(AND(D16="retain",E16="statistical_results")),J16<>"",J16<>"not_applicable"),AND(NOT(AND(D16="retain",OR(E16="report_internal_inconsistency",E16="plan_material"))),K16<>"",K16<>"not_applicable"),AND(NOT(AND(D16="retain",E16="protocol_report")),L16<>"",L16<>"not_applicable")),"CLEAR INACTIVE VALUES",IF(OR(NOT(OR(D16="retain",D16="exclude",D16="discuss")),NOT(OR(E16="statistical_results",E16="report_internal_inconsistency",E16="plan_material",E16="protocol_report")),AND(AND(D16="retain",E16="statistical_results"),NOT(OR(H16="confirmed_issue",H16="probable_issue",H16="not_issue",H16="indeterminate"))),AND(AND(D16="retain",E16="statistical_results"),NOT(OR(I16="substantive",I16="minor_presentation",I16="indeterminate"))),AND(AND(D16="retain",E16="statistical_results"),J16<>"",NOT(OR(J16="direct",J16="possible",J16="unlikely",J16="unknown"))),AND(AND(D16="retain",OR(E16="report_internal_inconsistency",E16="plan_material")),NOT(OR(K16="substantive_inconsistency",K16="minor_presentation",K16="non_inconsistency",K16="indeterminate"))),AND(AND(D16="retain",E16="protocol_report"),L16<>"",NOT(OR(L16="substantive_difference",L16="minor_presentation",L16="version_timing",L16="non_inconsistency",L16="indeterminate")))),"CHECK FIELDS",IF(AND(F16<>"",NOT(OR(F16="no",F16="primary_done"))),"CHECK COMPLETE",IF(F16<>"primary_done","PRIMARY DRAFT","PRIMARY READY")))))),"CHECK KEY / INPUT") | H16: confirmed_issue | I16: minor_presentation | J16: unlikely | K16: =IF(AND(OR(D16="retain",D16=""),OR(E16="report_internal_inconsistency",E16="plan_material")),"","not_applicable") | L16: =IF(AND(OR(D16="retain",D16=""),E16="protocol_report"),"","not_applicable") | R16: Narrative, EOT+30, CNRT nonabstainers increased dose: '8.0% (5.0%-1.1%)'; eFigure 2 gives 4/50, 8% (5%-11%). Upper limit printed as 1.1% instead of 11%.
A17: 2024::jama.2024.4183::C016 | B17: EOT+30 CNRT-switch ARD CrI upper endpoint does not reconcile with matched table as printed | C17: Supplement 2 p. 10; Supplement 2 p. 33. | D17: retain | E17: statistical_results | F17: primary_done | G17: =IFERROR(IF(LEN(TRIM(CLEAN(SUBSTITUTE(Setup!$B$2,CHAR(160)," "))))=0,"ENTER REVIEWER ID",IF(OR(A17="",COUNTIF($A$2:$A$25,A17)<>1,LEFT(A17,LEN("2024::jama.2024.4183::"))<>"2024::jama.2024.4183::"),"CHECK KEY",IF(OR(AND(NOT(AND(D17="retain",E17="statistical_results")),H17<>"",H17<>"not_applicable"),AND(NOT(AND(D17="retain",E17="statistical_results")),I17<>"",I17<>"not_applicable"),AND(NOT(AND(D17="retain",E17="statistical_results")),J17<>"",J17<>"not_applicable"),AND(NOT(AND(D17="retain",OR(E17="report_internal_inconsistency",E17="plan_material"))),K17<>"",K17<>"not_applicable"),AND(NOT(AND(D17="retain",E17="protocol_report")),L17<>"",L17<>"not_applicable")),"CLEAR INACTIVE VALUES",IF(OR(NOT(OR(D17="retain",D17="exclude",D17="discuss")),NOT(OR(E17="statistical_results",E17="report_internal_inconsistency",E17="plan_material",E17="protocol_report")),AND(AND(D17="retain",E17="statistical_results"),NOT(OR(H17="confirmed_issue",H17="probable_issue",H17="not_issue",H17="indeterminate"))),AND(AND(D17="retain",E17="statistical_results"),NOT(OR(I17="substantive",I17="minor_presentation",I17="indeterminate"))),AND(AND(D17="retain",E17="statistical_results"),J17<>"",NOT(OR(J17="direct",J17="possible",J17="unlikely",J17="unknown"))),AND(AND(D17="retain",OR(E17="report_internal_inconsistency",E17="plan_material")),NOT(OR(K17="substantive_inconsistency",K17="minor_presentation",K17="non_inconsistency",K17="indeterminate"))),AND(AND(D17="retain",E17="protocol_report"),L17<>"",NOT(OR(L17="substantive_difference",L17="minor_presentation",L17="version_timing",L17="non_inconsistency",L17="indeterminate")))),"CHECK FIELDS",IF(AND(F17<>"",NOT(OR(F17="no",F17="primary_done"))),"CHECK COMPLETE",IF(F17<>"primary_done","PRIMARY DRAFT","PRIMARY READY")))))),"CHECK KEY / INPUT") | H17: confirmed_issue | I17: minor_presentation | J17: unlikely | K17: =IF(AND(OR(D17="retain",D17=""),OR(E17="report_internal_inconsistency",E17="plan_material")),"","not_applicable") | L17: =IF(AND(OR(D17="retain",D17=""),E17="protocol_report"),"","not_applicable") | R17: Narrative, EOT+30, CNRT switch vs continuation ARD '6.0% (3.0%-1.0%)'; eTable 9 gives 6% (3%-10%). Upper limit printed as 1.0% instead of 10%.
A18: 2024::jama.2024.4183::C017 | B18: EOT+30 increased-varenicline narrative has repeated intervals that do not reconcile as printed | C18: Supplement 2 p. 10; Supplement 2 p. 11; Supplement 2 p. 15; Supplement 2 p. 33; Supplement 2 p. 34. | D18: retain | E18: statistical_results | F18: primary_done | G18: =IFERROR(IF(LEN(TRIM(CLEAN(SUBSTITUTE(Setup!$B$2,CHAR(160)," "))))=0,"ENTER REVIEWER ID",IF(OR(A18="",COUNTIF($A$2:$A$25,A18)<>1,LEFT(A18,LEN("2024::jama.2024.4183::"))<>"2024::jama.2024.4183::"),"CHECK KEY",IF(OR(AND(NOT(AND(D18="retain",E18="statistical_results")),H18<>"",H18<>"not_applicable"),AND(NOT(AND(D18="retain",E18="statistical_results")),I18<>"",I18<>"not_applicable"),AND(NOT(AND(D18="retain",E18="statistical_results")),J18<>"",J18<>"not_applicable"),AND(NOT(AND(D18="retain",OR(E18="report_internal_inconsistency",E18="plan_material"))),K18<>"",K18<>"not_applicable"),AND(NOT(AND(D18="retain",E18="protocol_report")),L18<>"",L18<>"not_applicable")),"CLEAR INACTIVE VALUES",IF(OR(NOT(OR(D18="retain",D18="exclude",D18="discuss")),NOT(OR(E18="statistical_results",E18="report_internal_inconsistency",E18="plan_material",E18="protocol_report")),AND(AND(D18="retain",E18="statistical_results"),NOT(OR(H18="confirmed_issue",H18="probable_issue",H18="not_issue",H18="indeterminate"))),AND(AND(D18="retain",E18="statistical_results"),NOT(OR(I18="substantive",I18="minor_presentation",I18="indeterminate"))),AND(AND(D18="retain",E18="statistical_results"),J18<>"",NOT(OR(J18="direct",J18="possible",J18="unlikely",J18="unknown"))),AND(AND(D18="retain",OR(E18="report_internal_inconsistency",E18="plan_material")),NOT(OR(K18="substantive_inconsistency",K18="minor_presentation",K18="non_inconsistency",K18="indeterminate"))),AND(AND(D18="retain",E18="protocol_report"),L18<>"",NOT(OR(L18="substantive_difference",L18="minor_presentation",L18="version_timing",L18="non_inconsistency",L18="indeterminate")))),"CHECK FIELDS",IF(AND(F18<>"",NOT(OR(F18="no",F18="primary_done"))),"CHECK COMPLETE",IF(F18<>"primary_done","PRIMARY DRAFT","PRIMARY READY")))))),"CHECK KEY / INPUT") | H18: confirmed_issue | I18: minor_presentation | J18: unlikely | K18: =IF(AND(OR(D18="retain",D18=""),OR(E18="report_internal_inconsistency",E18="plan_material")),"","not_applicable") | L18: =IF(AND(OR(D18="retain",D18=""),E18="protocol_report"),"","not_applicable") | R18: Narrative repeats '8.0% (5.0%-1.1%)' three times for EOT+30 varenicline+ (cell probability, ARD vs continuation, ARD vs switch); eFigure 2 and eTables 9-10 give 8% (5%-11%). Same decimal error repeated.
A19: 2024::jama.2024.4183::C018 | B19: EOT+30 abstainer ARD is 1.1% in narrative but 11% in eTable | C19: Supplement 2 p. 11; Supplement 2 p. 15; Supplement 2 p. 35. | D19: retain | E19: statistical_results | F19: primary_done | G19: =IFERROR(IF(LEN(TRIM(CLEAN(SUBSTITUTE(Setup!$B$2,CHAR(160)," "))))=0,"ENTER REVIEWER ID",IF(OR(A19="",COUNTIF($A$2:$A$25,A19)<>1,LEFT(A19,LEN("2024::jama.2024.4183::"))<>"2024::jama.2024.4183::"),"CHECK KEY",IF(OR(AND(NOT(AND(D19="retain",E19="statistical_results")),H19<>"",H19<>"not_applicable"),AND(NOT(AND(D19="retain",E19="statistical_results")),I19<>"",I19<>"not_applicable"),AND(NOT(AND(D19="retain",E19="statistical_results")),J19<>"",J19<>"not_applicable"),AND(NOT(AND(D19="retain",OR(E19="report_internal_inconsistency",E19="plan_material"))),K19<>"",K19<>"not_applicable"),AND(NOT(AND(D19="retain",E19="protocol_report")),L19<>"",L19<>"not_applicable")),"CLEAR INACTIVE VALUES",IF(OR(NOT(OR(D19="retain",D19="exclude",D19="discuss")),NOT(OR(E19="statistical_results",E19="report_internal_inconsistency",E19="plan_material",E19="protocol_report")),AND(AND(D19="retain",E19="statistical_results"),NOT(OR(H19="confirmed_issue",H19="probable_issue",H19="not_issue",H19="indeterminate"))),AND(AND(D19="retain",E19="statistical_results"),NOT(OR(I19="substantive",I19="minor_presentation",I19="indeterminate"))),AND(AND(D19="retain",E19="statistical_results"),J19<>"",NOT(OR(J19="direct",J19="possible",J19="unlikely",J19="unknown"))),AND(AND(D19="retain",OR(E19="report_internal_inconsistency",E19="plan_material")),NOT(OR(K19="substantive_inconsistency",K19="minor_presentation",K19="non_inconsistency",K19="indeterminate"))),AND(AND(D19="retain",E19="protocol_report"),L19<>"",NOT(OR(L19="substantive_difference",L19="minor_presentation",L19="version_timing",L19="non_inconsistency",L19="indeterminate")))),"CHECK FIELDS",IF(AND(F19<>"",NOT(OR(F19="no",F19="primary_done"))),"CHECK COMPLETE",IF(F19<>"primary_done","PRIMARY DRAFT","PRIMARY READY")))))),"CHECK KEY / INPUT") | H19: confirmed_issue | I19: substantive | J19: possible | K19: =IF(AND(OR(D19="retain",D19=""),OR(E19="report_internal_inconsistency",E19="plan_material")),"","not_applicable") | L19: =IF(AND(OR(D19="retain",D19=""),E19="protocol_report"),"","not_applicable") | R19: Narrative, EOT+30, phase-1 abstainers: CNRT 67% vs varenicline 56%, posterior probability 97%, 'ARD = 1.1% (-1.0%-22%)'. eTable 11 gives 11% (-1%-22%). Unlike the malformed intervals elsewhere, 1.1% lies inside its interval and looks plausible, understating the effect tenfold.
A20: 2024::jama.2024.4183::C019 | B20: Six-month CNRT-switch cross-reference does not directly identify the matched table | C20: Supplement 2 p. 11; Supplement 2 p. 31; Supplement 2 p. 33. | D20: retain | E20: report_internal_inconsistency | F20: primary_done | G20: =IFERROR(IF(LEN(TRIM(CLEAN(SUBSTITUTE(Setup!$B$2,CHAR(160)," "))))=0,"ENTER REVIEWER ID",IF(OR(A20="",COUNTIF($A$2:$A$25,A20)<>1,LEFT(A20,LEN("2024::jama.2024.4183::"))<>"2024::jama.2024.4183::"),"CHECK KEY",IF(OR(AND(NOT(AND(D20="retain",E20="statistical_results")),H20<>"",H20<>"not_applicable"),AND(NOT(AND(D20="retain",E20="statistical_results")),I20<>"",I20<>"not_applicable"),AND(NOT(AND(D20="retain",E20="statistical_results")),J20<>"",J20<>"not_applicable"),AND(NOT(AND(D20="retain",OR(E20="report_internal_inconsistency",E20="plan_material"))),K20<>"",K20<>"not_applicable"),AND(NOT(AND(D20="retain",E20="protocol_report")),L20<>"",L20<>"not_applicable")),"CLEAR INACTIVE VALUES",IF(OR(NOT(OR(D20="retain",D20="exclude",D20="discuss")),NOT(OR(E20="statistical_results",E20="report_internal_inconsistency",E20="plan_material",E20="protocol_report")),AND(AND(D20="retain",E20="statistical_results"),NOT(OR(H20="confirmed_issue",H20="probable_issue",H20="not_issue",H20="indeterminate"))),AND(AND(D20="retain",E20="statistical_results"),NOT(OR(I20="substantive",I20="minor_presentation",I20="indeterminate"))),AND(AND(D20="retain",E20="statistical_results"),J20<>"",NOT(OR(J20="direct",J20="possible",J20="unlikely",J20="unknown"))),AND(AND(D20="retain",OR(E20="report_internal_inconsistency",E20="plan_material")),NOT(OR(K20="substantive_inconsistency",K20="minor_presentation",K20="non_inconsistency",K20="indeterminate"))),AND(AND(D20="retain",E20="protocol_report"),L20<>"",NOT(OR(L20="substantive_difference",L20="minor_presentation",L20="version_timing",L20="non_inconsistency",L20="indeterminate")))),"CHECK FIELDS",IF(AND(F20<>"",NOT(OR(F20="no",F20="primary_done"))),"CHECK COMPLETE",IF(F20<>"primary_done","PRIMARY DRAFT","PRIMARY READY")))))),"CHECK KEY / INPUT") | H20: =IF(AND(OR(D20="retain",D20=""),E20="statistical_results"),"","not_applicable") | I20: =IF(AND(OR(D20="retain",D20=""),E20="statistical_results"),"","not_applicable") | J20: =IF(AND(OR(D20="retain",D20=""),E20="statistical_results"),"","not_applicable") | K20: minor_presentation | L20: =IF(AND(OR(D20="retain",D20=""),E20="protocol_report"),"","not_applicable") | R20: Narrative cites 'E-Table 7' for the 6-month CNRT switch vs continuation ARD 1.0% (-2.0%-3.0%), probability 66%; eTable 7 is phase-1 visit/medication compliance, and the matching result is in eTable 9 (1% (-2%-3%), 66%). Wrong cross-reference.
A21: 2024::jama.2024.4183::C020 | B21: Six-month abstainer narrative interval and direction do not reconcile with matched sources | C21: Supplement 2 p. 12; Supplement 2 p. 16; Supplement 2 p. 35. | D21: retain | E21: statistical_results | F21: primary_done | G21: =IFERROR(IF(LEN(TRIM(CLEAN(SUBSTITUTE(Setup!$B$2,CHAR(160)," "))))=0,"ENTER REVIEWER ID",IF(OR(A21="",COUNTIF($A$2:$A$25,A21)<>1,LEFT(A21,LEN("2024::jama.2024.4183::"))<>"2024::jama.2024.4183::"),"CHECK KEY",IF(OR(AND(NOT(AND(D21="retain",E21="statistical_results")),H21<>"",H21<>"not_applicable"),AND(NOT(AND(D21="retain",E21="statistical_results")),I21<>"",I21<>"not_applicable"),AND(NOT(AND(D21="retain",E21="statistical_results")),J21<>"",J21<>"not_applicable"),AND(NOT(AND(D21="retain",OR(E21="report_internal_inconsistency",E21="plan_material"))),K21<>"",K21<>"not_applicable"),AND(NOT(AND(D21="retain",E21="protocol_report")),L21<>"",L21<>"not_applicable")),"CLEAR INACTIVE VALUES",IF(OR(NOT(OR(D21="retain",D21="exclude",D21="discuss")),NOT(OR(E21="statistical_results",E21="report_internal_inconsistency",E21="plan_material",E21="protocol_report")),AND(AND(D21="retain",E21="statistical_results"),NOT(OR(H21="confirmed_issue",H21="probable_issue",H21="not_issue",H21="indeterminate"))),AND(AND(D21="retain",E21="statistical_results"),NOT(OR(I21="substantive",I21="minor_presentation",I21="indeterminate"))),AND(AND(D21="retain",E21="statistical_results"),J21<>"",NOT(OR(J21="direct",J21="possible",J21="unlikely",J21="unknown"))),AND(AND(D21="retain",OR(E21="report_internal_inconsistency",E21="plan_material")),NOT(OR(K21="substantive_inconsistency",K21="minor_presentation",K21="non_inconsistency",K21="indeterminate"))),AND(AND(D21="retain",E21="protocol_report"),L21<>"",NOT(OR(L21="substantive_difference",L21="minor_presentation",L21="version_timing",L21="non_inconsistency",L21="indeterminate")))),"CHECK FIELDS",IF(AND(F21<>"",NOT(OR(F21="no",F21="primary_done"))),"CHECK COMPLETE",IF(F21<>"primary_done","PRIMARY DRAFT","PRIMARY READY")))))),"CHECK KEY / INPUT") | H21: confirmed_issue | I21: minor_presentation | J21: possible | K21: =IF(AND(OR(D21="retain",D21=""),OR(E21="report_internal_inconsistency",E21="plan_material")),"","not_applicable") | L21: =IF(AND(OR(D21="retain",D21=""),E21="protocol_report"),"","not_applicable") | R21: Narrative, 6-month phase-1 abstainers: CNRT 39%, varenicline 40%, probability 55%, 'ARD = 1.0% (-1.3%-1.1%)' for 'the small benefit of varenicline'. eTable 11 (CNRT vs VAR) gives 1% (-11%-12%), probability 56%. Interval corrupted (decimal shift), probability differs by 1 point, and the sign convention is ambiguous (cells favor varenicline by about 1 point; eTable 11 prints +1% for CNRT vs VAR).
A22: 2024::jama.2024.4183::C021 | B22: Phase-1-abstainer summary cross-reference does not directly identify the matched table | C22: Supplement 2 p. 10; Supplement 2 p. 34; Supplement 2 p. 35. | D22: retain | E22: report_internal_inconsistency | F22: primary_done | G22: =IFERROR(IF(LEN(TRIM(CLEAN(SUBSTITUTE(Setup!$B$2,CHAR(160)," "))))=0,"ENTER REVIEWER ID",IF(OR(A22="",COUNTIF($A$2:$A$25,A22)<>1,LEFT(A22,LEN("2024::jama.2024.4183::"))<>"2024::jama.2024.4183::"),"CHECK KEY",IF(OR(AND(NOT(AND(D22="retain",E22="statistical_results")),H22<>"",H22<>"not_applicable"),AND(NOT(AND(D22="retain",E22="statistical_results")),I22<>"",I22<>"not_applicable"),AND(NOT(AND(D22="retain",E22="statistical_results")),J22<>"",J22<>"not_applicable"),AND(NOT(AND(D22="retain",OR(E22="report_internal_inconsistency",E22="plan_material"))),K22<>"",K22<>"not_applicable"),AND(NOT(AND(D22="retain",E22="protocol_report")),L22<>"",L22<>"not_applicable")),"CLEAR INACTIVE VALUES",IF(OR(NOT(OR(D22="retain",D22="exclude",D22="discuss")),NOT(OR(E22="statistical_results",E22="report_internal_inconsistency",E22="plan_material",E22="protocol_report")),AND(AND(D22="retain",E22="statistical_results"),NOT(OR(H22="confirmed_issue",H22="probable_issue",H22="not_issue",H22="indeterminate"))),AND(AND(D22="retain",E22="statistical_results"),NOT(OR(I22="substantive",I22="minor_presentation",I22="indeterminate"))),AND(AND(D22="retain",E22="statistical_results"),J22<>"",NOT(OR(J22="direct",J22="possible",J22="unlikely",J22="unknown"))),AND(AND(D22="retain",OR(E22="report_internal_inconsistency",E22="plan_material")),NOT(OR(K22="substantive_inconsistency",K22="minor_presentation",K22="non_inconsistency",K22="indeterminate"))),AND(AND(D22="retain",E22="protocol_report"),L22<>"",NOT(OR(L22="substantive_difference",L22="minor_presentation",L22="version_timing",L22="non_inconsistency",L22="indeterminate")))),"CHECK FIELDS",IF(AND(F22<>"",NOT(OR(F22="no",F22="primary_done"))),"CHECK COMPLETE",IF(F22<>"primary_done","PRIMARY DRAFT","PRIMARY READY")))))),"CHECK KEY / INPUT") | H22: =IF(AND(OR(D22="retain",D22=""),E22="statistical_results"),"","not_applicable") | I22: =IF(AND(OR(D22="retain",D22=""),E22="statistical_results"),"","not_applicable") | J22: =IF(AND(OR(D22="retain",D22=""),E22="statistical_results"),"","not_applicable") | K22: minor_presentation | L22: =IF(AND(OR(D22="retain",D22=""),E22="protocol_report"),"","not_applicable") | R22: Summary paragraph cites 'E-Figures 2 and 3 and E-Table 10' for phase-1 abstainer EOT+30 and 6-month results; eTable 10 holds increase-vs-switch contrasts among nonabstainers, while the abstainer CNRT-vs-VAR results are in eTable 11. Wrong cross-reference.
A23: 2024::jama.2024.4183::C022 | B23: Six-month VAR-plus-versus-switch cross-reference does not directly identify the matched table | C23: Supplement 2 p. 12; Supplement 2 p. 33; Supplement 2 p. 34. | D23: retain | E23: report_internal_inconsistency | F23: primary_done | G23: =IFERROR(IF(LEN(TRIM(CLEAN(SUBSTITUTE(Setup!$B$2,CHAR(160)," "))))=0,"ENTER REVIEWER ID",IF(OR(A23="",COUNTIF($A$2:$A$25,A23)<>1,LEFT(A23,LEN("2024::jama.2024.4183::"))<>"2024::jama.2024.4183::"),"CHECK KEY",IF(OR(AND(NOT(AND(D23="retain",E23="statistical_results")),H23<>"",H23<>"not_applicable"),AND(NOT(AND(D23="retain",E23="statistical_results")),I23<>"",I23<>"not_applicable"),AND(NOT(AND(D23="retain",E23="statistical_results")),J23<>"",J23<>"not_applicable"),AND(NOT(AND(D23="retain",OR(E23="report_internal_inconsistency",E23="plan_material"))),K23<>"",K23<>"not_applicable"),AND(NOT(AND(D23="retain",E23="protocol_report")),L23<>"",L23<>"not_applicable")),"CLEAR INACTIVE VALUES",IF(OR(NOT(OR(D23="retain",D23="exclude",D23="discuss")),NOT(OR(E23="statistical_results",E23="report_internal_inconsistency",E23="plan_material",E23="protocol_report")),AND(AND(D23="retain",E23="statistical_results"),NOT(OR(H23="confirmed_issue",H23="probable_issue",H23="not_issue",H23="indeterminate"))),AND(AND(D23="retain",E23="statistical_results"),NOT(OR(I23="substantive",I23="minor_presentation",I23="indeterminate"))),AND(AND(D23="retain",E23="statistical_results"),J23<>"",NOT(OR(J23="direct",J23="possible",J23="unlikely",J23="unknown"))),AND(AND(D23="retain",OR(E23="report_internal_inconsistency",E23="plan_material")),NOT(OR(K23="substantive_inconsistency",K23="minor_presentation",K23="non_inconsistency",K23="indeterminate"))),AND(AND(D23="retain",E23="protocol_report"),L23<>"",NOT(OR(L23="substantive_difference",L23="minor_presentation",L23="version_timing",L23="non_inconsistency",L23="indeterminate")))),"CHECK FIELDS",IF(AND(F23<>"",NOT(OR(F23="no",F23="primary_done"))),"CHECK COMPLETE",IF(F23<>"primary_done","PRIMARY DRAFT","PRIMARY READY")))))),"CHECK KEY / INPUT") | H23: =IF(AND(OR(D23="retain",D23=""),E23="statistical_results"),"","not_applicable") | I23: =IF(AND(OR(D23="retain",D23=""),E23="statistical_results"),"","not_applicable") | J23: =IF(AND(OR(D23="retain",D23=""),E23="statistical_results"),"","not_applicable") | K23: minor_presentation | L23: =IF(AND(OR(D23="retain",D23=""),E23="protocol_report"),"","not_applicable") | R23: 6-month varenicline nonabstainers: narrative cites 'E-Table 9' for both varenicline+ vs continuation and varenicline+ vs switching to CNRT. eTable 9 has continuation-referenced contrasts only; the switch-referenced 2% (1%-5%), >99%, is in eTable 10. Second citation should be eTable 10.
