Workbook

Sheet Setup
A1: Field | B1: Value
A2: Reviewer ID or name (required) | B2: BulunTe
A3: Reviewer name (optional)
A4: Reviewer role | B4: R_B
A5: Year | B5: 2019
A6: Schema | B6: xlsx-adjudication-independent-primary-2.3.1
A7: Identity guidance | B7: Enter your own ID or name in B2. Do not enter the role label as your identity. B3 is optional.

Sheet Checks
A1: Check | B1: Result
A2: Reviewer role | B2: =Setup!$B$4
A3: Total candidates | B3: 62
A4: Primary ready | B4: =COUNTIF('C_jama.2019.10517'!$G$2:$G$4,"PRIMARY READY")+COUNTIF('C_jama.2019.12618'!$G$2:$G$9,"PRIMARY READY")+COUNTIF('C_jama.2019.14231'!$G$2:$G$12,"PRIMARY READY")+COUNTIF('C_jama.2019.14630'!$G$2:$G$10,"PRIMARY READY")+COUNTIF('C_jama.2019.14901'!$G$2:$G$7,"PRIMARY READY")+COUNTIF('C_jama.2019.17380'!$G$2:$G$8,"PRIMARY READY")+COUNTIF('C_jama.2019.2210'!$G$2:$G$10,"PRIMARY READY")+COUNTIF('C_jama.2019.4755'!$G$2:$G$6,"PRIMARY READY")+COUNTIF('C_jama.2019.7505'!$G$2:$G$5,"PRIMARY READY")
A5: Unfinished | B5: =B3-B4
A6: Discuss / unresolved | B6: =COUNTIF('C_jama.2019.10517'!$D$2:$D$4,"discuss")+COUNTIF('C_jama.2019.12618'!$D$2:$D$9,"discuss")+COUNTIF('C_jama.2019.14231'!$D$2:$D$12,"discuss")+COUNTIF('C_jama.2019.14630'!$D$2:$D$10,"discuss")+COUNTIF('C_jama.2019.14901'!$D$2:$D$7,"discuss")+COUNTIF('C_jama.2019.17380'!$D$2:$D$8,"discuss")+COUNTIF('C_jama.2019.2210'!$D$2:$D$10,"discuss")+COUNTIF('C_jama.2019.4755'!$D$2:$D$6,"discuss")+COUNTIF('C_jama.2019.7505'!$D$2:$D$5,"discuss")
A7: Workflow status | B7: =IF(B4=B3,"PRIMARY READY","ACTION NEEDED")
A8: Ready discuss rows | B8: =COUNTIFS('C_jama.2019.10517'!$G$2:$G$4,"PRIMARY READY",'C_jama.2019.10517'!$D$2:$D$4,"discuss")+COUNTIFS('C_jama.2019.12618'!$G$2:$G$9,"PRIMARY READY",'C_jama.2019.12618'!$D$2:$D$9,"discuss")+COUNTIFS('C_jama.2019.14231'!$G$2:$G$12,"PRIMARY READY",'C_jama.2019.14231'!$D$2:$D$12,"discuss")+COUNTIFS('C_jama.2019.14630'!$G$2:$G$10,"PRIMARY READY",'C_jama.2019.14630'!$D$2:$D$10,"discuss")+COUNTIFS('C_jama.2019.14901'!$G$2:$G$7,"PRIMARY READY",'C_jama.2019.14901'!$D$2:$D$7,"discuss")+COUNTIFS('C_jama.2019.17380'!$G$2:$G$8,"PRIMARY READY",'C_jama.2019.17380'!$D$2:$D$8,"discuss")+COUNTIFS('C_jama.2019.2210'!$G$2:$G$10,"PRIMARY READY",'C_jama.2019.2210'!$D$2:$D$10,"discuss")+COUNTIFS('C_jama.2019.4755'!$G$2:$G$6,"PRIMARY READY",'C_jama.2019.4755'!$D$2:$D$6,"discuss")+COUNTIFS('C_jama.2019.7505'!$G$2:$G$5,"PRIMARY READY",'C_jama.2019.7505'!$D$2:$D$5,"discuss")
A9: Next action | B9: =IF(B7="PRIMARY READY",IF(B6>0,"Save and deliver this independent review. Discuss rows remain unresolved.","Save and deliver this independent review."),"Inspect G on each C_ sheet, correct entries and manually confirm F.")
A10: Scope | B10: Entry checks and independent completion only. Discuss is not a confirmed absence of error. Review the evidence; preserve ordinary Excel backups.

Sheet Papers
A1: Paper | B1: Review worksheet | C1: Candidates
A2: jama.2019.10517 | B2: C_jama.2019.10517 | C2: 3
A3: jama.2019.12618 | B3: C_jama.2019.12618 | C3: 8
A4: jama.2019.14231 | B4: C_jama.2019.14231 | C4: 11
A5: jama.2019.14630 | B5: C_jama.2019.14630 | C5: 9
A6: jama.2019.14901 | B6: C_jama.2019.14901 | C6: 6
A7: jama.2019.17380 | B7: C_jama.2019.17380 | C7: 7
A8: jama.2019.2210 | B8: C_jama.2019.2210 | C8: 9
A9: jama.2019.4755 | B9: C_jama.2019.4755 | C9: 5
A10: jama.2019.7505 | B10: C_jama.2019.7505 | C10: 4

Sheet C_jama.2019.10517
A1: Candidate key | B1: Candidate title | C1: Source location | D1: Disposition | E1: Review domain (AI suggestion; editable) | F1: Complete | G1: Validation hint | H1: Statistical/numerical issue | I1: Substantiveness | J1: Downstream impact | K1: Report-internal or planning-material inconsistency | L1: Protocol interpretation | R1: Notes (optional)
A2: 2019::jama.2019.10517::C001 | B2: Table 5 absolute difference does not reproduce from the displayed counts | C2: jama_flint_2019_oi_190079.pdf — PDF p. 9, Table 5, total-cholesterol and LDL rows. | D2: retain | E2: statistical_results | F2: primary_done | G2: =IFERROR(IF(OR(NOT(EXACT(Setup!$B$4,"R_B")),Setup!$B$5<>2019),"CHECK SETUP",IF(OR(LEN(TRIM(CLEAN(SUBSTITUTE(Setup!$B$2,CHAR(160)," "))))=0,Setup!$B$2<>TRIM(CLEAN(SUBSTITUTE(Setup!$B$2,CHAR(160)," ")))),"CHECK REVIEWER ID",IF(OR(A2="",COUNTIF($A$2:$A$4,A2)<>1,LEFT(A2,LEN("2019::jama.2019.10517::"))<>"2019::jama.2019.10517::"),"CHECK KEY",IF(NOT(OR(EXACT(F2,"no"),EXACT(F2,"primary_done"),EXACT(F2,""))),"CHECK COMPLETE FLAG",IF(OR(D2="",E2=""),"MISSING D / E",IF(OR(NOT(OR(EXACT(D2,"retain"),EXACT(D2,"exclude"),EXACT(D2,"discuss"))),NOT(OR(EXACT(E2,"statistical_results"),EXACT(E2,"report_internal_inconsistency"),EXACT(E2,"plan_material"),EXACT(E2,"protocol_report")))),"INVALID D / E",IF(OR(AND(NOT(AND(D2="retain",E2="statistical_results")),H2<>"",NOT(EXACT(H2,"not_applicable"))),AND(NOT(AND(D2="retain",E2="statistical_results")),I2<>"",NOT(EXACT(I2,"not_applicable"))),AND(NOT(AND(D2="retain",E2="statistical_results")),J2<>"",NOT(EXACT(J2,"not_applicable"))),AND(NOT(AND(D2="retain",OR(E2="report_internal_inconsistency",E2="plan_material"))),K2<>"",NOT(EXACT(K2,"not_applicable"))),AND(NOT(AND(D2="retain",E2="protocol_report")),L2<>"",NOT(EXACT(L2,"not_applicable")))),"CLEAR INACTIVE VALUES",IF(OR(AND(AND(D2="retain",E2="statistical_results"),OR(H2="",EXACT(H2,"not_applicable"))),AND(AND(D2="retain",E2="statistical_results"),OR(I2="",EXACT(I2,"not_applicable"))),AND(AND(D2="retain",OR(E2="report_internal_inconsistency",E2="plan_material")),OR(K2="",EXACT(K2,"not_applicable")))),"MISSING REQUIRED JUDGMENT",IF(OR(AND(AND(D2="retain",E2="statistical_results"),H2<>"",NOT(OR(EXACT(H2,"confirmed_issue"),EXACT(H2,"probable_issue"),EXACT(H2,"not_issue"),EXACT(H2,"indeterminate")))),AND(AND(D2="retain",E2="statistical_results"),I2<>"",NOT(OR(EXACT(I2,"substantive"),EXACT(I2,"minor_presentation"),EXACT(I2,"indeterminate")))),AND(AND(D2="retain",E2="statistical_results"),J2<>"",NOT(OR(EXACT(J2,"direct"),EXACT(J2,"possible"),EXACT(J2,"unlikely"),EXACT(J2,"unknown")))),AND(AND(D2="retain",OR(E2="report_internal_inconsistency",E2="plan_material")),K2<>"",NOT(OR(EXACT(K2,"substantive_inconsistency"),EXACT(K2,"minor_presentation"),EXACT(K2,"non_inconsistency"),EXACT(K2,"indeterminate")))),AND(AND(D2="retain",E2="protocol_report"),L2<>"",NOT(OR(EXACT(L2,"substantive_difference"),EXACT(L2,"minor_presentation"),EXACT(L2,"version_timing"),EXACT(L2,"non_inconsistency"),EXACT(L2,"indeterminate"))))),"INVALID ACTIVE JUDGMENT",IF(F2<>"primary_done","PRIMARY DRAFT","PRIMARY READY")))))))))),"CHECK INPUT ERROR") | H2: confirmed_issue | I2: minor_presentation | J2: unlikely | K2: =IF(AND(OR(D2="retain",D2=""),OR(E2="report_internal_inconsistency",E2="plan_material")),"","not_applicable") | L2: =IF(AND(OR(D2="retain",D2=""),E2="protocol_report"),"","not_applicable") | R2: Confirmed: 9/64 - 6/62 = 4.385 pp, which rounds to 4.4, not the printed 4.3 (both cholesterol rows). Triglyceride (3.0) and glucose (-0.2) rows reproduce. Off by 0.1 pp in a post hoc table; interpretation unchanged. The printed CI (-8 to 17.2) also does not match Wald or Newcombe intervals and its method is not stated.
A3: 2019::jama.2019.10517::C002 | B3: HbA1c interaction is labelled with a concentration unit while matched displays use percent | C3: jama_flint_2019_oi_190079.pdf — PDF p. 1, abstract Results; jama_flint_2019_oi_190079.pdf — PDF p. 7, Secondary Outcomes; jama_flint_2019_oi_190079.pdf — PDF p. 8, Table 4; and joi190079supp2_prod.pdf — PDF p. 9, eFigure 8. | D3: retain | E3: report_internal_inconsistency | F3: primary_done | G3: =IFERROR(IF(OR(NOT(EXACT(Setup!$B$4,"R_B")),Setup!$B$5<>2019),"CHECK SETUP",IF(OR(LEN(TRIM(CLEAN(SUBSTITUTE(Setup!$B$2,CHAR(160)," "))))=0,Setup!$B$2<>TRIM(CLEAN(SUBSTITUTE(Setup!$B$2,CHAR(160)," ")))),"CHECK REVIEWER ID",IF(OR(A3="",COUNTIF($A$2:$A$4,A3)<>1,LEFT(A3,LEN("2019::jama.2019.10517::"))<>"2019::jama.2019.10517::"),"CHECK KEY",IF(NOT(OR(EXACT(F3,"no"),EXACT(F3,"primary_done"),EXACT(F3,""))),"CHECK COMPLETE FLAG",IF(OR(D3="",E3=""),"MISSING D / E",IF(OR(NOT(OR(EXACT(D3,"retain"),EXACT(D3,"exclude"),EXACT(D3,"discuss"))),NOT(OR(EXACT(E3,"statistical_results"),EXACT(E3,"report_internal_inconsistency"),EXACT(E3,"plan_material"),EXACT(E3,"protocol_report")))),"INVALID D / E",IF(OR(AND(NOT(AND(D3="retain",E3="statistical_results")),H3<>"",NOT(EXACT(H3,"not_applicable"))),AND(NOT(AND(D3="retain",E3="statistical_results")),I3<>"",NOT(EXACT(I3,"not_applicable"))),AND(NOT(AND(D3="retain",E3="statistical_results")),J3<>"",NOT(EXACT(J3,"not_applicable"))),AND(NOT(AND(D3="retain",OR(E3="report_internal_inconsistency",E3="plan_material"))),K3<>"",NOT(EXACT(K3,"not_applicable"))),AND(NOT(AND(D3="retain",E3="protocol_report")),L3<>"",NOT(EXACT(L3,"not_applicable")))),"CLEAR INACTIVE VALUES",IF(OR(AND(AND(D3="retain",E3="statistical_results"),OR(H3="",EXACT(H3,"not_applicable"))),AND(AND(D3="retain",E3="statistical_results"),OR(I3="",EXACT(I3,"not_applicable"))),AND(AND(D3="retain",OR(E3="report_internal_inconsistency",E3="plan_material")),OR(K3="",EXACT(K3,"not_applicable")))),"MISSING REQUIRED JUDGMENT",IF(OR(AND(AND(D3="retain",E3="statistical_results"),H3<>"",NOT(OR(EXACT(H3,"confirmed_issue"),EXACT(H3,"probable_issue"),EXACT(H3,"not_issue"),EXACT(H3,"indeterminate")))),AND(AND(D3="retain",E3="statistical_results"),I3<>"",NOT(OR(EXACT(I3,"substantive"),EXACT(I3,"minor_presentation"),EXACT(I3,"indeterminate")))),AND(AND(D3="retain",E3="statistical_results"),J3<>"",NOT(OR(EXACT(J3,"direct"),EXACT(J3,"possible"),EXACT(J3,"unlikely"),EXACT(J3,"unknown")))),AND(AND(D3="retain",OR(E3="report_internal_inconsistency",E3="plan_material")),K3<>"",NOT(OR(EXACT(K3,"substantive_inconsistency"),EXACT(K3,"minor_presentation"),EXACT(K3,"non_inconsistency"),EXACT(K3,"indeterminate")))),AND(AND(D3="retain",E3="protocol_report"),L3<>"",NOT(OR(EXACT(L3,"substantive_difference"),EXACT(L3,"minor_presentation"),EXACT(L3,"version_timing"),EXACT(L3,"non_inconsistency"),EXACT(L3,"indeterminate"))))),"INVALID ACTIVE JUDGMENT",IF(F3<>"primary_done","PRIMARY DRAFT","PRIMARY READY")))))))))),"CHECK INPUT ERROR") | H3: =IF(AND(OR(D3="retain",D3=""),E3="statistical_results"),"","not_applicable") | I3: =IF(AND(OR(D3="retain",D3=""),E3="statistical_results"),"","not_applicable") | J3: =IF(AND(OR(D3="retain",D3=""),E3="statistical_results"),"","not_applicable") | K3: minor_presentation | L3: =IF(AND(OR(D3="retain",D3=""),E3="protocol_report"),"","not_applicable") | R3: Confirmed: abstract and Secondary Outcomes give the HbA1c daily treatment-by-time estimate as -0.0002 mg/dL (95% CI -0.0021 to 0.0016), while Table 4 labels HbA1c in % and eFigure 8 uses HbA1c (%). mg/dL is not a valid HbA1c unit; the label looks carried over from the lipid estimates. The value itself is consistent with a % scale.
A4: 2019::jama.2019.10517::C003 | B4: Protocol recruitment target conflicts between 82 and 98 participants per site | C4: joi190079supp1_prod.pdf — PDF p. 7, Figure 1 and Section 3.9.1; joi190079supp1_prod.pdf — PDF p. 17, Table 4; and joi190079supp1_prod.pdf — PDF p. 21, Section 4.2.1. | D4: retain | E4: plan_material | F4: primary_done | G4: =IFERROR(IF(OR(NOT(EXACT(Setup!$B$4,"R_B")),Setup!$B$5<>2019),"CHECK SETUP",IF(OR(LEN(TRIM(CLEAN(SUBSTITUTE(Setup!$B$2,CHAR(160)," "))))=0,Setup!$B$2<>TRIM(CLEAN(SUBSTITUTE(Setup!$B$2,CHAR(160)," ")))),"CHECK REVIEWER ID",IF(OR(A4="",COUNTIF($A$2:$A$4,A4)<>1,LEFT(A4,LEN("2019::jama.2019.10517::"))<>"2019::jama.2019.10517::"),"CHECK KEY",IF(NOT(OR(EXACT(F4,"no"),EXACT(F4,"primary_done"),EXACT(F4,""))),"CHECK COMPLETE FLAG",IF(OR(D4="",E4=""),"MISSING D / E",IF(OR(NOT(OR(EXACT(D4,"retain"),EXACT(D4,"exclude"),EXACT(D4,"discuss"))),NOT(OR(EXACT(E4,"statistical_results"),EXACT(E4,"report_internal_inconsistency"),EXACT(E4,"plan_material"),EXACT(E4,"protocol_report")))),"INVALID D / E",IF(OR(AND(NOT(AND(D4="retain",E4="statistical_results")),H4<>"",NOT(EXACT(H4,"not_applicable"))),AND(NOT(AND(D4="retain",E4="statistical_results")),I4<>"",NOT(EXACT(I4,"not_applicable"))),AND(NOT(AND(D4="retain",E4="statistical_results")),J4<>"",NOT(EXACT(J4,"not_applicable"))),AND(NOT(AND(D4="retain",OR(E4="report_internal_inconsistency",E4="plan_material"))),K4<>"",NOT(EXACT(K4,"not_applicable"))),AND(NOT(AND(D4="retain",E4="protocol_report")),L4<>"",NOT(EXACT(L4,"not_applicable")))),"CLEAR INACTIVE VALUES",IF(OR(AND(AND(D4="retain",E4="statistical_results"),OR(H4="",EXACT(H4,"not_applicable"))),AND(AND(D4="retain",E4="statistical_results"),OR(I4="",EXACT(I4,"not_applicable"))),AND(AND(D4="retain",OR(E4="report_internal_inconsistency",E4="plan_material")),OR(K4="",EXACT(K4,"not_applicable")))),"MISSING REQUIRED JUDGMENT",IF(OR(AND(AND(D4="retain",E4="statistical_results"),H4<>"",NOT(OR(EXACT(H4,"confirmed_issue"),EXACT(H4,"probable_issue"),EXACT(H4,"not_issue"),EXACT(H4,"indeterminate")))),AND(AND(D4="retain",E4="statistical_results"),I4<>"",NOT(OR(EXACT(I4,"substantive"),EXACT(I4,"minor_presentation"),EXACT(I4,"indeterminate")))),AND(AND(D4="retain",E4="statistical_results"),J4<>"",NOT(OR(EXACT(J4,"direct"),EXACT(J4,"possible"),EXACT(J4,"unlikely"),EXACT(J4,"unknown")))),AND(AND(D4="retain",OR(E4="report_internal_inconsistency",E4="plan_material")),K4<>"",NOT(OR(EXACT(K4,"substantive_inconsistency"),EXACT(K4,"minor_presentation"),EXACT(K4,"non_inconsistency"),EXACT(K4,"indeterminate")))),AND(AND(D4="retain",E4="protocol_report"),L4<>"",NOT(OR(EXACT(L4,"substantive_difference"),EXACT(L4,"minor_presentation"),EXACT(L4,"version_timing"),EXACT(L4,"non_inconsistency"),EXACT(L4,"indeterminate"))))),"INVALID ACTIVE JUDGMENT",IF(F4<>"primary_done","PRIMARY DRAFT","PRIMARY READY")))))))))),"CHECK INPUT ERROR") | H4: =IF(AND(OR(D4="retain",D4=""),E4="statistical_results"),"","not_applicable") | I4: =IF(AND(OR(D4="retain",D4=""),E4="statistical_results"),"","not_applicable") | J4: =IF(AND(OR(D4="retain",D4=""),E4="statistical_results"),"","not_applicable") | K4: minor_presentation | L4: =IF(AND(OR(D4="retain",D4=""),E4="protocol_report"),"","not_applicable") | R4: Confirmed within the protocol/data-analytic plan: section 4.2.1 says each of four sites will recruit 82 patients (=328), while Figure 1/3.9.1 (N=392), the text 'we plan to recruit 392 patients' and site Table 4 (98 per site; 98x4=392) agree on 392. The 82 is an isolated stray value; the intended target is clear and the RCT target (44/site, 176) is unaffected.

Sheet C_jama.2019.12618
A1: Candidate key | B1: Candidate title | C1: Source location | D1: Disposition | E1: Review domain (AI suggestion; editable) | F1: Complete | G1: Validation hint | H1: Statistical/numerical issue | I1: Substantiveness | J1: Downstream impact | K1: Report-internal or planning-material inconsistency | L1: Protocol interpretation | R1: Notes (optional)
A2: 2019::jama.2019.12618::C001 | B2: protocol timeline end date | C2: joi190092supp2_prod.pdf — PDF p. 11, Table 1. | D2: retain | E2: plan_material | F2: primary_done | G2: =IFERROR(IF(OR(NOT(EXACT(Setup!$B$4,"R_B")),Setup!$B$5<>2019),"CHECK SETUP",IF(OR(LEN(TRIM(CLEAN(SUBSTITUTE(Setup!$B$2,CHAR(160)," "))))=0,Setup!$B$2<>TRIM(CLEAN(SUBSTITUTE(Setup!$B$2,CHAR(160)," ")))),"CHECK REVIEWER ID",IF(OR(A2="",COUNTIF($A$2:$A$9,A2)<>1,LEFT(A2,LEN("2019::jama.2019.12618::"))<>"2019::jama.2019.12618::"),"CHECK KEY",IF(NOT(OR(EXACT(F2,"no"),EXACT(F2,"primary_done"),EXACT(F2,""))),"CHECK COMPLETE FLAG",IF(OR(D2="",E2=""),"MISSING D / E",IF(OR(NOT(OR(EXACT(D2,"retain"),EXACT(D2,"exclude"),EXACT(D2,"discuss"))),NOT(OR(EXACT(E2,"statistical_results"),EXACT(E2,"report_internal_inconsistency"),EXACT(E2,"plan_material"),EXACT(E2,"protocol_report")))),"INVALID D / E",IF(OR(AND(NOT(AND(D2="retain",E2="statistical_results")),H2<>"",NOT(EXACT(H2,"not_applicable"))),AND(NOT(AND(D2="retain",E2="statistical_results")),I2<>"",NOT(EXACT(I2,"not_applicable"))),AND(NOT(AND(D2="retain",E2="statistical_results")),J2<>"",NOT(EXACT(J2,"not_applicable"))),AND(NOT(AND(D2="retain",OR(E2="report_internal_inconsistency",E2="plan_material"))),K2<>"",NOT(EXACT(K2,"not_applicable"))),AND(NOT(AND(D2="retain",E2="protocol_report")),L2<>"",NOT(EXACT(L2,"not_applicable")))),"CLEAR INACTIVE VALUES",IF(OR(AND(AND(D2="retain",E2="statistical_results"),OR(H2="",EXACT(H2,"not_applicable"))),AND(AND(D2="retain",E2="statistical_results"),OR(I2="",EXACT(I2,"not_applicable"))),AND(AND(D2="retain",OR(E2="report_internal_inconsistency",E2="plan_material")),OR(K2="",EXACT(K2,"not_applicable")))),"MISSING REQUIRED JUDGMENT",IF(OR(AND(AND(D2="retain",E2="statistical_results"),H2<>"",NOT(OR(EXACT(H2,"confirmed_issue"),EXACT(H2,"probable_issue"),EXACT(H2,"not_issue"),EXACT(H2,"indeterminate")))),AND(AND(D2="retain",E2="statistical_results"),I2<>"",NOT(OR(EXACT(I2,"substantive"),EXACT(I2,"minor_presentation"),EXACT(I2,"indeterminate")))),AND(AND(D2="retain",E2="statistical_results"),J2<>"",NOT(OR(EXACT(J2,"direct"),EXACT(J2,"possible"),EXACT(J2,"unlikely"),EXACT(J2,"unknown")))),AND(AND(D2="retain",OR(E2="report_internal_inconsistency",E2="plan_material")),K2<>"",NOT(OR(EXACT(K2,"substantive_inconsistency"),EXACT(K2,"minor_presentation"),EXACT(K2,"non_inconsistency"),EXACT(K2,"indeterminate")))),AND(AND(D2="retain",E2="protocol_report"),L2<>"",NOT(OR(EXACT(L2,"substantive_difference"),EXACT(L2,"minor_presentation"),EXACT(L2,"version_timing"),EXACT(L2,"non_inconsistency"),EXACT(L2,"indeterminate"))))),"INVALID ACTIVE JUDGMENT",IF(F2<>"primary_done","PRIMARY DRAFT","PRIMARY READY")))))))))),"CHECK INPUT ERROR") | H2: =IF(AND(OR(D2="retain",D2=""),E2="statistical_results"),"","not_applicable") | I2: =IF(AND(OR(D2="retain",D2=""),E2="statistical_results"),"","not_applicable") | J2: =IF(AND(OR(D2="retain",D2=""),E2="statistical_results"),"","not_applicable") | K2: minor_presentation | L2: =IF(AND(OR(D2="retain",D2=""),E2="protocol_report"),"","not_applicable") | R2: Confirmed in the original MOP (Sept 2012) Table 1: enrollment through May 2015, 6-month follow-up through Dec 2015, but full 12-month follow-up 'through July 2015', earlier than both. May 2015 + 12 + 1 months is about June 2016; the April 2016 database lock is also earlier than that. Administrative projection only; no effect on trial conduct or results.
A3: 2019::jama.2019.12618::C002 | B3: eligible failure total vs switching denominators | C3: jama_rathinam_2019_oi_190092.pdf — PDF p. 7; jama_rathinam_2019_oi_190092.pdf — PDF p. 6, Table 2; jama_rathinam_2019_oi_190092.pdf — PDF p. 3, Figure 1. | D3: retain | E3: statistical_results | F3: primary_done | G3: =IFERROR(IF(OR(NOT(EXACT(Setup!$B$4,"R_B")),Setup!$B$5<>2019),"CHECK SETUP",IF(OR(LEN(TRIM(CLEAN(SUBSTITUTE(Setup!$B$2,CHAR(160)," "))))=0,Setup!$B$2<>TRIM(CLEAN(SUBSTITUTE(Setup!$B$2,CHAR(160)," ")))),"CHECK REVIEWER ID",IF(OR(A3="",COUNTIF($A$2:$A$9,A3)<>1,LEFT(A3,LEN("2019::jama.2019.12618::"))<>"2019::jama.2019.12618::"),"CHECK KEY",IF(NOT(OR(EXACT(F3,"no"),EXACT(F3,"primary_done"),EXACT(F3,""))),"CHECK COMPLETE FLAG",IF(OR(D3="",E3=""),"MISSING D / E",IF(OR(NOT(OR(EXACT(D3,"retain"),EXACT(D3,"exclude"),EXACT(D3,"discuss"))),NOT(OR(EXACT(E3,"statistical_results"),EXACT(E3,"report_internal_inconsistency"),EXACT(E3,"plan_material"),EXACT(E3,"protocol_report")))),"INVALID D / E",IF(OR(AND(NOT(AND(D3="retain",E3="statistical_results")),H3<>"",NOT(EXACT(H3,"not_applicable"))),AND(NOT(AND(D3="retain",E3="statistical_results")),I3<>"",NOT(EXACT(I3,"not_applicable"))),AND(NOT(AND(D3="retain",E3="statistical_results")),J3<>"",NOT(EXACT(J3,"not_applicable"))),AND(NOT(AND(D3="retain",OR(E3="report_internal_inconsistency",E3="plan_material"))),K3<>"",NOT(EXACT(K3,"not_applicable"))),AND(NOT(AND(D3="retain",E3="protocol_report")),L3<>"",NOT(EXACT(L3,"not_applicable")))),"CLEAR INACTIVE VALUES",IF(OR(AND(AND(D3="retain",E3="statistical_results"),OR(H3="",EXACT(H3,"not_applicable"))),AND(AND(D3="retain",E3="statistical_results"),OR(I3="",EXACT(I3,"not_applicable"))),AND(AND(D3="retain",OR(E3="report_internal_inconsistency",E3="plan_material")),OR(K3="",EXACT(K3,"not_applicable")))),"MISSING REQUIRED JUDGMENT",IF(OR(AND(AND(D3="retain",E3="statistical_results"),H3<>"",NOT(OR(EXACT(H3,"confirmed_issue"),EXACT(H3,"probable_issue"),EXACT(H3,"not_issue"),EXACT(H3,"indeterminate")))),AND(AND(D3="retain",E3="statistical_results"),I3<>"",NOT(OR(EXACT(I3,"substantive"),EXACT(I3,"minor_presentation"),EXACT(I3,"indeterminate")))),AND(AND(D3="retain",E3="statistical_results"),J3<>"",NOT(OR(EXACT(J3,"direct"),EXACT(J3,"possible"),EXACT(J3,"unlikely"),EXACT(J3,"unknown")))),AND(AND(D3="retain",OR(E3="report_internal_inconsistency",E3="plan_material")),K3<>"",NOT(OR(EXACT(K3,"substantive_inconsistency"),EXACT(K3,"minor_presentation"),EXACT(K3,"non_inconsistency"),EXACT(K3,"indeterminate")))),AND(AND(D3="retain",E3="protocol_report"),L3<>"",NOT(OR(EXACT(L3,"substantive_difference"),EXACT(L3,"minor_presentation"),EXACT(L3,"version_timing"),EXACT(L3,"non_inconsistency"),EXACT(L3,"indeterminate"))))),"INVALID ACTIVE JUDGMENT",IF(F3<>"primary_done","PRIMARY DRAFT","PRIMARY READY")))))))))),"CHECK INPUT ERROR") | H3: probable_issue | I3: minor_presentation | J3: unlikely | K3: =IF(AND(OR(D3="retain",D3=""),OR(E3="report_internal_inconsistency",E3="plan_material")),"","not_applicable") | L3: =IF(AND(OR(D3="retain",D3=""),E3="protocol_report"),"","not_applicable") | R3: The 12-month paragraph says 49 of 68 eligible failures switched, then gives 20/32 and 29/42, i.e., all 6-month failures (Table 2: 32+42=74). Excluding the 3+2 safety failures (eligibility criterion stated) gives 69, not 68. Mixed denominators and an unreconciled 68; numerators and arm percentages are correct. Descriptive, not an outcome estimate.
A4: 2019::jama.2019.12618::C003 | B4: allocation block sizes | C4: jama_rathinam_2019_oi_190092.pdf — PDF p. 2; joi190092supp2_prod.pdf — PDF p. 13; joi190092supp3_prod.pdf — PDF p. 9; joi190092supp3_prod.pdf — PDF pp. 49–50 and p. 50. | D4: exclude | E4: protocol_report | F4: primary_done | G4: =IFERROR(IF(OR(NOT(EXACT(Setup!$B$4,"R_B")),Setup!$B$5<>2019),"CHECK SETUP",IF(OR(LEN(TRIM(CLEAN(SUBSTITUTE(Setup!$B$2,CHAR(160)," "))))=0,Setup!$B$2<>TRIM(CLEAN(SUBSTITUTE(Setup!$B$2,CHAR(160)," ")))),"CHECK REVIEWER ID",IF(OR(A4="",COUNTIF($A$2:$A$9,A4)<>1,LEFT(A4,LEN("2019::jama.2019.12618::"))<>"2019::jama.2019.12618::"),"CHECK KEY",IF(NOT(OR(EXACT(F4,"no"),EXACT(F4,"primary_done"),EXACT(F4,""))),"CHECK COMPLETE FLAG",IF(OR(D4="",E4=""),"MISSING D / E",IF(OR(NOT(OR(EXACT(D4,"retain"),EXACT(D4,"exclude"),EXACT(D4,"discuss"))),NOT(OR(EXACT(E4,"statistical_results"),EXACT(E4,"report_internal_inconsistency"),EXACT(E4,"plan_material"),EXACT(E4,"protocol_report")))),"INVALID D / E",IF(OR(AND(NOT(AND(D4="retain",E4="statistical_results")),H4<>"",NOT(EXACT(H4,"not_applicable"))),AND(NOT(AND(D4="retain",E4="statistical_results")),I4<>"",NOT(EXACT(I4,"not_applicable"))),AND(NOT(AND(D4="retain",E4="statistical_results")),J4<>"",NOT(EXACT(J4,"not_applicable"))),AND(NOT(AND(D4="retain",OR(E4="report_internal_inconsistency",E4="plan_material"))),K4<>"",NOT(EXACT(K4,"not_applicable"))),AND(NOT(AND(D4="retain",E4="protocol_report")),L4<>"",NOT(EXACT(L4,"not_applicable")))),"CLEAR INACTIVE VALUES",IF(OR(AND(AND(D4="retain",E4="statistical_results"),OR(H4="",EXACT(H4,"not_applicable"))),AND(AND(D4="retain",E4="statistical_results"),OR(I4="",EXACT(I4,"not_applicable"))),AND(AND(D4="retain",OR(E4="report_internal_inconsistency",E4="plan_material")),OR(K4="",EXACT(K4,"not_applicable")))),"MISSING REQUIRED JUDGMENT",IF(OR(AND(AND(D4="retain",E4="statistical_results"),H4<>"",NOT(OR(EXACT(H4,"confirmed_issue"),EXACT(H4,"probable_issue"),EXACT(H4,"not_issue"),EXACT(H4,"indeterminate")))),AND(AND(D4="retain",E4="statistical_results"),I4<>"",NOT(OR(EXACT(I4,"substantive"),EXACT(I4,"minor_presentation"),EXACT(I4,"indeterminate")))),AND(AND(D4="retain",E4="statistical_results"),J4<>"",NOT(OR(EXACT(J4,"direct"),EXACT(J4,"possible"),EXACT(J4,"unlikely"),EXACT(J4,"unknown")))),AND(AND(D4="retain",OR(E4="report_internal_inconsistency",E4="plan_material")),K4<>"",NOT(OR(EXACT(K4,"substantive_inconsistency"),EXACT(K4,"minor_presentation"),EXACT(K4,"non_inconsistency"),EXACT(K4,"indeterminate")))),AND(AND(D4="retain",E4="protocol_report"),L4<>"",NOT(OR(EXACT(L4,"substantive_difference"),EXACT(L4,"minor_presentation"),EXACT(L4,"version_timing"),EXACT(L4,"non_inconsistency"),EXACT(L4,"indeterminate"))))),"INVALID ACTIVE JUDGMENT",IF(F4<>"primary_done","PRIMARY DRAFT","PRIMARY READY")))))))))),"CHECK INPUT ERROR") | H4: =IF(AND(OR(D4="retain",D4=""),E4="statistical_results"),"","not_applicable") | I4: =IF(AND(OR(D4="retain",D4=""),E4="statistical_results"),"","not_applicable") | J4: =IF(AND(OR(D4="retain",D4=""),E4="statistical_results"),"","not_applicable") | K4: =IF(AND(OR(D4="retain",D4=""),OR(E4="report_internal_inconsistency",E4="plan_material")),"","not_applicable") | L4: =IF(AND(OR(D4="retain",D4=""),E4="protocol_report"),"","not_applicable") | R4: Exclude. Article: permuted blocks of 4 and 6. Only the Sept 2012 MOP says 4, 6 or 8; the original SAP (29 Jan 2013) and final SAP v1.5 (Mar 2017) both specify blocks of 4 (p=2/3) and 6 (p=1/3), matching the article; the final protocol v4.5 gives no sizes. The difference is a superseded early-draft detail with no bearing on validity.
A5: 2019::jama.2019.12618::C004 | B5: six-month success injection-after-90-days criterion | C5: jama_rathinam_2019_oi_190092.pdf — PDF p. 3; jama_rathinam_2019_oi_190092.pdf — PDF p. 6; joi190092supp2_prod.pdf — PDF p. 80, §2.5.1; joi190092supp3_prod.pdf — PDF p. 70. | D5: retain | E5: protocol_report | F5: primary_done | G5: =IFERROR(IF(OR(NOT(EXACT(Setup!$B$4,"R_B")),Setup!$B$5<>2019),"CHECK SETUP",IF(OR(LEN(TRIM(CLEAN(SUBSTITUTE(Setup!$B$2,CHAR(160)," "))))=0,Setup!$B$2<>TRIM(CLEAN(SUBSTITUTE(Setup!$B$2,CHAR(160)," ")))),"CHECK REVIEWER ID",IF(OR(A5="",COUNTIF($A$2:$A$9,A5)<>1,LEFT(A5,LEN("2019::jama.2019.12618::"))<>"2019::jama.2019.12618::"),"CHECK KEY",IF(NOT(OR(EXACT(F5,"no"),EXACT(F5,"primary_done"),EXACT(F5,""))),"CHECK COMPLETE FLAG",IF(OR(D5="",E5=""),"MISSING D / E",IF(OR(NOT(OR(EXACT(D5,"retain"),EXACT(D5,"exclude"),EXACT(D5,"discuss"))),NOT(OR(EXACT(E5,"statistical_results"),EXACT(E5,"report_internal_inconsistency"),EXACT(E5,"plan_material"),EXACT(E5,"protocol_report")))),"INVALID D / E",IF(OR(AND(NOT(AND(D5="retain",E5="statistical_results")),H5<>"",NOT(EXACT(H5,"not_applicable"))),AND(NOT(AND(D5="retain",E5="statistical_results")),I5<>"",NOT(EXACT(I5,"not_applicable"))),AND(NOT(AND(D5="retain",E5="statistical_results")),J5<>"",NOT(EXACT(J5,"not_applicable"))),AND(NOT(AND(D5="retain",OR(E5="report_internal_inconsistency",E5="plan_material"))),K5<>"",NOT(EXACT(K5,"not_applicable"))),AND(NOT(AND(D5="retain",E5="protocol_report")),L5<>"",NOT(EXACT(L5,"not_applicable")))),"CLEAR INACTIVE VALUES",IF(OR(AND(AND(D5="retain",E5="statistical_results"),OR(H5="",EXACT(H5,"not_applicable"))),AND(AND(D5="retain",E5="statistical_results"),OR(I5="",EXACT(I5,"not_applicable"))),AND(AND(D5="retain",OR(E5="report_internal_inconsistency",E5="plan_material")),OR(K5="",EXACT(K5,"not_applicable")))),"MISSING REQUIRED JUDGMENT",IF(OR(AND(AND(D5="retain",E5="statistical_results"),H5<>"",NOT(OR(EXACT(H5,"confirmed_issue"),EXACT(H5,"probable_issue"),EXACT(H5,"not_issue"),EXACT(H5,"indeterminate")))),AND(AND(D5="retain",E5="statistical_results"),I5<>"",NOT(OR(EXACT(I5,"substantive"),EXACT(I5,"minor_presentation"),EXACT(I5,"indeterminate")))),AND(AND(D5="retain",E5="statistical_results"),J5<>"",NOT(OR(EXACT(J5,"direct"),EXACT(J5,"possible"),EXACT(J5,"unlikely"),EXACT(J5,"unknown")))),AND(AND(D5="retain",OR(E5="report_internal_inconsistency",E5="plan_material")),K5<>"",NOT(OR(EXACT(K5,"substantive_inconsistency"),EXACT(K5,"minor_presentation"),EXACT(K5,"non_inconsistency"),EXACT(K5,"indeterminate")))),AND(AND(D5="retain",E5="protocol_report"),L5<>"",NOT(OR(EXACT(L5,"substantive_difference"),EXACT(L5,"minor_presentation"),EXACT(L5,"version_timing"),EXACT(L5,"non_inconsistency"),EXACT(L5,"indeterminate"))))),"INVALID ACTIVE JUDGMENT",IF(F5<>"primary_done","PRIMARY DRAFT","PRIMARY READY")))))))))),"CHECK INPUT ERROR") | H5: =IF(AND(OR(D5="retain",D5=""),E5="statistical_results"),"","not_applicable") | I5: =IF(AND(OR(D5="retain",D5=""),E5="statistical_results"),"","not_applicable") | J5: =IF(AND(OR(D5="retain",D5=""),E5="statistical_results"),"","not_applicable") | K5: =IF(AND(OR(D5="retain",D5=""),OR(E5="report_internal_inconsistency",E5="plan_material")),"","not_applicable") | L5: substantive_difference | R5: Confirmed. Final MOP v4.5 2.5.1 (referenced by the SAP as the success definition) requires no periocular/intravitreal corticosteroid injection after day 90. The article's 3-part success definition omits it and calls such injections protocol deviations; 4 MTX and 4 MMF patients had them. How these 8 were classified is not stated. Primary-endpoint definition difference.
A6: 2019::jama.2019.12618::C005 | B6: missed-dose Welch P=.87 compatibility | C6: jama_rathinam_2019_oi_190092.pdf — PDF p. 4; jama_rathinam_2019_oi_190092.pdf — PDF p. 6, Table 2. | D6: retain | E6: statistical_results | F6: primary_done | G6: =IFERROR(IF(OR(NOT(EXACT(Setup!$B$4,"R_B")),Setup!$B$5<>2019),"CHECK SETUP",IF(OR(LEN(TRIM(CLEAN(SUBSTITUTE(Setup!$B$2,CHAR(160)," "))))=0,Setup!$B$2<>TRIM(CLEAN(SUBSTITUTE(Setup!$B$2,CHAR(160)," ")))),"CHECK REVIEWER ID",IF(OR(A6="",COUNTIF($A$2:$A$9,A6)<>1,LEFT(A6,LEN("2019::jama.2019.12618::"))<>"2019::jama.2019.12618::"),"CHECK KEY",IF(NOT(OR(EXACT(F6,"no"),EXACT(F6,"primary_done"),EXACT(F6,""))),"CHECK COMPLETE FLAG",IF(OR(D6="",E6=""),"MISSING D / E",IF(OR(NOT(OR(EXACT(D6,"retain"),EXACT(D6,"exclude"),EXACT(D6,"discuss"))),NOT(OR(EXACT(E6,"statistical_results"),EXACT(E6,"report_internal_inconsistency"),EXACT(E6,"plan_material"),EXACT(E6,"protocol_report")))),"INVALID D / E",IF(OR(AND(NOT(AND(D6="retain",E6="statistical_results")),H6<>"",NOT(EXACT(H6,"not_applicable"))),AND(NOT(AND(D6="retain",E6="statistical_results")),I6<>"",NOT(EXACT(I6,"not_applicable"))),AND(NOT(AND(D6="retain",E6="statistical_results")),J6<>"",NOT(EXACT(J6,"not_applicable"))),AND(NOT(AND(D6="retain",OR(E6="report_internal_inconsistency",E6="plan_material"))),K6<>"",NOT(EXACT(K6,"not_applicable"))),AND(NOT(AND(D6="retain",E6="protocol_report")),L6<>"",NOT(EXACT(L6,"not_applicable")))),"CLEAR INACTIVE VALUES",IF(OR(AND(AND(D6="retain",E6="statistical_results"),OR(H6="",EXACT(H6,"not_applicable"))),AND(AND(D6="retain",E6="statistical_results"),OR(I6="",EXACT(I6,"not_applicable"))),AND(AND(D6="retain",OR(E6="report_internal_inconsistency",E6="plan_material")),OR(K6="",EXACT(K6,"not_applicable")))),"MISSING REQUIRED JUDGMENT",IF(OR(AND(AND(D6="retain",E6="statistical_results"),H6<>"",NOT(OR(EXACT(H6,"confirmed_issue"),EXACT(H6,"probable_issue"),EXACT(H6,"not_issue"),EXACT(H6,"indeterminate")))),AND(AND(D6="retain",E6="statistical_results"),I6<>"",NOT(OR(EXACT(I6,"substantive"),EXACT(I6,"minor_presentation"),EXACT(I6,"indeterminate")))),AND(AND(D6="retain",E6="statistical_results"),J6<>"",NOT(OR(EXACT(J6,"direct"),EXACT(J6,"possible"),EXACT(J6,"unlikely"),EXACT(J6,"unknown")))),AND(AND(D6="retain",OR(E6="report_internal_inconsistency",E6="plan_material")),K6<>"",NOT(OR(EXACT(K6,"substantive_inconsistency"),EXACT(K6,"minor_presentation"),EXACT(K6,"non_inconsistency"),EXACT(K6,"indeterminate")))),AND(AND(D6="retain",E6="protocol_report"),L6<>"",NOT(OR(EXACT(L6,"substantive_difference"),EXACT(L6,"minor_presentation"),EXACT(L6,"version_timing"),EXACT(L6,"non_inconsistency"),EXACT(L6,"indeterminate"))))),"INVALID ACTIVE JUDGMENT",IF(F6<>"primary_done","PRIMARY DRAFT","PRIMARY READY")))))))))),"CHECK INPUT ERROR") | H6: confirmed_issue | I6: substantive | J6: direct | K6: =IF(AND(OR(D6="retain",D6=""),OR(E6="report_internal_inconsistency",E6="plan_material")),"","not_applicable") | L6: =IF(AND(OR(D6="retain",D6=""),E6="protocol_report"),"","not_applicable") | R6: Missed doses 4.6% (SD 1.0) vs 4.3% (SD 0.5), Welch test, P=.87 cannot all be right: Welch P is .009 with n=96/98 and .006 with 107/108. 10 of 194 patients missed >=20% (sensitivity n=184), which needs an SD of at least about 3.5, so the 'SD' values cannot be SDs. If they are SEs, P is about .86-.87. The dispersion label (or P) is wrong; extracted SDs would be off about 10-fold.
A7: 2019::jama.2019.12618::C006 | B7: main Table 3 MMF n=109 header vs supplement N=108/percentages | C7: jama_rathinam_2019_oi_190092.pdf — PDF p. 8, Table 3; joi190092supp1_prod.pdf — PDF p. 10, eTable 4; joi190092supp1_prod.pdf — PDF p. 11, eTable 5; joi190092supp1_prod.pdf — PDF p. 12, eTable 6. | D7: retain | E7: report_internal_inconsistency | F7: primary_done | G7: =IFERROR(IF(OR(NOT(EXACT(Setup!$B$4,"R_B")),Setup!$B$5<>2019),"CHECK SETUP",IF(OR(LEN(TRIM(CLEAN(SUBSTITUTE(Setup!$B$2,CHAR(160)," "))))=0,Setup!$B$2<>TRIM(CLEAN(SUBSTITUTE(Setup!$B$2,CHAR(160)," ")))),"CHECK REVIEWER ID",IF(OR(A7="",COUNTIF($A$2:$A$9,A7)<>1,LEFT(A7,LEN("2019::jama.2019.12618::"))<>"2019::jama.2019.12618::"),"CHECK KEY",IF(NOT(OR(EXACT(F7,"no"),EXACT(F7,"primary_done"),EXACT(F7,""))),"CHECK COMPLETE FLAG",IF(OR(D7="",E7=""),"MISSING D / E",IF(OR(NOT(OR(EXACT(D7,"retain"),EXACT(D7,"exclude"),EXACT(D7,"discuss"))),NOT(OR(EXACT(E7,"statistical_results"),EXACT(E7,"report_internal_inconsistency"),EXACT(E7,"plan_material"),EXACT(E7,"protocol_report")))),"INVALID D / E",IF(OR(AND(NOT(AND(D7="retain",E7="statistical_results")),H7<>"",NOT(EXACT(H7,"not_applicable"))),AND(NOT(AND(D7="retain",E7="statistical_results")),I7<>"",NOT(EXACT(I7,"not_applicable"))),AND(NOT(AND(D7="retain",E7="statistical_results")),J7<>"",NOT(EXACT(J7,"not_applicable"))),AND(NOT(AND(D7="retain",OR(E7="report_internal_inconsistency",E7="plan_material"))),K7<>"",NOT(EXACT(K7,"not_applicable"))),AND(NOT(AND(D7="retain",E7="protocol_report")),L7<>"",NOT(EXACT(L7,"not_applicable")))),"CLEAR INACTIVE VALUES",IF(OR(AND(AND(D7="retain",E7="statistical_results"),OR(H7="",EXACT(H7,"not_applicable"))),AND(AND(D7="retain",E7="statistical_results"),OR(I7="",EXACT(I7,"not_applicable"))),AND(AND(D7="retain",OR(E7="report_internal_inconsistency",E7="plan_material")),OR(K7="",EXACT(K7,"not_applicable")))),"MISSING REQUIRED JUDGMENT",IF(OR(AND(AND(D7="retain",E7="statistical_results"),H7<>"",NOT(OR(EXACT(H7,"confirmed_issue"),EXACT(H7,"probable_issue"),EXACT(H7,"not_issue"),EXACT(H7,"indeterminate")))),AND(AND(D7="retain",E7="statistical_results"),I7<>"",NOT(OR(EXACT(I7,"substantive"),EXACT(I7,"minor_presentation"),EXACT(I7,"indeterminate")))),AND(AND(D7="retain",E7="statistical_results"),J7<>"",NOT(OR(EXACT(J7,"direct"),EXACT(J7,"possible"),EXACT(J7,"unlikely"),EXACT(J7,"unknown")))),AND(AND(D7="retain",OR(E7="report_internal_inconsistency",E7="plan_material")),K7<>"",NOT(OR(EXACT(K7,"substantive_inconsistency"),EXACT(K7,"minor_presentation"),EXACT(K7,"non_inconsistency"),EXACT(K7,"indeterminate")))),AND(AND(D7="retain",E7="protocol_report"),L7<>"",NOT(OR(EXACT(L7,"substantive_difference"),EXACT(L7,"minor_presentation"),EXACT(L7,"version_timing"),EXACT(L7,"non_inconsistency"),EXACT(L7,"indeterminate"))))),"INVALID ACTIVE JUDGMENT",IF(F7<>"primary_done","PRIMARY DRAFT","PRIMARY READY")))))))))),"CHECK INPUT ERROR") | H7: =IF(AND(OR(D7="retain",D7=""),E7="statistical_results"),"","not_applicable") | I7: =IF(AND(OR(D7="retain",D7=""),E7="statistical_results"),"","not_applicable") | J7: =IF(AND(OR(D7="retain",D7=""),E7="statistical_results"),"","not_applicable") | K7: minor_presentation | L7: =IF(AND(OR(D7="retain",D7=""),E7="protocol_report"),"","not_applicable") | R7: Confirmed. Main Table 3 heads the MMF column n=109 (randomized), but all 30 MMF percentages reproduce with 108 (only 9 also reproduce with 109), and eTables 4-6 label MMF N=108. Footnote b says one MMF patient never received drug, so the intended treated denominator is inferable, but the header does not match the percentages.
A8: 2019::jama.2019.12618::C007 | B8: eTable 9 MMF serious diarrhea 1 (3.4) vs N=20 | C8: joi190092supp1_prod.pdf — PDF p. 15, eTable 9, MMF N=20, Serious Systemic diarrhea row. | D8: retain | E8: statistical_results | F8: primary_done | G8: =IFERROR(IF(OR(NOT(EXACT(Setup!$B$4,"R_B")),Setup!$B$5<>2019),"CHECK SETUP",IF(OR(LEN(TRIM(CLEAN(SUBSTITUTE(Setup!$B$2,CHAR(160)," "))))=0,Setup!$B$2<>TRIM(CLEAN(SUBSTITUTE(Setup!$B$2,CHAR(160)," ")))),"CHECK REVIEWER ID",IF(OR(A8="",COUNTIF($A$2:$A$9,A8)<>1,LEFT(A8,LEN("2019::jama.2019.12618::"))<>"2019::jama.2019.12618::"),"CHECK KEY",IF(NOT(OR(EXACT(F8,"no"),EXACT(F8,"primary_done"),EXACT(F8,""))),"CHECK COMPLETE FLAG",IF(OR(D8="",E8=""),"MISSING D / E",IF(OR(NOT(OR(EXACT(D8,"retain"),EXACT(D8,"exclude"),EXACT(D8,"discuss"))),NOT(OR(EXACT(E8,"statistical_results"),EXACT(E8,"report_internal_inconsistency"),EXACT(E8,"plan_material"),EXACT(E8,"protocol_report")))),"INVALID D / E",IF(OR(AND(NOT(AND(D8="retain",E8="statistical_results")),H8<>"",NOT(EXACT(H8,"not_applicable"))),AND(NOT(AND(D8="retain",E8="statistical_results")),I8<>"",NOT(EXACT(I8,"not_applicable"))),AND(NOT(AND(D8="retain",E8="statistical_results")),J8<>"",NOT(EXACT(J8,"not_applicable"))),AND(NOT(AND(D8="retain",OR(E8="report_internal_inconsistency",E8="plan_material"))),K8<>"",NOT(EXACT(K8,"not_applicable"))),AND(NOT(AND(D8="retain",E8="protocol_report")),L8<>"",NOT(EXACT(L8,"not_applicable")))),"CLEAR INACTIVE VALUES",IF(OR(AND(AND(D8="retain",E8="statistical_results"),OR(H8="",EXACT(H8,"not_applicable"))),AND(AND(D8="retain",E8="statistical_results"),OR(I8="",EXACT(I8,"not_applicable"))),AND(AND(D8="retain",OR(E8="report_internal_inconsistency",E8="plan_material")),OR(K8="",EXACT(K8,"not_applicable")))),"MISSING REQUIRED JUDGMENT",IF(OR(AND(AND(D8="retain",E8="statistical_results"),H8<>"",NOT(OR(EXACT(H8,"confirmed_issue"),EXACT(H8,"probable_issue"),EXACT(H8,"not_issue"),EXACT(H8,"indeterminate")))),AND(AND(D8="retain",E8="statistical_results"),I8<>"",NOT(OR(EXACT(I8,"substantive"),EXACT(I8,"minor_presentation"),EXACT(I8,"indeterminate")))),AND(AND(D8="retain",E8="statistical_results"),J8<>"",NOT(OR(EXACT(J8,"direct"),EXACT(J8,"possible"),EXACT(J8,"unlikely"),EXACT(J8,"unknown")))),AND(AND(D8="retain",OR(E8="report_internal_inconsistency",E8="plan_material")),K8<>"",NOT(OR(EXACT(K8,"substantive_inconsistency"),EXACT(K8,"minor_presentation"),EXACT(K8,"non_inconsistency"),EXACT(K8,"indeterminate")))),AND(AND(D8="retain",E8="protocol_report"),L8<>"",NOT(OR(EXACT(L8,"substantive_difference"),EXACT(L8,"minor_presentation"),EXACT(L8,"version_timing"),EXACT(L8,"non_inconsistency"),EXACT(L8,"indeterminate"))))),"INVALID ACTIVE JUDGMENT",IF(F8<>"primary_done","PRIMARY DRAFT","PRIMARY READY")))))))))),"CHECK INPUT ERROR") | H8: confirmed_issue | I8: minor_presentation | J8: unlikely | K8: =IF(AND(OR(D8="retain",D8=""),OR(E8="report_internal_inconsistency",E8="plan_material")),"","not_applicable") | L8: =IF(AND(OR(D8="retain",D8=""),E8="protocol_report"),"","not_applicable") | R8: Confirmed. eTable 9 (switchers) MMF N=20, serious systemic diarrhea 1 (3.4); 1/20 = 5.0%. 3.4% is 1/29, the MTX column denominator, and other MMF count-1 cells in the same table show 5.0. Single-cell percentage error; the count is clear.
A9: 2019::jama.2019.12618::C008 | B9: eTable 8 serious-ocular hypertension label vs eTable 1 surgery-required definition | C9: joi190092supp1_prod.pdf — PDF p. 5, eTable 1; joi190092supp1_prod.pdf — PDF p. 14, eTable 8; joi190092supp1_prod.pdf — PDF p. 15, eTable 9. | D9: retain | E9: report_internal_inconsistency | F9: primary_done | G9: =IFERROR(IF(OR(NOT(EXACT(Setup!$B$4,"R_B")),Setup!$B$5<>2019),"CHECK SETUP",IF(OR(LEN(TRIM(CLEAN(SUBSTITUTE(Setup!$B$2,CHAR(160)," "))))=0,Setup!$B$2<>TRIM(CLEAN(SUBSTITUTE(Setup!$B$2,CHAR(160)," ")))),"CHECK REVIEWER ID",IF(OR(A9="",COUNTIF($A$2:$A$9,A9)<>1,LEFT(A9,LEN("2019::jama.2019.12618::"))<>"2019::jama.2019.12618::"),"CHECK KEY",IF(NOT(OR(EXACT(F9,"no"),EXACT(F9,"primary_done"),EXACT(F9,""))),"CHECK COMPLETE FLAG",IF(OR(D9="",E9=""),"MISSING D / E",IF(OR(NOT(OR(EXACT(D9,"retain"),EXACT(D9,"exclude"),EXACT(D9,"discuss"))),NOT(OR(EXACT(E9,"statistical_results"),EXACT(E9,"report_internal_inconsistency"),EXACT(E9,"plan_material"),EXACT(E9,"protocol_report")))),"INVALID D / E",IF(OR(AND(NOT(AND(D9="retain",E9="statistical_results")),H9<>"",NOT(EXACT(H9,"not_applicable"))),AND(NOT(AND(D9="retain",E9="statistical_results")),I9<>"",NOT(EXACT(I9,"not_applicable"))),AND(NOT(AND(D9="retain",E9="statistical_results")),J9<>"",NOT(EXACT(J9,"not_applicable"))),AND(NOT(AND(D9="retain",OR(E9="report_internal_inconsistency",E9="plan_material"))),K9<>"",NOT(EXACT(K9,"not_applicable"))),AND(NOT(AND(D9="retain",E9="protocol_report")),L9<>"",NOT(EXACT(L9,"not_applicable")))),"CLEAR INACTIVE VALUES",IF(OR(AND(AND(D9="retain",E9="statistical_results"),OR(H9="",EXACT(H9,"not_applicable"))),AND(AND(D9="retain",E9="statistical_results"),OR(I9="",EXACT(I9,"not_applicable"))),AND(AND(D9="retain",OR(E9="report_internal_inconsistency",E9="plan_material")),OR(K9="",EXACT(K9,"not_applicable")))),"MISSING REQUIRED JUDGMENT",IF(OR(AND(AND(D9="retain",E9="statistical_results"),H9<>"",NOT(OR(EXACT(H9,"confirmed_issue"),EXACT(H9,"probable_issue"),EXACT(H9,"not_issue"),EXACT(H9,"indeterminate")))),AND(AND(D9="retain",E9="statistical_results"),I9<>"",NOT(OR(EXACT(I9,"substantive"),EXACT(I9,"minor_presentation"),EXACT(I9,"indeterminate")))),AND(AND(D9="retain",E9="statistical_results"),J9<>"",NOT(OR(EXACT(J9,"direct"),EXACT(J9,"possible"),EXACT(J9,"unlikely"),EXACT(J9,"unknown")))),AND(AND(D9="retain",OR(E9="report_internal_inconsistency",E9="plan_material")),K9<>"",NOT(OR(EXACT(K9,"substantive_inconsistency"),EXACT(K9,"minor_presentation"),EXACT(K9,"non_inconsistency"),EXACT(K9,"indeterminate")))),AND(AND(D9="retain",E9="protocol_report"),L9<>"",NOT(OR(EXACT(L9,"substantive_difference"),EXACT(L9,"minor_presentation"),EXACT(L9,"version_timing"),EXACT(L9,"non_inconsistency"),EXACT(L9,"indeterminate"))))),"INVALID ACTIVE JUDGMENT",IF(F9<>"primary_done","PRIMARY DRAFT","PRIMARY READY")))))))))),"CHECK INPUT ERROR") | H9: =IF(AND(OR(D9="retain",D9=""),E9="statistical_results"),"","not_applicable") | I9: =IF(AND(OR(D9="retain",D9=""),E9="statistical_results"),"","not_applicable") | J9: =IF(AND(OR(D9="retain",D9=""),E9="statistical_results"),"","not_applicable") | K9: minor_presentation | L9: =IF(AND(OR(D9="retain",D9=""),E9="protocol_report"),"","not_applicable") | R9: Confirmed. eTable 1 defines ocular hypertension >=24 mm Hg as nonserious and 'surgery required' as serious. eTable 8 lists 'Ocular hypertension >24mm Hg' under both Non-Serious and Serious Ocular (serious row MTX 1, MMF 0); eTable 9 labels the serious row 'surgery required'. Likely a copied label; one event, and the section header shows it was classed serious.

Sheet C_jama.2019.14231
A1: Candidate key | B1: Candidate title | C1: Source location | D1: Disposition | E1: Review domain (AI suggestion; editable) | F1: Complete | G1: Validation hint | H1: Statistical/numerical issue | I1: Substantiveness | J1: Downstream impact | K1: Report-internal or planning-material inconsistency | L1: Protocol interpretation | R1: Notes (optional)
A2: 2019::jama.2019.14231::C001 | B2: Protocol matching direction conflicts with the final matched cohort | C2: Main article — PDF p. 1, PDF p. 3, PDF p. 4; protocol — PDF p. 3. | D2: retain | E2: protocol_report | F2: primary_done | G2: =IFERROR(IF(OR(NOT(EXACT(Setup!$B$4,"R_B")),Setup!$B$5<>2019),"CHECK SETUP",IF(OR(LEN(TRIM(CLEAN(SUBSTITUTE(Setup!$B$2,CHAR(160)," "))))=0,Setup!$B$2<>TRIM(CLEAN(SUBSTITUTE(Setup!$B$2,CHAR(160)," ")))),"CHECK REVIEWER ID",IF(OR(A2="",COUNTIF($A$2:$A$12,A2)<>1,LEFT(A2,LEN("2019::jama.2019.14231::"))<>"2019::jama.2019.14231::"),"CHECK KEY",IF(NOT(OR(EXACT(F2,"no"),EXACT(F2,"primary_done"),EXACT(F2,""))),"CHECK COMPLETE FLAG",IF(OR(D2="",E2=""),"MISSING D / E",IF(OR(NOT(OR(EXACT(D2,"retain"),EXACT(D2,"exclude"),EXACT(D2,"discuss"))),NOT(OR(EXACT(E2,"statistical_results"),EXACT(E2,"report_internal_inconsistency"),EXACT(E2,"plan_material"),EXACT(E2,"protocol_report")))),"INVALID D / E",IF(OR(AND(NOT(AND(D2="retain",E2="statistical_results")),H2<>"",NOT(EXACT(H2,"not_applicable"))),AND(NOT(AND(D2="retain",E2="statistical_results")),I2<>"",NOT(EXACT(I2,"not_applicable"))),AND(NOT(AND(D2="retain",E2="statistical_results")),J2<>"",NOT(EXACT(J2,"not_applicable"))),AND(NOT(AND(D2="retain",OR(E2="report_internal_inconsistency",E2="plan_material"))),K2<>"",NOT(EXACT(K2,"not_applicable"))),AND(NOT(AND(D2="retain",E2="protocol_report")),L2<>"",NOT(EXACT(L2,"not_applicable")))),"CLEAR INACTIVE VALUES",IF(OR(AND(AND(D2="retain",E2="statistical_results"),OR(H2="",EXACT(H2,"not_applicable"))),AND(AND(D2="retain",E2="statistical_results"),OR(I2="",EXACT(I2,"not_applicable"))),AND(AND(D2="retain",OR(E2="report_internal_inconsistency",E2="plan_material")),OR(K2="",EXACT(K2,"not_applicable")))),"MISSING REQUIRED JUDGMENT",IF(OR(AND(AND(D2="retain",E2="statistical_results"),H2<>"",NOT(OR(EXACT(H2,"confirmed_issue"),EXACT(H2,"probable_issue"),EXACT(H2,"not_issue"),EXACT(H2,"indeterminate")))),AND(AND(D2="retain",E2="statistical_results"),I2<>"",NOT(OR(EXACT(I2,"substantive"),EXACT(I2,"minor_presentation"),EXACT(I2,"indeterminate")))),AND(AND(D2="retain",E2="statistical_results"),J2<>"",NOT(OR(EXACT(J2,"direct"),EXACT(J2,"possible"),EXACT(J2,"unlikely"),EXACT(J2,"unknown")))),AND(AND(D2="retain",OR(E2="report_internal_inconsistency",E2="plan_material")),K2<>"",NOT(OR(EXACT(K2,"substantive_inconsistency"),EXACT(K2,"minor_presentation"),EXACT(K2,"non_inconsistency"),EXACT(K2,"indeterminate")))),AND(AND(D2="retain",E2="protocol_report"),L2<>"",NOT(OR(EXACT(L2,"substantive_difference"),EXACT(L2,"minor_presentation"),EXACT(L2,"version_timing"),EXACT(L2,"non_inconsistency"),EXACT(L2,"indeterminate"))))),"INVALID ACTIVE JUDGMENT",IF(F2<>"primary_done","PRIMARY DRAFT","PRIMARY READY")))))))))),"CHECK INPUT ERROR") | H2: =IF(AND(OR(D2="retain",D2=""),E2="statistical_results"),"","not_applicable") | I2: =IF(AND(OR(D2="retain",D2=""),E2="statistical_results"),"","not_applicable") | J2: =IF(AND(OR(D2="retain",D2=""),E2="statistical_results"),"","not_applicable") | K2: =IF(AND(OR(D2="retain",D2=""),OR(E2="report_internal_inconsistency",E2="plan_material")),"","not_applicable") | L2: minor_presentation | R2: Protocol (6 Jan 2019) Matching Process says each nonsurgical patient will be matched to five surgical patients, but its own sensitivity section specifies 1:5 matching on nonsurgical index dates. The article matches each surgical patient to 5 controls (2287 x 5 = 11,435). The protocol sentence is inverted wording; planned and reported design are the same.
A3: 2019::jama.2019.14231::C002 | B3: Heart-failure ARD does not reconcile with displayed 8-year incidences | C3: Main article — PDF p. 4, PDF p. 7; Supplement 1 — PDF p. 7. | D3: retain | E3: statistical_results | F3: primary_done | G3: =IFERROR(IF(OR(NOT(EXACT(Setup!$B$4,"R_B")),Setup!$B$5<>2019),"CHECK SETUP",IF(OR(LEN(TRIM(CLEAN(SUBSTITUTE(Setup!$B$2,CHAR(160)," "))))=0,Setup!$B$2<>TRIM(CLEAN(SUBSTITUTE(Setup!$B$2,CHAR(160)," ")))),"CHECK REVIEWER ID",IF(OR(A3="",COUNTIF($A$2:$A$12,A3)<>1,LEFT(A3,LEN("2019::jama.2019.14231::"))<>"2019::jama.2019.14231::"),"CHECK KEY",IF(NOT(OR(EXACT(F3,"no"),EXACT(F3,"primary_done"),EXACT(F3,""))),"CHECK COMPLETE FLAG",IF(OR(D3="",E3=""),"MISSING D / E",IF(OR(NOT(OR(EXACT(D3,"retain"),EXACT(D3,"exclude"),EXACT(D3,"discuss"))),NOT(OR(EXACT(E3,"statistical_results"),EXACT(E3,"report_internal_inconsistency"),EXACT(E3,"plan_material"),EXACT(E3,"protocol_report")))),"INVALID D / E",IF(OR(AND(NOT(AND(D3="retain",E3="statistical_results")),H3<>"",NOT(EXACT(H3,"not_applicable"))),AND(NOT(AND(D3="retain",E3="statistical_results")),I3<>"",NOT(EXACT(I3,"not_applicable"))),AND(NOT(AND(D3="retain",E3="statistical_results")),J3<>"",NOT(EXACT(J3,"not_applicable"))),AND(NOT(AND(D3="retain",OR(E3="report_internal_inconsistency",E3="plan_material"))),K3<>"",NOT(EXACT(K3,"not_applicable"))),AND(NOT(AND(D3="retain",E3="protocol_report")),L3<>"",NOT(EXACT(L3,"not_applicable")))),"CLEAR INACTIVE VALUES",IF(OR(AND(AND(D3="retain",E3="statistical_results"),OR(H3="",EXACT(H3,"not_applicable"))),AND(AND(D3="retain",E3="statistical_results"),OR(I3="",EXACT(I3,"not_applicable"))),AND(AND(D3="retain",OR(E3="report_internal_inconsistency",E3="plan_material")),OR(K3="",EXACT(K3,"not_applicable")))),"MISSING REQUIRED JUDGMENT",IF(OR(AND(AND(D3="retain",E3="statistical_results"),H3<>"",NOT(OR(EXACT(H3,"confirmed_issue"),EXACT(H3,"probable_issue"),EXACT(H3,"not_issue"),EXACT(H3,"indeterminate")))),AND(AND(D3="retain",E3="statistical_results"),I3<>"",NOT(OR(EXACT(I3,"substantive"),EXACT(I3,"minor_presentation"),EXACT(I3,"indeterminate")))),AND(AND(D3="retain",E3="statistical_results"),J3<>"",NOT(OR(EXACT(J3,"direct"),EXACT(J3,"possible"),EXACT(J3,"unlikely"),EXACT(J3,"unknown")))),AND(AND(D3="retain",OR(E3="report_internal_inconsistency",E3="plan_material")),K3<>"",NOT(OR(EXACT(K3,"substantive_inconsistency"),EXACT(K3,"minor_presentation"),EXACT(K3,"non_inconsistency"),EXACT(K3,"indeterminate")))),AND(AND(D3="retain",E3="protocol_report"),L3<>"",NOT(OR(EXACT(L3,"substantive_difference"),EXACT(L3,"minor_presentation"),EXACT(L3,"version_timing"),EXACT(L3,"non_inconsistency"),EXACT(L3,"indeterminate"))))),"INVALID ACTIVE JUDGMENT",IF(F3<>"primary_done","PRIMARY DRAFT","PRIMARY READY")))))))))),"CHECK INPUT ERROR") | H3: confirmed_issue | I3: substantive | J3: direct | K3: =IF(AND(OR(D3="retain",D3=""),OR(E3="report_internal_inconsistency",E3="plan_material")),"","not_applicable") | L3: =IF(AND(OR(D3="retain",D3=""),E3="protocol_report"),"","not_applicable") | R3: Table 2 heart failure: 8-year KM incidence 18.9% (controls) - 6.8% (surgery) = 12.1 pp, but the ARD is printed as 12.9 (95% CI 10.4-15.1); the gap (0.8) exceeds rounding (possible 12.0-12.2). Composite and mortality rows reproduce exactly; all 5 component rows are larger by 0.3-0.9 and sit near their bootstrap-CI midpoints, which suggests a different estimand or population.
A4: 2019::jama.2019.14231::C003 | B4: Coronary-disease ARD does not reconcile with displayed 8-year incidences | C4: Main article — PDF p. 4, PDF p. 7; Supplement 1 — PDF p. 7. | D4: retain | E4: statistical_results | F4: primary_done | G4: =IFERROR(IF(OR(NOT(EXACT(Setup!$B$4,"R_B")),Setup!$B$5<>2019),"CHECK SETUP",IF(OR(LEN(TRIM(CLEAN(SUBSTITUTE(Setup!$B$2,CHAR(160)," "))))=0,Setup!$B$2<>TRIM(CLEAN(SUBSTITUTE(Setup!$B$2,CHAR(160)," ")))),"CHECK REVIEWER ID",IF(OR(A4="",COUNTIF($A$2:$A$12,A4)<>1,LEFT(A4,LEN("2019::jama.2019.14231::"))<>"2019::jama.2019.14231::"),"CHECK KEY",IF(NOT(OR(EXACT(F4,"no"),EXACT(F4,"primary_done"),EXACT(F4,""))),"CHECK COMPLETE FLAG",IF(OR(D4="",E4=""),"MISSING D / E",IF(OR(NOT(OR(EXACT(D4,"retain"),EXACT(D4,"exclude"),EXACT(D4,"discuss"))),NOT(OR(EXACT(E4,"statistical_results"),EXACT(E4,"report_internal_inconsistency"),EXACT(E4,"plan_material"),EXACT(E4,"protocol_report")))),"INVALID D / E",IF(OR(AND(NOT(AND(D4="retain",E4="statistical_results")),H4<>"",NOT(EXACT(H4,"not_applicable"))),AND(NOT(AND(D4="retain",E4="statistical_results")),I4<>"",NOT(EXACT(I4,"not_applicable"))),AND(NOT(AND(D4="retain",E4="statistical_results")),J4<>"",NOT(EXACT(J4,"not_applicable"))),AND(NOT(AND(D4="retain",OR(E4="report_internal_inconsistency",E4="plan_material"))),K4<>"",NOT(EXACT(K4,"not_applicable"))),AND(NOT(AND(D4="retain",E4="protocol_report")),L4<>"",NOT(EXACT(L4,"not_applicable")))),"CLEAR INACTIVE VALUES",IF(OR(AND(AND(D4="retain",E4="statistical_results"),OR(H4="",EXACT(H4,"not_applicable"))),AND(AND(D4="retain",E4="statistical_results"),OR(I4="",EXACT(I4,"not_applicable"))),AND(AND(D4="retain",OR(E4="report_internal_inconsistency",E4="plan_material")),OR(K4="",EXACT(K4,"not_applicable")))),"MISSING REQUIRED JUDGMENT",IF(OR(AND(AND(D4="retain",E4="statistical_results"),H4<>"",NOT(OR(EXACT(H4,"confirmed_issue"),EXACT(H4,"probable_issue"),EXACT(H4,"not_issue"),EXACT(H4,"indeterminate")))),AND(AND(D4="retain",E4="statistical_results"),I4<>"",NOT(OR(EXACT(I4,"substantive"),EXACT(I4,"minor_presentation"),EXACT(I4,"indeterminate")))),AND(AND(D4="retain",E4="statistical_results"),J4<>"",NOT(OR(EXACT(J4,"direct"),EXACT(J4,"possible"),EXACT(J4,"unlikely"),EXACT(J4,"unknown")))),AND(AND(D4="retain",OR(E4="report_internal_inconsistency",E4="plan_material")),K4<>"",NOT(OR(EXACT(K4,"substantive_inconsistency"),EXACT(K4,"minor_presentation"),EXACT(K4,"non_inconsistency"),EXACT(K4,"indeterminate")))),AND(AND(D4="retain",E4="protocol_report"),L4<>"",NOT(OR(EXACT(L4,"substantive_difference"),EXACT(L4,"minor_presentation"),EXACT(L4,"version_timing"),EXACT(L4,"non_inconsistency"),EXACT(L4,"indeterminate"))))),"INVALID ACTIVE JUDGMENT",IF(F4<>"primary_done","PRIMARY DRAFT","PRIMARY READY")))))))))),"CHECK INPUT ERROR") | H4: confirmed_issue | I4: substantive | J4: direct | K4: =IF(AND(OR(D4="retain",D4=""),OR(E4="report_internal_inconsistency",E4="plan_material")),"","not_applicable") | L4: =IF(AND(OR(D4="retain",D4=""),E4="protocol_report"),"","not_applicable") | R4: Table 2 coronary artery disease: 11.6% - 7.9% = 3.7 pp vs printed ARD 4.2 (1.9-6.8); the gap of 0.5 exceeds rounding (3.6-3.8 possible). This is part of a systematic pattern across all 5 component outcomes (printed ARD exceeds the displayed incidence difference), while composite and mortality rows reproduce. The extractable ARD is ambiguous (about 14% relative).
A5: 2019::jama.2019.14231::C004 | B5: Cerebrovascular-disease ARD does not reconcile with displayed 8-year incidences | C5: Main article — PDF p. 4, PDF p. 7; Supplement 1 — PDF p. 7. | D5: retain | E5: statistical_results | F5: primary_done | G5: =IFERROR(IF(OR(NOT(EXACT(Setup!$B$4,"R_B")),Setup!$B$5<>2019),"CHECK SETUP",IF(OR(LEN(TRIM(CLEAN(SUBSTITUTE(Setup!$B$2,CHAR(160)," "))))=0,Setup!$B$2<>TRIM(CLEAN(SUBSTITUTE(Setup!$B$2,CHAR(160)," ")))),"CHECK REVIEWER ID",IF(OR(A5="",COUNTIF($A$2:$A$12,A5)<>1,LEFT(A5,LEN("2019::jama.2019.14231::"))<>"2019::jama.2019.14231::"),"CHECK KEY",IF(NOT(OR(EXACT(F5,"no"),EXACT(F5,"primary_done"),EXACT(F5,""))),"CHECK COMPLETE FLAG",IF(OR(D5="",E5=""),"MISSING D / E",IF(OR(NOT(OR(EXACT(D5,"retain"),EXACT(D5,"exclude"),EXACT(D5,"discuss"))),NOT(OR(EXACT(E5,"statistical_results"),EXACT(E5,"report_internal_inconsistency"),EXACT(E5,"plan_material"),EXACT(E5,"protocol_report")))),"INVALID D / E",IF(OR(AND(NOT(AND(D5="retain",E5="statistical_results")),H5<>"",NOT(EXACT(H5,"not_applicable"))),AND(NOT(AND(D5="retain",E5="statistical_results")),I5<>"",NOT(EXACT(I5,"not_applicable"))),AND(NOT(AND(D5="retain",E5="statistical_results")),J5<>"",NOT(EXACT(J5,"not_applicable"))),AND(NOT(AND(D5="retain",OR(E5="report_internal_inconsistency",E5="plan_material"))),K5<>"",NOT(EXACT(K5,"not_applicable"))),AND(NOT(AND(D5="retain",E5="protocol_report")),L5<>"",NOT(EXACT(L5,"not_applicable")))),"CLEAR INACTIVE VALUES",IF(OR(AND(AND(D5="retain",E5="statistical_results"),OR(H5="",EXACT(H5,"not_applicable"))),AND(AND(D5="retain",E5="statistical_results"),OR(I5="",EXACT(I5,"not_applicable"))),AND(AND(D5="retain",OR(E5="report_internal_inconsistency",E5="plan_material")),OR(K5="",EXACT(K5,"not_applicable")))),"MISSING REQUIRED JUDGMENT",IF(OR(AND(AND(D5="retain",E5="statistical_results"),H5<>"",NOT(OR(EXACT(H5,"confirmed_issue"),EXACT(H5,"probable_issue"),EXACT(H5,"not_issue"),EXACT(H5,"indeterminate")))),AND(AND(D5="retain",E5="statistical_results"),I5<>"",NOT(OR(EXACT(I5,"substantive"),EXACT(I5,"minor_presentation"),EXACT(I5,"indeterminate")))),AND(AND(D5="retain",E5="statistical_results"),J5<>"",NOT(OR(EXACT(J5,"direct"),EXACT(J5,"possible"),EXACT(J5,"unlikely"),EXACT(J5,"unknown")))),AND(AND(D5="retain",OR(E5="report_internal_inconsistency",E5="plan_material")),K5<>"",NOT(OR(EXACT(K5,"substantive_inconsistency"),EXACT(K5,"minor_presentation"),EXACT(K5,"non_inconsistency"),EXACT(K5,"indeterminate")))),AND(AND(D5="retain",E5="protocol_report"),L5<>"",NOT(OR(EXACT(L5,"substantive_difference"),EXACT(L5,"minor_presentation"),EXACT(L5,"version_timing"),EXACT(L5,"non_inconsistency"),EXACT(L5,"indeterminate"))))),"INVALID ACTIVE JUDGMENT",IF(F5<>"primary_done","PRIMARY DRAFT","PRIMARY READY")))))))))),"CHECK INPUT ERROR") | H5: confirmed_issue | I5: substantive | J5: direct | K5: =IF(AND(OR(D5="retain",D5=""),OR(E5="report_internal_inconsistency",E5="plan_material")),"","not_applicable") | L5: =IF(AND(OR(D5="retain",D5=""),E5="protocol_report"),"","not_applicable") | R5: Table 2 cerebrovascular disease: 5.6% - 4.1% = 1.5 pp vs printed ARD 1.8 (-0.03 to 3.4); the difference can only be 1.4-1.6 from the displayed values. Same systematic pattern as the other component outcomes. 1.5 vs 1.8 is a 20% relative difference in an extractable estimate whose CI touches zero.
A6: 2019::jama.2019.14231::C005 | B6: Nephropathy ARD does not reconcile with displayed 8-year incidences | C6: Main article — PDF p. 4, PDF p. 7; Supplement 1 — PDF p. 7. | D6: retain | E6: statistical_results | F6: primary_done | G6: =IFERROR(IF(OR(NOT(EXACT(Setup!$B$4,"R_B")),Setup!$B$5<>2019),"CHECK SETUP",IF(OR(LEN(TRIM(CLEAN(SUBSTITUTE(Setup!$B$2,CHAR(160)," "))))=0,Setup!$B$2<>TRIM(CLEAN(SUBSTITUTE(Setup!$B$2,CHAR(160)," ")))),"CHECK REVIEWER ID",IF(OR(A6="",COUNTIF($A$2:$A$12,A6)<>1,LEFT(A6,LEN("2019::jama.2019.14231::"))<>"2019::jama.2019.14231::"),"CHECK KEY",IF(NOT(OR(EXACT(F6,"no"),EXACT(F6,"primary_done"),EXACT(F6,""))),"CHECK COMPLETE FLAG",IF(OR(D6="",E6=""),"MISSING D / E",IF(OR(NOT(OR(EXACT(D6,"retain"),EXACT(D6,"exclude"),EXACT(D6,"discuss"))),NOT(OR(EXACT(E6,"statistical_results"),EXACT(E6,"report_internal_inconsistency"),EXACT(E6,"plan_material"),EXACT(E6,"protocol_report")))),"INVALID D / E",IF(OR(AND(NOT(AND(D6="retain",E6="statistical_results")),H6<>"",NOT(EXACT(H6,"not_applicable"))),AND(NOT(AND(D6="retain",E6="statistical_results")),I6<>"",NOT(EXACT(I6,"not_applicable"))),AND(NOT(AND(D6="retain",E6="statistical_results")),J6<>"",NOT(EXACT(J6,"not_applicable"))),AND(NOT(AND(D6="retain",OR(E6="report_internal_inconsistency",E6="plan_material"))),K6<>"",NOT(EXACT(K6,"not_applicable"))),AND(NOT(AND(D6="retain",E6="protocol_report")),L6<>"",NOT(EXACT(L6,"not_applicable")))),"CLEAR INACTIVE VALUES",IF(OR(AND(AND(D6="retain",E6="statistical_results"),OR(H6="",EXACT(H6,"not_applicable"))),AND(AND(D6="retain",E6="statistical_results"),OR(I6="",EXACT(I6,"not_applicable"))),AND(AND(D6="retain",OR(E6="report_internal_inconsistency",E6="plan_material")),OR(K6="",EXACT(K6,"not_applicable")))),"MISSING REQUIRED JUDGMENT",IF(OR(AND(AND(D6="retain",E6="statistical_results"),H6<>"",NOT(OR(EXACT(H6,"confirmed_issue"),EXACT(H6,"probable_issue"),EXACT(H6,"not_issue"),EXACT(H6,"indeterminate")))),AND(AND(D6="retain",E6="statistical_results"),I6<>"",NOT(OR(EXACT(I6,"substantive"),EXACT(I6,"minor_presentation"),EXACT(I6,"indeterminate")))),AND(AND(D6="retain",E6="statistical_results"),J6<>"",NOT(OR(EXACT(J6,"direct"),EXACT(J6,"possible"),EXACT(J6,"unlikely"),EXACT(J6,"unknown")))),AND(AND(D6="retain",OR(E6="report_internal_inconsistency",E6="plan_material")),K6<>"",NOT(OR(EXACT(K6,"substantive_inconsistency"),EXACT(K6,"minor_presentation"),EXACT(K6,"non_inconsistency"),EXACT(K6,"indeterminate")))),AND(AND(D6="retain",E6="protocol_report"),L6<>"",NOT(OR(EXACT(L6,"substantive_difference"),EXACT(L6,"minor_presentation"),EXACT(L6,"version_timing"),EXACT(L6,"non_inconsistency"),EXACT(L6,"indeterminate"))))),"INVALID ACTIVE JUDGMENT",IF(F6<>"primary_done","PRIMARY DRAFT","PRIMARY READY")))))))))),"CHECK INPUT ERROR") | H6: confirmed_issue | I6: substantive | J6: direct | K6: =IF(AND(OR(D6="retain",D6=""),OR(E6="report_internal_inconsistency",E6="plan_material")),"","not_applicable") | L6: =IF(AND(OR(D6="retain",D6=""),E6="protocol_report"),"","not_applicable") | R6: Table 2 nephropathy: 16.3% - 6.1% = 10.2 pp vs printed ARD 11.1 (8.8-13.6); the gap of 0.9 is far beyond rounding. It belongs to the systematic component-outcome pattern (printed ARDs near bootstrap-CI midpoints, not the KM incidence difference). The extractable ARD is ambiguous.
A7: 2019::jama.2019.14231::C006 | B7: Atrial-fibrillation ARD does not reconcile with displayed 8-year incidences | C7: Main article — PDF p. 4, PDF p. 7; Supplement 1 — PDF p. 7. | D7: retain | E7: statistical_results | F7: primary_done | G7: =IFERROR(IF(OR(NOT(EXACT(Setup!$B$4,"R_B")),Setup!$B$5<>2019),"CHECK SETUP",IF(OR(LEN(TRIM(CLEAN(SUBSTITUTE(Setup!$B$2,CHAR(160)," "))))=0,Setup!$B$2<>TRIM(CLEAN(SUBSTITUTE(Setup!$B$2,CHAR(160)," ")))),"CHECK REVIEWER ID",IF(OR(A7="",COUNTIF($A$2:$A$12,A7)<>1,LEFT(A7,LEN("2019::jama.2019.14231::"))<>"2019::jama.2019.14231::"),"CHECK KEY",IF(NOT(OR(EXACT(F7,"no"),EXACT(F7,"primary_done"),EXACT(F7,""))),"CHECK COMPLETE FLAG",IF(OR(D7="",E7=""),"MISSING D / E",IF(OR(NOT(OR(EXACT(D7,"retain"),EXACT(D7,"exclude"),EXACT(D7,"discuss"))),NOT(OR(EXACT(E7,"statistical_results"),EXACT(E7,"report_internal_inconsistency"),EXACT(E7,"plan_material"),EXACT(E7,"protocol_report")))),"INVALID D / E",IF(OR(AND(NOT(AND(D7="retain",E7="statistical_results")),H7<>"",NOT(EXACT(H7,"not_applicable"))),AND(NOT(AND(D7="retain",E7="statistical_results")),I7<>"",NOT(EXACT(I7,"not_applicable"))),AND(NOT(AND(D7="retain",E7="statistical_results")),J7<>"",NOT(EXACT(J7,"not_applicable"))),AND(NOT(AND(D7="retain",OR(E7="report_internal_inconsistency",E7="plan_material"))),K7<>"",NOT(EXACT(K7,"not_applicable"))),AND(NOT(AND(D7="retain",E7="protocol_report")),L7<>"",NOT(EXACT(L7,"not_applicable")))),"CLEAR INACTIVE VALUES",IF(OR(AND(AND(D7="retain",E7="statistical_results"),OR(H7="",EXACT(H7,"not_applicable"))),AND(AND(D7="retain",E7="statistical_results"),OR(I7="",EXACT(I7,"not_applicable"))),AND(AND(D7="retain",OR(E7="report_internal_inconsistency",E7="plan_material")),OR(K7="",EXACT(K7,"not_applicable")))),"MISSING REQUIRED JUDGMENT",IF(OR(AND(AND(D7="retain",E7="statistical_results"),H7<>"",NOT(OR(EXACT(H7,"confirmed_issue"),EXACT(H7,"probable_issue"),EXACT(H7,"not_issue"),EXACT(H7,"indeterminate")))),AND(AND(D7="retain",E7="statistical_results"),I7<>"",NOT(OR(EXACT(I7,"substantive"),EXACT(I7,"minor_presentation"),EXACT(I7,"indeterminate")))),AND(AND(D7="retain",E7="statistical_results"),J7<>"",NOT(OR(EXACT(J7,"direct"),EXACT(J7,"possible"),EXACT(J7,"unlikely"),EXACT(J7,"unknown")))),AND(AND(D7="retain",OR(E7="report_internal_inconsistency",E7="plan_material")),K7<>"",NOT(OR(EXACT(K7,"substantive_inconsistency"),EXACT(K7,"minor_presentation"),EXACT(K7,"non_inconsistency"),EXACT(K7,"indeterminate")))),AND(AND(D7="retain",E7="protocol_report"),L7<>"",NOT(OR(EXACT(L7,"substantive_difference"),EXACT(L7,"minor_presentation"),EXACT(L7,"version_timing"),EXACT(L7,"non_inconsistency"),EXACT(L7,"indeterminate"))))),"INVALID ACTIVE JUDGMENT",IF(F7<>"primary_done","PRIMARY DRAFT","PRIMARY READY")))))))))),"CHECK INPUT ERROR") | H7: confirmed_issue | I7: substantive | J7: direct | K7: =IF(AND(OR(D7="retain",D7=""),OR(E7="report_internal_inconsistency",E7="plan_material")),"","not_applicable") | L7: =IF(AND(OR(D7="retain",D7=""),E7="protocol_report"),"","not_applicable") | R7: Table 2 atrial fibrillation: 13.6% - 7.9% = 5.7 pp vs printed ARD 6.5 (4.4-8.7); the gap of 0.8 is beyond rounding (5.6-5.8 possible). Same systematic pattern across component outcomes. AF also violated proportional hazards per the text, so the 8-year ARD is the more interpretable summary, which makes the ambiguity matter more.
A8: 2019::jama.2019.14231::C007 | B8: Supplement tables use different nonsurgical medication denominators at baseline | C8: Supplement 1 — PDF p. 5, PDF p. 14. | D8: exclude | E8: statistical_results | F8: primary_done | G8: =IFERROR(IF(OR(NOT(EXACT(Setup!$B$4,"R_B")),Setup!$B$5<>2019),"CHECK SETUP",IF(OR(LEN(TRIM(CLEAN(SUBSTITUTE(Setup!$B$2,CHAR(160)," "))))=0,Setup!$B$2<>TRIM(CLEAN(SUBSTITUTE(Setup!$B$2,CHAR(160)," ")))),"CHECK REVIEWER ID",IF(OR(A8="",COUNTIF($A$2:$A$12,A8)<>1,LEFT(A8,LEN("2019::jama.2019.14231::"))<>"2019::jama.2019.14231::"),"CHECK KEY",IF(NOT(OR(EXACT(F8,"no"),EXACT(F8,"primary_done"),EXACT(F8,""))),"CHECK COMPLETE FLAG",IF(OR(D8="",E8=""),"MISSING D / E",IF(OR(NOT(OR(EXACT(D8,"retain"),EXACT(D8,"exclude"),EXACT(D8,"discuss"))),NOT(OR(EXACT(E8,"statistical_results"),EXACT(E8,"report_internal_inconsistency"),EXACT(E8,"plan_material"),EXACT(E8,"protocol_report")))),"INVALID D / E",IF(OR(AND(NOT(AND(D8="retain",E8="statistical_results")),H8<>"",NOT(EXACT(H8,"not_applicable"))),AND(NOT(AND(D8="retain",E8="statistical_results")),I8<>"",NOT(EXACT(I8,"not_applicable"))),AND(NOT(AND(D8="retain",E8="statistical_results")),J8<>"",NOT(EXACT(J8,"not_applicable"))),AND(NOT(AND(D8="retain",OR(E8="report_internal_inconsistency",E8="plan_material"))),K8<>"",NOT(EXACT(K8,"not_applicable"))),AND(NOT(AND(D8="retain",E8="protocol_report")),L8<>"",NOT(EXACT(L8,"not_applicable")))),"CLEAR INACTIVE VALUES",IF(OR(AND(AND(D8="retain",E8="statistical_results"),OR(H8="",EXACT(H8,"not_applicable"))),AND(AND(D8="retain",E8="statistical_results"),OR(I8="",EXACT(I8,"not_applicable"))),AND(AND(D8="retain",OR(E8="report_internal_inconsistency",E8="plan_material")),OR(K8="",EXACT(K8,"not_applicable")))),"MISSING REQUIRED JUDGMENT",IF(OR(AND(AND(D8="retain",E8="statistical_results"),H8<>"",NOT(OR(EXACT(H8,"confirmed_issue"),EXACT(H8,"probable_issue"),EXACT(H8,"not_issue"),EXACT(H8,"indeterminate")))),AND(AND(D8="retain",E8="statistical_results"),I8<>"",NOT(OR(EXACT(I8,"substantive"),EXACT(I8,"minor_presentation"),EXACT(I8,"indeterminate")))),AND(AND(D8="retain",E8="statistical_results"),J8<>"",NOT(OR(EXACT(J8,"direct"),EXACT(J8,"possible"),EXACT(J8,"unlikely"),EXACT(J8,"unknown")))),AND(AND(D8="retain",OR(E8="report_internal_inconsistency",E8="plan_material")),K8<>"",NOT(OR(EXACT(K8,"substantive_inconsistency"),EXACT(K8,"minor_presentation"),EXACT(K8,"non_inconsistency"),EXACT(K8,"indeterminate")))),AND(AND(D8="retain",E8="protocol_report"),L8<>"",NOT(OR(EXACT(L8,"substantive_difference"),EXACT(L8,"minor_presentation"),EXACT(L8,"version_timing"),EXACT(L8,"non_inconsistency"),EXACT(L8,"indeterminate"))))),"INVALID ACTIVE JUDGMENT",IF(F8<>"primary_done","PRIMARY DRAFT","PRIMARY READY")))))))))),"CHECK INPUT ERROR") | H8: =IF(AND(OR(D8="retain",D8=""),E8="statistical_results"),"","not_applicable") | I8: =IF(AND(OR(D8="retain",D8=""),E8="statistical_results"),"","not_applicable") | J8: =IF(AND(OR(D8="retain",D8=""),E8="statistical_results"),"","not_applicable") | K8: =IF(AND(OR(D8="retain",D8=""),OR(E8="report_internal_inconsistency",E8="plan_material")),"","not_applicable") | L8: =IF(AND(OR(D8="retain",D8=""),E8="protocol_report"),"","not_applicable") | R8: Exclude. eTable 3 (medication class at index date) uses matched control N=11,435; eTable 10 is explicitly a table of sample sizes 'for computing proportions ... over time' and gives 11,433 at year 0. The two tables serve different computations, and every eTable 3 control percentage is identical to one decimal under either denominator. Not a reporting error of consequence.
A9: 2019::jama.2019.14231::C008 | B9: Medication comparison is labeled as two different named tests | C9: Main article — PDF p. 4, PDF p. 10; Supplement 1 — PDF p. 12. | D9: retain | E9: report_internal_inconsistency | F9: primary_done | G9: =IFERROR(IF(OR(NOT(EXACT(Setup!$B$4,"R_B")),Setup!$B$5<>2019),"CHECK SETUP",IF(OR(LEN(TRIM(CLEAN(SUBSTITUTE(Setup!$B$2,CHAR(160)," "))))=0,Setup!$B$2<>TRIM(CLEAN(SUBSTITUTE(Setup!$B$2,CHAR(160)," ")))),"CHECK REVIEWER ID",IF(OR(A9="",COUNTIF($A$2:$A$12,A9)<>1,LEFT(A9,LEN("2019::jama.2019.14231::"))<>"2019::jama.2019.14231::"),"CHECK KEY",IF(NOT(OR(EXACT(F9,"no"),EXACT(F9,"primary_done"),EXACT(F9,""))),"CHECK COMPLETE FLAG",IF(OR(D9="",E9=""),"MISSING D / E",IF(OR(NOT(OR(EXACT(D9,"retain"),EXACT(D9,"exclude"),EXACT(D9,"discuss"))),NOT(OR(EXACT(E9,"statistical_results"),EXACT(E9,"report_internal_inconsistency"),EXACT(E9,"plan_material"),EXACT(E9,"protocol_report")))),"INVALID D / E",IF(OR(AND(NOT(AND(D9="retain",E9="statistical_results")),H9<>"",NOT(EXACT(H9,"not_applicable"))),AND(NOT(AND(D9="retain",E9="statistical_results")),I9<>"",NOT(EXACT(I9,"not_applicable"))),AND(NOT(AND(D9="retain",E9="statistical_results")),J9<>"",NOT(EXACT(J9,"not_applicable"))),AND(NOT(AND(D9="retain",OR(E9="report_internal_inconsistency",E9="plan_material"))),K9<>"",NOT(EXACT(K9,"not_applicable"))),AND(NOT(AND(D9="retain",E9="protocol_report")),L9<>"",NOT(EXACT(L9,"not_applicable")))),"CLEAR INACTIVE VALUES",IF(OR(AND(AND(D9="retain",E9="statistical_results"),OR(H9="",EXACT(H9,"not_applicable"))),AND(AND(D9="retain",E9="statistical_results"),OR(I9="",EXACT(I9,"not_applicable"))),AND(AND(D9="retain",OR(E9="report_internal_inconsistency",E9="plan_material")),OR(K9="",EXACT(K9,"not_applicable")))),"MISSING REQUIRED JUDGMENT",IF(OR(AND(AND(D9="retain",E9="statistical_results"),H9<>"",NOT(OR(EXACT(H9,"confirmed_issue"),EXACT(H9,"probable_issue"),EXACT(H9,"not_issue"),EXACT(H9,"indeterminate")))),AND(AND(D9="retain",E9="statistical_results"),I9<>"",NOT(OR(EXACT(I9,"substantive"),EXACT(I9,"minor_presentation"),EXACT(I9,"indeterminate")))),AND(AND(D9="retain",E9="statistical_results"),J9<>"",NOT(OR(EXACT(J9,"direct"),EXACT(J9,"possible"),EXACT(J9,"unlikely"),EXACT(J9,"unknown")))),AND(AND(D9="retain",OR(E9="report_internal_inconsistency",E9="plan_material")),K9<>"",NOT(OR(EXACT(K9,"substantive_inconsistency"),EXACT(K9,"minor_presentation"),EXACT(K9,"non_inconsistency"),EXACT(K9,"indeterminate")))),AND(AND(D9="retain",E9="protocol_report"),L9<>"",NOT(OR(EXACT(L9,"substantive_difference"),EXACT(L9,"minor_presentation"),EXACT(L9,"version_timing"),EXACT(L9,"non_inconsistency"),EXACT(L9,"indeterminate"))))),"INVALID ACTIVE JUDGMENT",IF(F9<>"primary_done","PRIMARY DRAFT","PRIMARY READY")))))))))),"CHECK INPUT ERROR") | H9: =IF(AND(OR(D9="retain",D9=""),E9="statistical_results"),"","not_applicable") | I9: =IF(AND(OR(D9="retain",D9=""),E9="statistical_results"),"","not_applicable") | J9: =IF(AND(OR(D9="retain",D9=""),E9="statistical_results"),"","not_applicable") | K9: minor_presentation | L9: =IF(AND(OR(D9="retain",D9=""),E9="protocol_report"),"","not_applicable") | R9: Confirmed. Main Methods and the eTable 8 note say a 2-sample proportions test compared medication proportions at 1, 2, 5 and 8 years; the Figure 5 legend says the displayed 8-year P values come from a Fisher exact test. With 348 vs 1219 patients at year 8 and P<.001/.008, the choice is unlikely to change conclusions, but the named test conflicts.
A10: 2019::jama.2019.14231::C009 | B10: Time-varying-HR narrative cites eTable 4 while the displayed table is eTable 7 | C10: Supplement 1 — PDF p. 6, PDF p. 10, PDF p. 19. | D10: retain | E10: report_internal_inconsistency | F10: primary_done | G10: =IFERROR(IF(OR(NOT(EXACT(Setup!$B$4,"R_B")),Setup!$B$5<>2019),"CHECK SETUP",IF(OR(LEN(TRIM(CLEAN(SUBSTITUTE(Setup!$B$2,CHAR(160)," "))))=0,Setup!$B$2<>TRIM(CLEAN(SUBSTITUTE(Setup!$B$2,CHAR(160)," ")))),"CHECK REVIEWER ID",IF(OR(A10="",COUNTIF($A$2:$A$12,A10)<>1,LEFT(A10,LEN("2019::jama.2019.14231::"))<>"2019::jama.2019.14231::"),"CHECK KEY",IF(NOT(OR(EXACT(F10,"no"),EXACT(F10,"primary_done"),EXACT(F10,""))),"CHECK COMPLETE FLAG",IF(OR(D10="",E10=""),"MISSING D / E",IF(OR(NOT(OR(EXACT(D10,"retain"),EXACT(D10,"exclude"),EXACT(D10,"discuss"))),NOT(OR(EXACT(E10,"statistical_results"),EXACT(E10,"report_internal_inconsistency"),EXACT(E10,"plan_material"),EXACT(E10,"protocol_report")))),"INVALID D / E",IF(OR(AND(NOT(AND(D10="retain",E10="statistical_results")),H10<>"",NOT(EXACT(H10,"not_applicable"))),AND(NOT(AND(D10="retain",E10="statistical_results")),I10<>"",NOT(EXACT(I10,"not_applicable"))),AND(NOT(AND(D10="retain",E10="statistical_results")),J10<>"",NOT(EXACT(J10,"not_applicable"))),AND(NOT(AND(D10="retain",OR(E10="report_internal_inconsistency",E10="plan_material"))),K10<>"",NOT(EXACT(K10,"not_applicable"))),AND(NOT(AND(D10="retain",E10="protocol_report")),L10<>"",NOT(EXACT(L10,"not_applicable")))),"CLEAR INACTIVE VALUES",IF(OR(AND(AND(D10="retain",E10="statistical_results"),OR(H10="",EXACT(H10,"not_applicable"))),AND(AND(D10="retain",E10="statistical_results"),OR(I10="",EXACT(I10,"not_applicable"))),AND(AND(D10="retain",OR(E10="report_internal_inconsistency",E10="plan_material")),OR(K10="",EXACT(K10,"not_applicable")))),"MISSING REQUIRED JUDGMENT",IF(OR(AND(AND(D10="retain",E10="statistical_results"),H10<>"",NOT(OR(EXACT(H10,"confirmed_issue"),EXACT(H10,"probable_issue"),EXACT(H10,"not_issue"),EXACT(H10,"indeterminate")))),AND(AND(D10="retain",E10="statistical_results"),I10<>"",NOT(OR(EXACT(I10,"substantive"),EXACT(I10,"minor_presentation"),EXACT(I10,"indeterminate")))),AND(AND(D10="retain",E10="statistical_results"),J10<>"",NOT(OR(EXACT(J10,"direct"),EXACT(J10,"possible"),EXACT(J10,"unlikely"),EXACT(J10,"unknown")))),AND(AND(D10="retain",OR(E10="report_internal_inconsistency",E10="plan_material")),K10<>"",NOT(OR(EXACT(K10,"substantive_inconsistency"),EXACT(K10,"minor_presentation"),EXACT(K10,"non_inconsistency"),EXACT(K10,"indeterminate")))),AND(AND(D10="retain",E10="protocol_report"),L10<>"",NOT(OR(EXACT(L10,"substantive_difference"),EXACT(L10,"minor_presentation"),EXACT(L10,"version_timing"),EXACT(L10,"non_inconsistency"),EXACT(L10,"indeterminate"))))),"INVALID ACTIVE JUDGMENT",IF(F10<>"primary_done","PRIMARY DRAFT","PRIMARY READY")))))))))),"CHECK INPUT ERROR") | H10: =IF(AND(OR(D10="retain",D10=""),E10="statistical_results"),"","not_applicable") | I10: =IF(AND(OR(D10="retain",D10=""),E10="statistical_results"),"","not_applicable") | J10: =IF(AND(OR(D10="retain",D10=""),E10="statistical_results"),"","not_applicable") | K10: minor_presentation | L10: =IF(AND(OR(D10="retain",D10=""),E10="protocol_report"),"","not_applicable") | R10: Confirmed. Supplement section B (p.19) says 'eTable 4 displays adjusted hazard ratios ... at 2, 5, and 8 years', but the table directly below (and on p.10) is eTable 7, while eTable 4 (p.6) shows cause-specific event rates per 100 patient-years. Wrong cross-reference; the intended table is obvious from adjacency.
A11: 2019::jama.2019.14231::C010 | B11: Biguanide count and percentage do not reconcile in eTable 3 | C11: Supplement 1 — PDF p. 5. | D11: retain | E11: statistical_results | F11: primary_done | G11: =IFERROR(IF(OR(NOT(EXACT(Setup!$B$4,"R_B")),Setup!$B$5<>2019),"CHECK SETUP",IF(OR(LEN(TRIM(CLEAN(SUBSTITUTE(Setup!$B$2,CHAR(160)," "))))=0,Setup!$B$2<>TRIM(CLEAN(SUBSTITUTE(Setup!$B$2,CHAR(160)," ")))),"CHECK REVIEWER ID",IF(OR(A11="",COUNTIF($A$2:$A$12,A11)<>1,LEFT(A11,LEN("2019::jama.2019.14231::"))<>"2019::jama.2019.14231::"),"CHECK KEY",IF(NOT(OR(EXACT(F11,"no"),EXACT(F11,"primary_done"),EXACT(F11,""))),"CHECK COMPLETE FLAG",IF(OR(D11="",E11=""),"MISSING D / E",IF(OR(NOT(OR(EXACT(D11,"retain"),EXACT(D11,"exclude"),EXACT(D11,"discuss"))),NOT(OR(EXACT(E11,"statistical_results"),EXACT(E11,"report_internal_inconsistency"),EXACT(E11,"plan_material"),EXACT(E11,"protocol_report")))),"INVALID D / E",IF(OR(AND(NOT(AND(D11="retain",E11="statistical_results")),H11<>"",NOT(EXACT(H11,"not_applicable"))),AND(NOT(AND(D11="retain",E11="statistical_results")),I11<>"",NOT(EXACT(I11,"not_applicable"))),AND(NOT(AND(D11="retain",E11="statistical_results")),J11<>"",NOT(EXACT(J11,"not_applicable"))),AND(NOT(AND(D11="retain",OR(E11="report_internal_inconsistency",E11="plan_material"))),K11<>"",NOT(EXACT(K11,"not_applicable"))),AND(NOT(AND(D11="retain",E11="protocol_report")),L11<>"",NOT(EXACT(L11,"not_applicable")))),"CLEAR INACTIVE VALUES",IF(OR(AND(AND(D11="retain",E11="statistical_results"),OR(H11="",EXACT(H11,"not_applicable"))),AND(AND(D11="retain",E11="statistical_results"),OR(I11="",EXACT(I11,"not_applicable"))),AND(AND(D11="retain",OR(E11="report_internal_inconsistency",E11="plan_material")),OR(K11="",EXACT(K11,"not_applicable")))),"MISSING REQUIRED JUDGMENT",IF(OR(AND(AND(D11="retain",E11="statistical_results"),H11<>"",NOT(OR(EXACT(H11,"confirmed_issue"),EXACT(H11,"probable_issue"),EXACT(H11,"not_issue"),EXACT(H11,"indeterminate")))),AND(AND(D11="retain",E11="statistical_results"),I11<>"",NOT(OR(EXACT(I11,"substantive"),EXACT(I11,"minor_presentation"),EXACT(I11,"indeterminate")))),AND(AND(D11="retain",E11="statistical_results"),J11<>"",NOT(OR(EXACT(J11,"direct"),EXACT(J11,"possible"),EXACT(J11,"unlikely"),EXACT(J11,"unknown")))),AND(AND(D11="retain",OR(E11="report_internal_inconsistency",E11="plan_material")),K11<>"",NOT(OR(EXACT(K11,"substantive_inconsistency"),EXACT(K11,"minor_presentation"),EXACT(K11,"non_inconsistency"),EXACT(K11,"indeterminate")))),AND(AND(D11="retain",E11="protocol_report"),L11<>"",NOT(OR(EXACT(L11,"substantive_difference"),EXACT(L11,"minor_presentation"),EXACT(L11,"version_timing"),EXACT(L11,"non_inconsistency"),EXACT(L11,"indeterminate"))))),"INVALID ACTIVE JUDGMENT",IF(F11<>"primary_done","PRIMARY DRAFT","PRIMARY READY")))))))))),"CHECK INPUT ERROR") | H11: confirmed_issue | I11: minor_presentation | J11: unlikely | K11: =IF(AND(OR(D11="retain",D11=""),OR(E11="report_internal_inconsistency",E11="plan_material")),"","not_applicable") | L11: =IF(AND(OR(D11="retain",D11=""),E11="protocol_report"),"","not_applicable") | R11: Confirmed. eTable 3 surgery group (N=2287): biguanides 1530 (67.9%); 1530/2287 = 66.9%, and 67.9% would need about 1553. The other 11 surgery-group and 12 control-group percentages in the table reproduce. Probably a one-digit typo in a supplementary baseline table; the surgery-control comparison (66.9 vs 66.5) is unaffected in substance.
A12: 2019::jama.2019.14231::C011 | B12: Standardized-difference footnote says absolute value while columns contain negative values | C12: Main article — PDF p. 5, PDF p. 6. | D12: retain | E12: report_internal_inconsistency | F12: primary_done | G12: =IFERROR(IF(OR(NOT(EXACT(Setup!$B$4,"R_B")),Setup!$B$5<>2019),"CHECK SETUP",IF(OR(LEN(TRIM(CLEAN(SUBSTITUTE(Setup!$B$2,CHAR(160)," "))))=0,Setup!$B$2<>TRIM(CLEAN(SUBSTITUTE(Setup!$B$2,CHAR(160)," ")))),"CHECK REVIEWER ID",IF(OR(A12="",COUNTIF($A$2:$A$12,A12)<>1,LEFT(A12,LEN("2019::jama.2019.14231::"))<>"2019::jama.2019.14231::"),"CHECK KEY",IF(NOT(OR(EXACT(F12,"no"),EXACT(F12,"primary_done"),EXACT(F12,""))),"CHECK COMPLETE FLAG",IF(OR(D12="",E12=""),"MISSING D / E",IF(OR(NOT(OR(EXACT(D12,"retain"),EXACT(D12,"exclude"),EXACT(D12,"discuss"))),NOT(OR(EXACT(E12,"statistical_results"),EXACT(E12,"report_internal_inconsistency"),EXACT(E12,"plan_material"),EXACT(E12,"protocol_report")))),"INVALID D / E",IF(OR(AND(NOT(AND(D12="retain",E12="statistical_results")),H12<>"",NOT(EXACT(H12,"not_applicable"))),AND(NOT(AND(D12="retain",E12="statistical_results")),I12<>"",NOT(EXACT(I12,"not_applicable"))),AND(NOT(AND(D12="retain",E12="statistical_results")),J12<>"",NOT(EXACT(J12,"not_applicable"))),AND(NOT(AND(D12="retain",OR(E12="report_internal_inconsistency",E12="plan_material"))),K12<>"",NOT(EXACT(K12,"not_applicable"))),AND(NOT(AND(D12="retain",E12="protocol_report")),L12<>"",NOT(EXACT(L12,"not_applicable")))),"CLEAR INACTIVE VALUES",IF(OR(AND(AND(D12="retain",E12="statistical_results"),OR(H12="",EXACT(H12,"not_applicable"))),AND(AND(D12="retain",E12="statistical_results"),OR(I12="",EXACT(I12,"not_applicable"))),AND(AND(D12="retain",OR(E12="report_internal_inconsistency",E12="plan_material")),OR(K12="",EXACT(K12,"not_applicable")))),"MISSING REQUIRED JUDGMENT",IF(OR(AND(AND(D12="retain",E12="statistical_results"),H12<>"",NOT(OR(EXACT(H12,"confirmed_issue"),EXACT(H12,"probable_issue"),EXACT(H12,"not_issue"),EXACT(H12,"indeterminate")))),AND(AND(D12="retain",E12="statistical_results"),I12<>"",NOT(OR(EXACT(I12,"substantive"),EXACT(I12,"minor_presentation"),EXACT(I12,"indeterminate")))),AND(AND(D12="retain",E12="statistical_results"),J12<>"",NOT(OR(EXACT(J12,"direct"),EXACT(J12,"possible"),EXACT(J12,"unlikely"),EXACT(J12,"unknown")))),AND(AND(D12="retain",OR(E12="report_internal_inconsistency",E12="plan_material")),K12<>"",NOT(OR(EXACT(K12,"substantive_inconsistency"),EXACT(K12,"minor_presentation"),EXACT(K12,"non_inconsistency"),EXACT(K12,"indeterminate")))),AND(AND(D12="retain",E12="protocol_report"),L12<>"",NOT(OR(EXACT(L12,"substantive_difference"),EXACT(L12,"minor_presentation"),EXACT(L12,"version_timing"),EXACT(L12,"non_inconsistency"),EXACT(L12,"indeterminate"))))),"INVALID ACTIVE JUDGMENT",IF(F12<>"primary_done","PRIMARY DRAFT","PRIMARY READY")))))))))),"CHECK INPUT ERROR") | H12: =IF(AND(OR(D12="retain",D12=""),E12="statistical_results"),"","not_applicable") | I12: =IF(AND(OR(D12="retain",D12=""),E12="statistical_results"),"","not_applicable") | J12: =IF(AND(OR(D12="retain",D12=""),E12="statistical_results"),"","not_applicable") | K12: minor_presentation | L12: =IF(AND(OR(D12="retain",D12=""),E12="protocol_report"),"","not_applicable") | R12: Confirmed. Table 1 footnote b defines standardized differences as 'the absolute value' of (surgery - control)/pooled SD, yet the columns are signed (e.g., age -75.3/-19.9, men -28.0/-2.9). The signs follow the stated surgery-minus-control direction (women +28.0, men -28.0), so the values are interpretable; the word 'absolute' is wrong.

Sheet C_jama.2019.14630
A1: Candidate key | B1: Candidate title | C1: Source location | D1: Disposition | E1: Review domain (AI suggestion; editable) | F1: Complete | G1: Validation hint | H1: Statistical/numerical issue | I1: Substantiveness | J1: Downstream impact | K1: Report-internal or planning-material inconsistency | L1: Protocol interpretation | R1: Notes (optional)
A2: 2019::jama.2019.14630::C001 | B2: eTable 2 assigns the N=3,311 column a second intervention-group label | C2: Supplement 3 eTable 2 opening header — PDF p. 3; Supplement 3 eTable 2 continuation — PDF p. 5; main article Table 2 — PDF p. 5. | D2: retain | E2: report_internal_inconsistency | F2: primary_done | G2: =IFERROR(IF(OR(NOT(EXACT(Setup!$B$4,"R_B")),Setup!$B$5<>2019),"CHECK SETUP",IF(OR(LEN(TRIM(CLEAN(SUBSTITUTE(Setup!$B$2,CHAR(160)," "))))=0,Setup!$B$2<>TRIM(CLEAN(SUBSTITUTE(Setup!$B$2,CHAR(160)," ")))),"CHECK REVIEWER ID",IF(OR(A2="",COUNTIF($A$2:$A$10,A2)<>1,LEFT(A2,LEN("2019::jama.2019.14630::"))<>"2019::jama.2019.14630::"),"CHECK KEY",IF(NOT(OR(EXACT(F2,"no"),EXACT(F2,"primary_done"),EXACT(F2,""))),"CHECK COMPLETE FLAG",IF(OR(D2="",E2=""),"MISSING D / E",IF(OR(NOT(OR(EXACT(D2,"retain"),EXACT(D2,"exclude"),EXACT(D2,"discuss"))),NOT(OR(EXACT(E2,"statistical_results"),EXACT(E2,"report_internal_inconsistency"),EXACT(E2,"plan_material"),EXACT(E2,"protocol_report")))),"INVALID D / E",IF(OR(AND(NOT(AND(D2="retain",E2="statistical_results")),H2<>"",NOT(EXACT(H2,"not_applicable"))),AND(NOT(AND(D2="retain",E2="statistical_results")),I2<>"",NOT(EXACT(I2,"not_applicable"))),AND(NOT(AND(D2="retain",E2="statistical_results")),J2<>"",NOT(EXACT(J2,"not_applicable"))),AND(NOT(AND(D2="retain",OR(E2="report_internal_inconsistency",E2="plan_material"))),K2<>"",NOT(EXACT(K2,"not_applicable"))),AND(NOT(AND(D2="retain",E2="protocol_report")),L2<>"",NOT(EXACT(L2,"not_applicable")))),"CLEAR INACTIVE VALUES",IF(OR(AND(AND(D2="retain",E2="statistical_results"),OR(H2="",EXACT(H2,"not_applicable"))),AND(AND(D2="retain",E2="statistical_results"),OR(I2="",EXACT(I2,"not_applicable"))),AND(AND(D2="retain",OR(E2="report_internal_inconsistency",E2="plan_material")),OR(K2="",EXACT(K2,"not_applicable")))),"MISSING REQUIRED JUDGMENT",IF(OR(AND(AND(D2="retain",E2="statistical_results"),H2<>"",NOT(OR(EXACT(H2,"confirmed_issue"),EXACT(H2,"probable_issue"),EXACT(H2,"not_issue"),EXACT(H2,"indeterminate")))),AND(AND(D2="retain",E2="statistical_results"),I2<>"",NOT(OR(EXACT(I2,"substantive"),EXACT(I2,"minor_presentation"),EXACT(I2,"indeterminate")))),AND(AND(D2="retain",E2="statistical_results"),J2<>"",NOT(OR(EXACT(J2,"direct"),EXACT(J2,"possible"),EXACT(J2,"unlikely"),EXACT(J2,"unknown")))),AND(AND(D2="retain",OR(E2="report_internal_inconsistency",E2="plan_material")),K2<>"",NOT(OR(EXACT(K2,"substantive_inconsistency"),EXACT(K2,"minor_presentation"),EXACT(K2,"non_inconsistency"),EXACT(K2,"indeterminate")))),AND(AND(D2="retain",E2="protocol_report"),L2<>"",NOT(OR(EXACT(L2,"substantive_difference"),EXACT(L2,"minor_presentation"),EXACT(L2,"version_timing"),EXACT(L2,"non_inconsistency"),EXACT(L2,"indeterminate"))))),"INVALID ACTIVE JUDGMENT",IF(F2<>"primary_done","PRIMARY DRAFT","PRIMARY READY")))))))))),"CHECK INPUT ERROR") | H2: =IF(AND(OR(D2="retain",D2=""),E2="statistical_results"),"","not_applicable") | I2: =IF(AND(OR(D2="retain",D2=""),E2="statistical_results"),"","not_applicable") | J2: =IF(AND(OR(D2="retain",D2=""),E2="statistical_results"),"","not_applicable") | K2: minor_presentation | L2: =IF(AND(OR(D2="retain",D2=""),E2="protocol_report"),"","not_applicable") | R2: Confirmed. The opening page of Supplement 3 eTable 2 heads both columns 'Intervention group' (N=3,272 and N=3,311); the continuation pages and main Table 2 label N=3,311 as Control. The N values and column order identify the arms, so the meaning is recoverable, but the first page alone mislabels the control column.
A3: 2019::jama.2019.14630::C002 | B3: eTable 2 red-wine median lies above its printed upper quartile | C3: Supplement 3 eTable 2 red-wine row and footnote — PDF p. 7. | D3: retain | E3: statistical_results | F3: primary_done | G3: =IFERROR(IF(OR(NOT(EXACT(Setup!$B$4,"R_B")),Setup!$B$5<>2019),"CHECK SETUP",IF(OR(LEN(TRIM(CLEAN(SUBSTITUTE(Setup!$B$2,CHAR(160)," "))))=0,Setup!$B$2<>TRIM(CLEAN(SUBSTITUTE(Setup!$B$2,CHAR(160)," ")))),"CHECK REVIEWER ID",IF(OR(A3="",COUNTIF($A$2:$A$10,A3)<>1,LEFT(A3,LEN("2019::jama.2019.14630::"))<>"2019::jama.2019.14630::"),"CHECK KEY",IF(NOT(OR(EXACT(F3,"no"),EXACT(F3,"primary_done"),EXACT(F3,""))),"CHECK COMPLETE FLAG",IF(OR(D3="",E3=""),"MISSING D / E",IF(OR(NOT(OR(EXACT(D3,"retain"),EXACT(D3,"exclude"),EXACT(D3,"discuss"))),NOT(OR(EXACT(E3,"statistical_results"),EXACT(E3,"report_internal_inconsistency"),EXACT(E3,"plan_material"),EXACT(E3,"protocol_report")))),"INVALID D / E",IF(OR(AND(NOT(AND(D3="retain",E3="statistical_results")),H3<>"",NOT(EXACT(H3,"not_applicable"))),AND(NOT(AND(D3="retain",E3="statistical_results")),I3<>"",NOT(EXACT(I3,"not_applicable"))),AND(NOT(AND(D3="retain",E3="statistical_results")),J3<>"",NOT(EXACT(J3,"not_applicable"))),AND(NOT(AND(D3="retain",OR(E3="report_internal_inconsistency",E3="plan_material"))),K3<>"",NOT(EXACT(K3,"not_applicable"))),AND(NOT(AND(D3="retain",E3="protocol_report")),L3<>"",NOT(EXACT(L3,"not_applicable")))),"CLEAR INACTIVE VALUES",IF(OR(AND(AND(D3="retain",E3="statistical_results"),OR(H3="",EXACT(H3,"not_applicable"))),AND(AND(D3="retain",E3="statistical_results"),OR(I3="",EXACT(I3,"not_applicable"))),AND(AND(D3="retain",OR(E3="report_internal_inconsistency",E3="plan_material")),OR(K3="",EXACT(K3,"not_applicable")))),"MISSING REQUIRED JUDGMENT",IF(OR(AND(AND(D3="retain",E3="statistical_results"),H3<>"",NOT(OR(EXACT(H3,"confirmed_issue"),EXACT(H3,"probable_issue"),EXACT(H3,"not_issue"),EXACT(H3,"indeterminate")))),AND(AND(D3="retain",E3="statistical_results"),I3<>"",NOT(OR(EXACT(I3,"substantive"),EXACT(I3,"minor_presentation"),EXACT(I3,"indeterminate")))),AND(AND(D3="retain",E3="statistical_results"),J3<>"",NOT(OR(EXACT(J3,"direct"),EXACT(J3,"possible"),EXACT(J3,"unlikely"),EXACT(J3,"unknown")))),AND(AND(D3="retain",OR(E3="report_internal_inconsistency",E3="plan_material")),K3<>"",NOT(OR(EXACT(K3,"substantive_inconsistency"),EXACT(K3,"minor_presentation"),EXACT(K3,"non_inconsistency"),EXACT(K3,"indeterminate")))),AND(AND(D3="retain",E3="protocol_report"),L3<>"",NOT(OR(EXACT(L3,"substantive_difference"),EXACT(L3,"minor_presentation"),EXACT(L3,"version_timing"),EXACT(L3,"non_inconsistency"),EXACT(L3,"indeterminate"))))),"INVALID ACTIVE JUDGMENT",IF(F3<>"primary_done","PRIMARY DRAFT","PRIMARY READY")))))))))),"CHECK INPUT ERROR") | H3: confirmed_issue | I3: minor_presentation | J3: possible | K3: =IF(AND(OR(D3="retain",D3=""),OR(E3="report_internal_inconsistency",E3="plan_material")),"","not_applicable") | L3: =IF(AND(OR(D3="retain",D3=""),E3="protocol_report"),"","not_applicable") | R3: Confirmed impossible value: eTable 2 (MI, all randomized) intervention red wine baseline 33 (0, 29) g/week under a 'median (IQR)' footnote; a median cannot exceed Q3. The same baseline appears as 0 (0, 29) in eTable 7 and 4 (0, 29) in completers' eTable 4. Baseline descriptive in a supplement; trial outcomes unaffected, but the extracted value would be wrong.
A4: 2019::jama.2019.14630::C003 | B4: all-randomized red-wine baseline summaries differ between eTables 2 and 7 | C4: Supplement 3 eTable 2 — PDF p. 7; Supplement 3 eTable 7 — PDF p. 19. | D4: retain | E4: report_internal_inconsistency | F4: primary_done | G4: =IFERROR(IF(OR(NOT(EXACT(Setup!$B$4,"R_B")),Setup!$B$5<>2019),"CHECK SETUP",IF(OR(LEN(TRIM(CLEAN(SUBSTITUTE(Setup!$B$2,CHAR(160)," "))))=0,Setup!$B$2<>TRIM(CLEAN(SUBSTITUTE(Setup!$B$2,CHAR(160)," ")))),"CHECK REVIEWER ID",IF(OR(A4="",COUNTIF($A$2:$A$10,A4)<>1,LEFT(A4,LEN("2019::jama.2019.14630::"))<>"2019::jama.2019.14630::"),"CHECK KEY",IF(NOT(OR(EXACT(F4,"no"),EXACT(F4,"primary_done"),EXACT(F4,""))),"CHECK COMPLETE FLAG",IF(OR(D4="",E4=""),"MISSING D / E",IF(OR(NOT(OR(EXACT(D4,"retain"),EXACT(D4,"exclude"),EXACT(D4,"discuss"))),NOT(OR(EXACT(E4,"statistical_results"),EXACT(E4,"report_internal_inconsistency"),EXACT(E4,"plan_material"),EXACT(E4,"protocol_report")))),"INVALID D / E",IF(OR(AND(NOT(AND(D4="retain",E4="statistical_results")),H4<>"",NOT(EXACT(H4,"not_applicable"))),AND(NOT(AND(D4="retain",E4="statistical_results")),I4<>"",NOT(EXACT(I4,"not_applicable"))),AND(NOT(AND(D4="retain",E4="statistical_results")),J4<>"",NOT(EXACT(J4,"not_applicable"))),AND(NOT(AND(D4="retain",OR(E4="report_internal_inconsistency",E4="plan_material"))),K4<>"",NOT(EXACT(K4,"not_applicable"))),AND(NOT(AND(D4="retain",E4="protocol_report")),L4<>"",NOT(EXACT(L4,"not_applicable")))),"CLEAR INACTIVE VALUES",IF(OR(AND(AND(D4="retain",E4="statistical_results"),OR(H4="",EXACT(H4,"not_applicable"))),AND(AND(D4="retain",E4="statistical_results"),OR(I4="",EXACT(I4,"not_applicable"))),AND(AND(D4="retain",OR(E4="report_internal_inconsistency",E4="plan_material")),OR(K4="",EXACT(K4,"not_applicable")))),"MISSING REQUIRED JUDGMENT",IF(OR(AND(AND(D4="retain",E4="statistical_results"),H4<>"",NOT(OR(EXACT(H4,"confirmed_issue"),EXACT(H4,"probable_issue"),EXACT(H4,"not_issue"),EXACT(H4,"indeterminate")))),AND(AND(D4="retain",E4="statistical_results"),I4<>"",NOT(OR(EXACT(I4,"substantive"),EXACT(I4,"minor_presentation"),EXACT(I4,"indeterminate")))),AND(AND(D4="retain",E4="statistical_results"),J4<>"",NOT(OR(EXACT(J4,"direct"),EXACT(J4,"possible"),EXACT(J4,"unlikely"),EXACT(J4,"unknown")))),AND(AND(D4="retain",OR(E4="report_internal_inconsistency",E4="plan_material")),K4<>"",NOT(OR(EXACT(K4,"substantive_inconsistency"),EXACT(K4,"minor_presentation"),EXACT(K4,"non_inconsistency"),EXACT(K4,"indeterminate")))),AND(AND(D4="retain",E4="protocol_report"),L4<>"",NOT(OR(EXACT(L4,"substantive_difference"),EXACT(L4,"minor_presentation"),EXACT(L4,"version_timing"),EXACT(L4,"non_inconsistency"),EXACT(L4,"indeterminate"))))),"INVALID ACTIVE JUDGMENT",IF(F4<>"primary_done","PRIMARY DRAFT","PRIMARY READY")))))))))),"CHECK INPUT ERROR") | H4: =IF(AND(OR(D4="retain",D4=""),E4="statistical_results"),"","not_applicable") | I4: =IF(AND(OR(D4="retain",D4=""),E4="statistical_results"),"","not_applicable") | J4: =IF(AND(OR(D4="retain",D4=""),E4="statistical_results"),"","not_applicable") | K4: minor_presentation | L4: =IF(AND(OR(D4="retain",D4=""),E4="protocol_report"),"","not_applicable") | R4: Confirmed. Baseline red wine (all randomized, same Ns 3,272/3,311, median (IQR)): eTable 2 gives 33 (0, 29) / 4 (0, 29), eTable 7 gives 0 (0, 29) / 0 (0, 29). The main Methods state that baseline values were not imputed, so the two all-randomized baseline summaries should be identical. Overlaps C002; low materiality (baseline descriptor only).
A5: 2019::jama.2019.14630::C004 | B5: PDQS baseline mean differs between the principal and baseline-value-carried-forward tables | C5: main article Table 2 — PDF p. 5; Supplement 3 eTable 6 — PDF p. 16. | D5: retain | E5: report_internal_inconsistency | F5: primary_done | G5: =IFERROR(IF(OR(NOT(EXACT(Setup!$B$4,"R_B")),Setup!$B$5<>2019),"CHECK SETUP",IF(OR(LEN(TRIM(CLEAN(SUBSTITUTE(Setup!$B$2,CHAR(160)," "))))=0,Setup!$B$2<>TRIM(CLEAN(SUBSTITUTE(Setup!$B$2,CHAR(160)," ")))),"CHECK REVIEWER ID",IF(OR(A5="",COUNTIF($A$2:$A$10,A5)<>1,LEFT(A5,LEN("2019::jama.2019.14630::"))<>"2019::jama.2019.14630::"),"CHECK KEY",IF(NOT(OR(EXACT(F5,"no"),EXACT(F5,"primary_done"),EXACT(F5,""))),"CHECK COMPLETE FLAG",IF(OR(D5="",E5=""),"MISSING D / E",IF(OR(NOT(OR(EXACT(D5,"retain"),EXACT(D5,"exclude"),EXACT(D5,"discuss"))),NOT(OR(EXACT(E5,"statistical_results"),EXACT(E5,"report_internal_inconsistency"),EXACT(E5,"plan_material"),EXACT(E5,"protocol_report")))),"INVALID D / E",IF(OR(AND(NOT(AND(D5="retain",E5="statistical_results")),H5<>"",NOT(EXACT(H5,"not_applicable"))),AND(NOT(AND(D5="retain",E5="statistical_results")),I5<>"",NOT(EXACT(I5,"not_applicable"))),AND(NOT(AND(D5="retain",E5="statistical_results")),J5<>"",NOT(EXACT(J5,"not_applicable"))),AND(NOT(AND(D5="retain",OR(E5="report_internal_inconsistency",E5="plan_material"))),K5<>"",NOT(EXACT(K5,"not_applicable"))),AND(NOT(AND(D5="retain",E5="protocol_report")),L5<>"",NOT(EXACT(L5,"not_applicable")))),"CLEAR INACTIVE VALUES",IF(OR(AND(AND(D5="retain",E5="statistical_results"),OR(H5="",EXACT(H5,"not_applicable"))),AND(AND(D5="retain",E5="statistical_results"),OR(I5="",EXACT(I5,"not_applicable"))),AND(AND(D5="retain",OR(E5="report_internal_inconsistency",E5="plan_material")),OR(K5="",EXACT(K5,"not_applicable")))),"MISSING REQUIRED JUDGMENT",IF(OR(AND(AND(D5="retain",E5="statistical_results"),H5<>"",NOT(OR(EXACT(H5,"confirmed_issue"),EXACT(H5,"probable_issue"),EXACT(H5,"not_issue"),EXACT(H5,"indeterminate")))),AND(AND(D5="retain",E5="statistical_results"),I5<>"",NOT(OR(EXACT(I5,"substantive"),EXACT(I5,"minor_presentation"),EXACT(I5,"indeterminate")))),AND(AND(D5="retain",E5="statistical_results"),J5<>"",NOT(OR(EXACT(J5,"direct"),EXACT(J5,"possible"),EXACT(J5,"unlikely"),EXACT(J5,"unknown")))),AND(AND(D5="retain",OR(E5="report_internal_inconsistency",E5="plan_material")),K5<>"",NOT(OR(EXACT(K5,"substantive_inconsistency"),EXACT(K5,"minor_presentation"),EXACT(K5,"non_inconsistency"),EXACT(K5,"indeterminate")))),AND(AND(D5="retain",E5="protocol_report"),L5<>"",NOT(OR(EXACT(L5,"substantive_difference"),EXACT(L5,"minor_presentation"),EXACT(L5,"version_timing"),EXACT(L5,"non_inconsistency"),EXACT(L5,"indeterminate"))))),"INVALID ACTIVE JUDGMENT",IF(F5<>"primary_done","PRIMARY DRAFT","PRIMARY READY")))))))))),"CHECK INPUT ERROR") | H5: =IF(AND(OR(D5="retain",D5=""),E5="statistical_results"),"","not_applicable") | I5: =IF(AND(OR(D5="retain",D5=""),E5="statistical_results"),"","not_applicable") | J5: =IF(AND(OR(D5="retain",D5=""),E5="statistical_results"),"","not_applicable") | K5: minor_presentation | L5: =IF(AND(OR(D5="retain",D5=""),E5="protocol_report"),"","not_applicable") | R5: Confirmed but trivial. Baseline PDQS mean (SD) is 21.1 (3.7) in both arms in main Table 2 and the Results text, and 21.0 (3.7) in both arms in eTable 6 (same all-randomized Ns) and eTable 3. Baseline was not imputed, so the values should match; an identical 0.1 shift in both arms points to a rounding or truncation difference around 21.05.
A6: 2019::jama.2019.14630::C005 | B6: intervention baseline energy SD differs between Table 3 and eTable 8 | C6: main article Statistical Analysis — PDF p. 4; main article Table 3 — PDF p. 7; Supplement 3 eTable 8 — PDF p. 21. | D6: retain | E6: report_internal_inconsistency | F6: primary_done | G6: =IFERROR(IF(OR(NOT(EXACT(Setup!$B$4,"R_B")),Setup!$B$5<>2019),"CHECK SETUP",IF(OR(LEN(TRIM(CLEAN(SUBSTITUTE(Setup!$B$2,CHAR(160)," "))))=0,Setup!$B$2<>TRIM(CLEAN(SUBSTITUTE(Setup!$B$2,CHAR(160)," ")))),"CHECK REVIEWER ID",IF(OR(A6="",COUNTIF($A$2:$A$10,A6)<>1,LEFT(A6,LEN("2019::jama.2019.14630::"))<>"2019::jama.2019.14630::"),"CHECK KEY",IF(NOT(OR(EXACT(F6,"no"),EXACT(F6,"primary_done"),EXACT(F6,""))),"CHECK COMPLETE FLAG",IF(OR(D6="",E6=""),"MISSING D / E",IF(OR(NOT(OR(EXACT(D6,"retain"),EXACT(D6,"exclude"),EXACT(D6,"discuss"))),NOT(OR(EXACT(E6,"statistical_results"),EXACT(E6,"report_internal_inconsistency"),EXACT(E6,"plan_material"),EXACT(E6,"protocol_report")))),"INVALID D / E",IF(OR(AND(NOT(AND(D6="retain",E6="statistical_results")),H6<>"",NOT(EXACT(H6,"not_applicable"))),AND(NOT(AND(D6="retain",E6="statistical_results")),I6<>"",NOT(EXACT(I6,"not_applicable"))),AND(NOT(AND(D6="retain",E6="statistical_results")),J6<>"",NOT(EXACT(J6,"not_applicable"))),AND(NOT(AND(D6="retain",OR(E6="report_internal_inconsistency",E6="plan_material"))),K6<>"",NOT(EXACT(K6,"not_applicable"))),AND(NOT(AND(D6="retain",E6="protocol_report")),L6<>"",NOT(EXACT(L6,"not_applicable")))),"CLEAR INACTIVE VALUES",IF(OR(AND(AND(D6="retain",E6="statistical_results"),OR(H6="",EXACT(H6,"not_applicable"))),AND(AND(D6="retain",E6="statistical_results"),OR(I6="",EXACT(I6,"not_applicable"))),AND(AND(D6="retain",OR(E6="report_internal_inconsistency",E6="plan_material")),OR(K6="",EXACT(K6,"not_applicable")))),"MISSING REQUIRED JUDGMENT",IF(OR(AND(AND(D6="retain",E6="statistical_results"),H6<>"",NOT(OR(EXACT(H6,"confirmed_issue"),EXACT(H6,"probable_issue"),EXACT(H6,"not_issue"),EXACT(H6,"indeterminate")))),AND(AND(D6="retain",E6="statistical_results"),I6<>"",NOT(OR(EXACT(I6,"substantive"),EXACT(I6,"minor_presentation"),EXACT(I6,"indeterminate")))),AND(AND(D6="retain",E6="statistical_results"),J6<>"",NOT(OR(EXACT(J6,"direct"),EXACT(J6,"possible"),EXACT(J6,"unlikely"),EXACT(J6,"unknown")))),AND(AND(D6="retain",OR(E6="report_internal_inconsistency",E6="plan_material")),K6<>"",NOT(OR(EXACT(K6,"substantive_inconsistency"),EXACT(K6,"minor_presentation"),EXACT(K6,"non_inconsistency"),EXACT(K6,"indeterminate")))),AND(AND(D6="retain",E6="protocol_report"),L6<>"",NOT(OR(EXACT(L6,"substantive_difference"),EXACT(L6,"minor_presentation"),EXACT(L6,"version_timing"),EXACT(L6,"non_inconsistency"),EXACT(L6,"indeterminate"))))),"INVALID ACTIVE JUDGMENT",IF(F6<>"primary_done","PRIMARY DRAFT","PRIMARY READY")))))))))),"CHECK INPUT ERROR") | H6: =IF(AND(OR(D6="retain",D6=""),E6="statistical_results"),"","not_applicable") | I6: =IF(AND(OR(D6="retain",D6=""),E6="statistical_results"),"","not_applicable") | J6: =IF(AND(OR(D6="retain",D6=""),E6="statistical_results"),"","not_applicable") | K6: minor_presentation | L6: =IF(AND(OR(D6="retain",D6=""),E6="protocol_report"),"","not_applicable") | R6: Confirmed. Intervention baseline energy is 2355 (SD 555) kcal/d in main Table 3 and the Results text, but 2,355 (544) in eTable 8 (all randomized) and eTable 5 (completers); the control is 2369 (555) everywhere. Main's intervention SD likely duplicates the control SD. A 2% SD difference; no interpretive effect.
A7: 2019::jama.2019.14630::C006 | B7: baseline body-weight summaries differ between Table 1 and eTable 9 | C7: main article Table 1 — PDF p. 4; Supplement 3 eTable 9 — PDF p. 23. | D7: retain | E7: report_internal_inconsistency | F7: primary_done | G7: =IFERROR(IF(OR(NOT(EXACT(Setup!$B$4,"R_B")),Setup!$B$5<>2019),"CHECK SETUP",IF(OR(LEN(TRIM(CLEAN(SUBSTITUTE(Setup!$B$2,CHAR(160)," "))))=0,Setup!$B$2<>TRIM(CLEAN(SUBSTITUTE(Setup!$B$2,CHAR(160)," ")))),"CHECK REVIEWER ID",IF(OR(A7="",COUNTIF($A$2:$A$10,A7)<>1,LEFT(A7,LEN("2019::jama.2019.14630::"))<>"2019::jama.2019.14630::"),"CHECK KEY",IF(NOT(OR(EXACT(F7,"no"),EXACT(F7,"primary_done"),EXACT(F7,""))),"CHECK COMPLETE FLAG",IF(OR(D7="",E7=""),"MISSING D / E",IF(OR(NOT(OR(EXACT(D7,"retain"),EXACT(D7,"exclude"),EXACT(D7,"discuss"))),NOT(OR(EXACT(E7,"statistical_results"),EXACT(E7,"report_internal_inconsistency"),EXACT(E7,"plan_material"),EXACT(E7,"protocol_report")))),"INVALID D / E",IF(OR(AND(NOT(AND(D7="retain",E7="statistical_results")),H7<>"",NOT(EXACT(H7,"not_applicable"))),AND(NOT(AND(D7="retain",E7="statistical_results")),I7<>"",NOT(EXACT(I7,"not_applicable"))),AND(NOT(AND(D7="retain",E7="statistical_results")),J7<>"",NOT(EXACT(J7,"not_applicable"))),AND(NOT(AND(D7="retain",OR(E7="report_internal_inconsistency",E7="plan_material"))),K7<>"",NOT(EXACT(K7,"not_applicable"))),AND(NOT(AND(D7="retain",E7="protocol_report")),L7<>"",NOT(EXACT(L7,"not_applicable")))),"CLEAR INACTIVE VALUES",IF(OR(AND(AND(D7="retain",E7="statistical_results"),OR(H7="",EXACT(H7,"not_applicable"))),AND(AND(D7="retain",E7="statistical_results"),OR(I7="",EXACT(I7,"not_applicable"))),AND(AND(D7="retain",OR(E7="report_internal_inconsistency",E7="plan_material")),OR(K7="",EXACT(K7,"not_applicable")))),"MISSING REQUIRED JUDGMENT",IF(OR(AND(AND(D7="retain",E7="statistical_results"),H7<>"",NOT(OR(EXACT(H7,"confirmed_issue"),EXACT(H7,"probable_issue"),EXACT(H7,"not_issue"),EXACT(H7,"indeterminate")))),AND(AND(D7="retain",E7="statistical_results"),I7<>"",NOT(OR(EXACT(I7,"substantive"),EXACT(I7,"minor_presentation"),EXACT(I7,"indeterminate")))),AND(AND(D7="retain",E7="statistical_results"),J7<>"",NOT(OR(EXACT(J7,"direct"),EXACT(J7,"possible"),EXACT(J7,"unlikely"),EXACT(J7,"unknown")))),AND(AND(D7="retain",OR(E7="report_internal_inconsistency",E7="plan_material")),K7<>"",NOT(OR(EXACT(K7,"substantive_inconsistency"),EXACT(K7,"minor_presentation"),EXACT(K7,"non_inconsistency"),EXACT(K7,"indeterminate")))),AND(AND(D7="retain",E7="protocol_report"),L7<>"",NOT(OR(EXACT(L7,"substantive_difference"),EXACT(L7,"minor_presentation"),EXACT(L7,"version_timing"),EXACT(L7,"non_inconsistency"),EXACT(L7,"indeterminate"))))),"INVALID ACTIVE JUDGMENT",IF(F7<>"primary_done","PRIMARY DRAFT","PRIMARY READY")))))))))),"CHECK INPUT ERROR") | H7: =IF(AND(OR(D7="retain",D7=""),E7="statistical_results"),"","not_applicable") | I7: =IF(AND(OR(D7="retain",D7=""),E7="statistical_results"),"","not_applicable") | J7: =IF(AND(OR(D7="retain",D7=""),E7="statistical_results"),"","not_applicable") | K7: minor_presentation | L7: =IF(AND(OR(D7="retain",D7=""),E7="protocol_report"),"","not_applicable") | R7: Confirmed. Baseline weight is 86.7 (13.0) / 86.4 (13.0) kg in Table 1 but 86.5 (12.9) / 86.3 (13.0) in eTable 9's all-randomized MI panel with the same Ns. eTable 9 is labelled multiple imputation and it is not stated whether baseline risk factors were imputed, which could explain the difference. Differences of 0.1-0.2 kg do not affect interpretation.
A8: 2019::jama.2019.14630::C007 | B8: baseline BMI means differ between Table 1 and eTable 9 | C8: main article Table 1 — PDF p. 4; Supplement 3 eTable 9 — PDF p. 23. | D8: retain | E8: report_internal_inconsistency | F8: primary_done | G8: =IFERROR(IF(OR(NOT(EXACT(Setup!$B$4,"R_B")),Setup!$B$5<>2019),"CHECK SETUP",IF(OR(LEN(TRIM(CLEAN(SUBSTITUTE(Setup!$B$2,CHAR(160)," "))))=0,Setup!$B$2<>TRIM(CLEAN(SUBSTITUTE(Setup!$B$2,CHAR(160)," ")))),"CHECK REVIEWER ID",IF(OR(A8="",COUNTIF($A$2:$A$10,A8)<>1,LEFT(A8,LEN("2019::jama.2019.14630::"))<>"2019::jama.2019.14630::"),"CHECK KEY",IF(NOT(OR(EXACT(F8,"no"),EXACT(F8,"primary_done"),EXACT(F8,""))),"CHECK COMPLETE FLAG",IF(OR(D8="",E8=""),"MISSING D / E",IF(OR(NOT(OR(EXACT(D8,"retain"),EXACT(D8,"exclude"),EXACT(D8,"discuss"))),NOT(OR(EXACT(E8,"statistical_results"),EXACT(E8,"report_internal_inconsistency"),EXACT(E8,"plan_material"),EXACT(E8,"protocol_report")))),"INVALID D / E",IF(OR(AND(NOT(AND(D8="retain",E8="statistical_results")),H8<>"",NOT(EXACT(H8,"not_applicable"))),AND(NOT(AND(D8="retain",E8="statistical_results")),I8<>"",NOT(EXACT(I8,"not_applicable"))),AND(NOT(AND(D8="retain",E8="statistical_results")),J8<>"",NOT(EXACT(J8,"not_applicable"))),AND(NOT(AND(D8="retain",OR(E8="report_internal_inconsistency",E8="plan_material"))),K8<>"",NOT(EXACT(K8,"not_applicable"))),AND(NOT(AND(D8="retain",E8="protocol_report")),L8<>"",NOT(EXACT(L8,"not_applicable")))),"CLEAR INACTIVE VALUES",IF(OR(AND(AND(D8="retain",E8="statistical_results"),OR(H8="",EXACT(H8,"not_applicable"))),AND(AND(D8="retain",E8="statistical_results"),OR(I8="",EXACT(I8,"not_applicable"))),AND(AND(D8="retain",OR(E8="report_internal_inconsistency",E8="plan_material")),OR(K8="",EXACT(K8,"not_applicable")))),"MISSING REQUIRED JUDGMENT",IF(OR(AND(AND(D8="retain",E8="statistical_results"),H8<>"",NOT(OR(EXACT(H8,"confirmed_issue"),EXACT(H8,"probable_issue"),EXACT(H8,"not_issue"),EXACT(H8,"indeterminate")))),AND(AND(D8="retain",E8="statistical_results"),I8<>"",NOT(OR(EXACT(I8,"substantive"),EXACT(I8,"minor_presentation"),EXACT(I8,"indeterminate")))),AND(AND(D8="retain",E8="statistical_results"),J8<>"",NOT(OR(EXACT(J8,"direct"),EXACT(J8,"possible"),EXACT(J8,"unlikely"),EXACT(J8,"unknown")))),AND(AND(D8="retain",OR(E8="report_internal_inconsistency",E8="plan_material")),K8<>"",NOT(OR(EXACT(K8,"substantive_inconsistency"),EXACT(K8,"minor_presentation"),EXACT(K8,"non_inconsistency"),EXACT(K8,"indeterminate")))),AND(AND(D8="retain",E8="protocol_report"),L8<>"",NOT(OR(EXACT(L8,"substantive_difference"),EXACT(L8,"minor_presentation"),EXACT(L8,"version_timing"),EXACT(L8,"non_inconsistency"),EXACT(L8,"indeterminate"))))),"INVALID ACTIVE JUDGMENT",IF(F8<>"primary_done","PRIMARY DRAFT","PRIMARY READY")))))))))),"CHECK INPUT ERROR") | H8: =IF(AND(OR(D8="retain",D8=""),E8="statistical_results"),"","not_applicable") | I8: =IF(AND(OR(D8="retain",D8=""),E8="statistical_results"),"","not_applicable") | J8: =IF(AND(OR(D8="retain",D8=""),E8="statistical_results"),"","not_applicable") | K8: minor_presentation | L8: =IF(AND(OR(D8="retain",D8=""),E8="protocol_report"),"","not_applicable") | R8: Confirmed. Baseline BMI is 32.5 (3.4/3.5) in Table 1 and 32.6 (3.4/3.5) in eTable 9's all-randomized MI panel (same Ns); eTable 9's completers panel shows 32.5. Weight moves the other way (C006), so a single rounding convention does not explain both. Undocumented baseline imputation may contribute. A 0.1 kg/m2 difference is immaterial.
A9: 2019::jama.2019.14630::C008 | B9: Figure 4 threshold labels do not preserve the Methods boundary operators | C9: main article Outcomes — PDF p. 4; main article Figure 4 — PDF p. 10. | D9: retain | E9: report_internal_inconsistency | F9: primary_done | G9: =IFERROR(IF(OR(NOT(EXACT(Setup!$B$4,"R_B")),Setup!$B$5<>2019),"CHECK SETUP",IF(OR(LEN(TRIM(CLEAN(SUBSTITUTE(Setup!$B$2,CHAR(160)," "))))=0,Setup!$B$2<>TRIM(CLEAN(SUBSTITUTE(Setup!$B$2,CHAR(160)," ")))),"CHECK REVIEWER ID",IF(OR(A9="",COUNTIF($A$2:$A$10,A9)<>1,LEFT(A9,LEN("2019::jama.2019.14630::"))<>"2019::jama.2019.14630::"),"CHECK KEY",IF(NOT(OR(EXACT(F9,"no"),EXACT(F9,"primary_done"),EXACT(F9,""))),"CHECK COMPLETE FLAG",IF(OR(D9="",E9=""),"MISSING D / E",IF(OR(NOT(OR(EXACT(D9,"retain"),EXACT(D9,"exclude"),EXACT(D9,"discuss"))),NOT(OR(EXACT(E9,"statistical_results"),EXACT(E9,"report_internal_inconsistency"),EXACT(E9,"plan_material"),EXACT(E9,"protocol_report")))),"INVALID D / E",IF(OR(AND(NOT(AND(D9="retain",E9="statistical_results")),H9<>"",NOT(EXACT(H9,"not_applicable"))),AND(NOT(AND(D9="retain",E9="statistical_results")),I9<>"",NOT(EXACT(I9,"not_applicable"))),AND(NOT(AND(D9="retain",E9="statistical_results")),J9<>"",NOT(EXACT(J9,"not_applicable"))),AND(NOT(AND(D9="retain",OR(E9="report_internal_inconsistency",E9="plan_material"))),K9<>"",NOT(EXACT(K9,"not_applicable"))),AND(NOT(AND(D9="retain",E9="protocol_report")),L9<>"",NOT(EXACT(L9,"not_applicable")))),"CLEAR INACTIVE VALUES",IF(OR(AND(AND(D9="retain",E9="statistical_results"),OR(H9="",EXACT(H9,"not_applicable"))),AND(AND(D9="retain",E9="statistical_results"),OR(I9="",EXACT(I9,"not_applicable"))),AND(AND(D9="retain",OR(E9="report_internal_inconsistency",E9="plan_material")),OR(K9="",EXACT(K9,"not_applicable")))),"MISSING REQUIRED JUDGMENT",IF(OR(AND(AND(D9="retain",E9="statistical_results"),H9<>"",NOT(OR(EXACT(H9,"confirmed_issue"),EXACT(H9,"probable_issue"),EXACT(H9,"not_issue"),EXACT(H9,"indeterminate")))),AND(AND(D9="retain",E9="statistical_results"),I9<>"",NOT(OR(EXACT(I9,"substantive"),EXACT(I9,"minor_presentation"),EXACT(I9,"indeterminate")))),AND(AND(D9="retain",E9="statistical_results"),J9<>"",NOT(OR(EXACT(J9,"direct"),EXACT(J9,"possible"),EXACT(J9,"unlikely"),EXACT(J9,"unknown")))),AND(AND(D9="retain",OR(E9="report_internal_inconsistency",E9="plan_material")),K9<>"",NOT(OR(EXACT(K9,"substantive_inconsistency"),EXACT(K9,"minor_presentation"),EXACT(K9,"non_inconsistency"),EXACT(K9,"indeterminate")))),AND(AND(D9="retain",E9="protocol_report"),L9<>"",NOT(OR(EXACT(L9,"substantive_difference"),EXACT(L9,"minor_presentation"),EXACT(L9,"version_timing"),EXACT(L9,"non_inconsistency"),EXACT(L9,"indeterminate"))))),"INVALID ACTIVE JUDGMENT",IF(F9<>"primary_done","PRIMARY DRAFT","PRIMARY READY")))))))))),"CHECK INPUT ERROR") | H9: =IF(AND(OR(D9="retain",D9=""),E9="statistical_results"),"","not_applicable") | I9: =IF(AND(OR(D9="retain",D9=""),E9="statistical_results"),"","not_applicable") | J9: =IF(AND(OR(D9="retain",D9=""),E9="statistical_results"),"","not_applicable") | K9: minor_presentation | L9: =IF(AND(OR(D9="retain",D9=""),E9="protocol_report"),"","not_applicable") | R9: Confirmed. Methods define clinically meaningful change as reductions of 'at least' 5% (weight, BMI, waist, lipids), at least 5 mm Hg SBP or 2.5 mm Hg DBP, and an HDL increase of at least 5%; Figure 4 panels say '>5%', '>10%', '>5 mm Hg', and 'Reduction 2.5 mm Hg' with no operator. Probably loose figure typography; for integer-valued BP, >= and > could classify differently.
A10: 2019::jama.2019.14630::C009 | B10: eTable 4 total-olive-oil baseline row conflicts with the table’s median/IQR convention | C10: Supplement 3 eTable 4 row — PDF p. 10; Supplement 3 eTable 4 footnote — PDF p. 11; Supplement 3 eTable 2 comparator — PDF p. 3; Supplement 3 eTable 7 comparator — PDF p. 17. | D10: retain | E10: report_internal_inconsistency | F10: primary_done | G10: =IFERROR(IF(OR(NOT(EXACT(Setup!$B$4,"R_B")),Setup!$B$5<>2019),"CHECK SETUP",IF(OR(LEN(TRIM(CLEAN(SUBSTITUTE(Setup!$B$2,CHAR(160)," "))))=0,Setup!$B$2<>TRIM(CLEAN(SUBSTITUTE(Setup!$B$2,CHAR(160)," ")))),"CHECK REVIEWER ID",IF(OR(A10="",COUNTIF($A$2:$A$10,A10)<>1,LEFT(A10,LEN("2019::jama.2019.14630::"))<>"2019::jama.2019.14630::"),"CHECK KEY",IF(NOT(OR(EXACT(F10,"no"),EXACT(F10,"primary_done"),EXACT(F10,""))),"CHECK COMPLETE FLAG",IF(OR(D10="",E10=""),"MISSING D / E",IF(OR(NOT(OR(EXACT(D10,"retain"),EXACT(D10,"exclude"),EXACT(D10,"discuss"))),NOT(OR(EXACT(E10,"statistical_results"),EXACT(E10,"report_internal_inconsistency"),EXACT(E10,"plan_material"),EXACT(E10,"protocol_report")))),"INVALID D / E",IF(OR(AND(NOT(AND(D10="retain",E10="statistical_results")),H10<>"",NOT(EXACT(H10,"not_applicable"))),AND(NOT(AND(D10="retain",E10="statistical_results")),I10<>"",NOT(EXACT(I10,"not_applicable"))),AND(NOT(AND(D10="retain",E10="statistical_results")),J10<>"",NOT(EXACT(J10,"not_applicable"))),AND(NOT(AND(D10="retain",OR(E10="report_internal_inconsistency",E10="plan_material"))),K10<>"",NOT(EXACT(K10,"not_applicable"))),AND(NOT(AND(D10="retain",E10="protocol_report")),L10<>"",NOT(EXACT(L10,"not_applicable")))),"CLEAR INACTIVE VALUES",IF(OR(AND(AND(D10="retain",E10="statistical_results"),OR(H10="",EXACT(H10,"not_applicable"))),AND(AND(D10="retain",E10="statistical_results"),OR(I10="",EXACT(I10,"not_applicable"))),AND(AND(D10="retain",OR(E10="report_internal_inconsistency",E10="plan_material")),OR(K10="",EXACT(K10,"not_applicable")))),"MISSING REQUIRED JUDGMENT",IF(OR(AND(AND(D10="retain",E10="statistical_results"),H10<>"",NOT(OR(EXACT(H10,"confirmed_issue"),EXACT(H10,"probable_issue"),EXACT(H10,"not_issue"),EXACT(H10,"indeterminate")))),AND(AND(D10="retain",E10="statistical_results"),I10<>"",NOT(OR(EXACT(I10,"substantive"),EXACT(I10,"minor_presentation"),EXACT(I10,"indeterminate")))),AND(AND(D10="retain",E10="statistical_results"),J10<>"",NOT(OR(EXACT(J10,"direct"),EXACT(J10,"possible"),EXACT(J10,"unlikely"),EXACT(J10,"unknown")))),AND(AND(D10="retain",OR(E10="report_internal_inconsistency",E10="plan_material")),K10<>"",NOT(OR(EXACT(K10,"substantive_inconsistency"),EXACT(K10,"minor_presentation"),EXACT(K10,"non_inconsistency"),EXACT(K10,"indeterminate")))),AND(AND(D10="retain",E10="protocol_report"),L10<>"",NOT(OR(EXACT(L10,"substantive_difference"),EXACT(L10,"minor_presentation"),EXACT(L10,"version_timing"),EXACT(L10,"non_inconsistency"),EXACT(L10,"indeterminate"))))),"INVALID ACTIVE JUDGMENT",IF(F10<>"primary_done","PRIMARY DRAFT","PRIMARY READY")))))))))),"CHECK INPUT ERROR") | H10: =IF(AND(OR(D10="retain",D10=""),E10="statistical_results"),"","not_applicable") | I10: =IF(AND(OR(D10="retain",D10=""),E10="statistical_results"),"","not_applicable") | J10: =IF(AND(OR(D10="retain",D10=""),E10="statistical_results"),"","not_applicable") | K10: minor_presentation | L10: =IF(AND(OR(D10="retain",D10=""),E10="protocol_report"),"","not_applicable") | R10: Confirmed. eTable 4 (completers) labels total olive oil 'Baseline, mean (SD)' but prints 350 (175, 350), a 3-value median (Q1, Q3) form; its own footnote and eTables 2 and 7 call baseline food data median (IQR). The row label is wrong; the meaning is clear from the footnote and parallel tables.

Sheet C_jama.2019.14901
A1: Candidate key | B1: Candidate title | C1: Source location | D1: Disposition | E1: Review domain (AI suggestion; editable) | F1: Complete | G1: Validation hint | H1: Statistical/numerical issue | I1: Substantiveness | J1: Downstream impact | K1: Report-internal or planning-material inconsistency | L1: Protocol interpretation | R1: Notes (optional)
A2: 2019::jama.2019.14901::C001 | B2: Day-7 respiratory-failure absolute difference differs across matched article locations | D2: retain | E2: statistical_results | F2: primary_done | G2: =IFERROR(IF(OR(NOT(EXACT(Setup!$B$4,"R_B")),Setup!$B$5<>2019),"CHECK SETUP",IF(OR(LEN(TRIM(CLEAN(SUBSTITUTE(Setup!$B$2,CHAR(160)," "))))=0,Setup!$B$2<>TRIM(CLEAN(SUBSTITUTE(Setup!$B$2,CHAR(160)," ")))),"CHECK REVIEWER ID",IF(OR(A2="",COUNTIF($A$2:$A$7,A2)<>1,LEFT(A2,LEN("2019::jama.2019.14901::"))<>"2019::jama.2019.14901::"),"CHECK KEY",IF(NOT(OR(EXACT(F2,"no"),EXACT(F2,"primary_done"),EXACT(F2,""))),"CHECK COMPLETE FLAG",IF(OR(D2="",E2=""),"MISSING D / E",IF(OR(NOT(OR(EXACT(D2,"retain"),EXACT(D2,"exclude"),EXACT(D2,"discuss"))),NOT(OR(EXACT(E2,"statistical_results"),EXACT(E2,"report_internal_inconsistency"),EXACT(E2,"plan_material"),EXACT(E2,"protocol_report")))),"INVALID D / E",IF(OR(AND(NOT(AND(D2="retain",E2="statistical_results")),H2<>"",NOT(EXACT(H2,"not_applicable"))),AND(NOT(AND(D2="retain",E2="statistical_results")),I2<>"",NOT(EXACT(I2,"not_applicable"))),AND(NOT(AND(D2="retain",E2="statistical_results")),J2<>"",NOT(EXACT(J2,"not_applicable"))),AND(NOT(AND(D2="retain",OR(E2="report_internal_inconsistency",E2="plan_material"))),K2<>"",NOT(EXACT(K2,"not_applicable"))),AND(NOT(AND(D2="retain",E2="protocol_report")),L2<>"",NOT(EXACT(L2,"not_applicable")))),"CLEAR INACTIVE VALUES",IF(OR(AND(AND(D2="retain",E2="statistical_results"),OR(H2="",EXACT(H2,"not_applicable"))),AND(AND(D2="retain",E2="statistical_results"),OR(I2="",EXACT(I2,"not_applicable"))),AND(AND(D2="retain",OR(E2="report_internal_inconsistency",E2="plan_material")),OR(K2="",EXACT(K2,"not_applicable")))),"MISSING REQUIRED JUDGMENT",IF(OR(AND(AND(D2="retain",E2="statistical_results"),H2<>"",NOT(OR(EXACT(H2,"confirmed_issue"),EXACT(H2,"probable_issue"),EXACT(H2,"not_issue"),EXACT(H2,"indeterminate")))),AND(AND(D2="retain",E2="statistical_results"),I2<>"",NOT(OR(EXACT(I2,"substantive"),EXACT(I2,"minor_presentation"),EXACT(I2,"indeterminate")))),AND(AND(D2="retain",E2="statistical_results"),J2<>"",NOT(OR(EXACT(J2,"direct"),EXACT(J2,"possible"),EXACT(J2,"unlikely"),EXACT(J2,"unknown")))),AND(AND(D2="retain",OR(E2="report_internal_inconsistency",E2="plan_material")),K2<>"",NOT(OR(EXACT(K2,"substantive_inconsistency"),EXACT(K2,"minor_presentation"),EXACT(K2,"non_inconsistency"),EXACT(K2,"indeterminate")))),AND(AND(D2="retain",E2="protocol_report"),L2<>"",NOT(OR(EXACT(L2,"substantive_difference"),EXACT(L2,"minor_presentation"),EXACT(L2,"version_timing"),EXACT(L2,"non_inconsistency"),EXACT(L2,"indeterminate"))))),"INVALID ACTIVE JUDGMENT",IF(F2<>"primary_done","PRIMARY DRAFT","PRIMARY READY")))))))))),"CHECK INPUT ERROR") | H2: confirmed_issue | I2: minor_presentation | J2: possible | K2: =IF(AND(OR(D2="retain",D2=""),OR(E2="report_internal_inconsistency",E2="plan_material")),"","not_applicable") | L2: =IF(AND(OR(D2="retain",D2=""),E2="protocol_report"),"","not_applicable") | R2: Confirmed. Day-7 postextubation respiratory failure: Table 2 gives 70/339 vs 88/302, difference -8.5 (-15.2 to -1.8), P=.01; the abstract and Results text print -8.7 with the same CI and P. Recomputed: 20.65% - 29.14% = -8.49 pp, Wald CI -15.19 to -1.79, so -8.5 is correct and -8.7 is a transcription error. 0.2 pp; inference unchanged.
A3: 2019::jama.2019.14901::C002 | B3: Reintubation respiratory-acidosis cutoff differs between article and protocol | D3: retain | E3: protocol_report | F3: primary_done | G3: =IFERROR(IF(OR(NOT(EXACT(Setup!$B$4,"R_B")),Setup!$B$5<>2019),"CHECK SETUP",IF(OR(LEN(TRIM(CLEAN(SUBSTITUTE(Setup!$B$2,CHAR(160)," "))))=0,Setup!$B$2<>TRIM(CLEAN(SUBSTITUTE(Setup!$B$2,CHAR(160)," ")))),"CHECK REVIEWER ID",IF(OR(A3="",COUNTIF($A$2:$A$7,A3)<>1,LEFT(A3,LEN("2019::jama.2019.14901::"))<>"2019::jama.2019.14901::"),"CHECK KEY",IF(NOT(OR(EXACT(F3,"no"),EXACT(F3,"primary_done"),EXACT(F3,""))),"CHECK COMPLETE FLAG",IF(OR(D3="",E3=""),"MISSING D / E",IF(OR(NOT(OR(EXACT(D3,"retain"),EXACT(D3,"exclude"),EXACT(D3,"discuss"))),NOT(OR(EXACT(E3,"statistical_results"),EXACT(E3,"report_internal_inconsistency"),EXACT(E3,"plan_material"),EXACT(E3,"protocol_report")))),"INVALID D / E",IF(OR(AND(NOT(AND(D3="retain",E3="statistical_results")),H3<>"",NOT(EXACT(H3,"not_applicable"))),AND(NOT(AND(D3="retain",E3="statistical_results")),I3<>"",NOT(EXACT(I3,"not_applicable"))),AND(NOT(AND(D3="retain",E3="statistical_results")),J3<>"",NOT(EXACT(J3,"not_applicable"))),AND(NOT(AND(D3="retain",OR(E3="report_internal_inconsistency",E3="plan_material"))),K3<>"",NOT(EXACT(K3,"not_applicable"))),AND(NOT(AND(D3="retain",E3="protocol_report")),L3<>"",NOT(EXACT(L3,"not_applicable")))),"CLEAR INACTIVE VALUES",IF(OR(AND(AND(D3="retain",E3="statistical_results"),OR(H3="",EXACT(H3,"not_applicable"))),AND(AND(D3="retain",E3="statistical_results"),OR(I3="",EXACT(I3,"not_applicable"))),AND(AND(D3="retain",OR(E3="report_internal_inconsistency",E3="plan_material")),OR(K3="",EXACT(K3,"not_applicable")))),"MISSING REQUIRED JUDGMENT",IF(OR(AND(AND(D3="retain",E3="statistical_results"),H3<>"",NOT(OR(EXACT(H3,"confirmed_issue"),EXACT(H3,"probable_issue"),EXACT(H3,"not_issue"),EXACT(H3,"indeterminate")))),AND(AND(D3="retain",E3="statistical_results"),I3<>"",NOT(OR(EXACT(I3,"substantive"),EXACT(I3,"minor_presentation"),EXACT(I3,"indeterminate")))),AND(AND(D3="retain",E3="statistical_results"),J3<>"",NOT(OR(EXACT(J3,"direct"),EXACT(J3,"possible"),EXACT(J3,"unlikely"),EXACT(J3,"unknown")))),AND(AND(D3="retain",OR(E3="report_internal_inconsistency",E3="plan_material")),K3<>"",NOT(OR(EXACT(K3,"substantive_inconsistency"),EXACT(K3,"minor_presentation"),EXACT(K3,"non_inconsistency"),EXACT(K3,"indeterminate")))),AND(AND(D3="retain",E3="protocol_report"),L3<>"",NOT(OR(EXACT(L3,"substantive_difference"),EXACT(L3,"minor_presentation"),EXACT(L3,"version_timing"),EXACT(L3,"non_inconsistency"),EXACT(L3,"indeterminate"))))),"INVALID ACTIVE JUDGMENT",IF(F3<>"primary_done","PRIMARY DRAFT","PRIMARY READY")))))))))),"CHECK INPUT ERROR") | H3: =IF(AND(OR(D3="retain",D3=""),E3="statistical_results"),"","not_applicable") | I3: =IF(AND(OR(D3="retain",D3=""),E3="statistical_results"),"","not_applicable") | J3: =IF(AND(OR(D3="retain",D3=""),E3="statistical_results"),"","not_applicable") | K3: =IF(AND(OR(D3="retain",D3=""),OR(E3="report_internal_inconsistency",E3="plan_material")),"","not_applicable") | L3: substantive_difference | R3: Confirmed. Protocol v4 (17 Oct 2017) section 5.4 reintubation criteria include respiratory acidosis 'pH < 7.35 and PaCO2 > 45 mm Hg'; the article's reintubation (primary-outcome) criteria say 'pH below 7.25 and PaCO2 > 45', while it keeps pH < 7.35 for postextubation respiratory failure. A different operational threshold in the criteria governing the primary outcome; no amended protocol supplied.
A4: 2019::jama.2019.14901::C003 | B4: Hypercapnic ineffective-cough percentages conflict with printed fractions | D4: retain | E4: statistical_results | F4: primary_done | G4: =IFERROR(IF(OR(NOT(EXACT(Setup!$B$4,"R_B")),Setup!$B$5<>2019),"CHECK SETUP",IF(OR(LEN(TRIM(CLEAN(SUBSTITUTE(Setup!$B$2,CHAR(160)," "))))=0,Setup!$B$2<>TRIM(CLEAN(SUBSTITUTE(Setup!$B$2,CHAR(160)," ")))),"CHECK REVIEWER ID",IF(OR(A4="",COUNTIF($A$2:$A$7,A4)<>1,LEFT(A4,LEN("2019::jama.2019.14901::"))<>"2019::jama.2019.14901::"),"CHECK KEY",IF(NOT(OR(EXACT(F4,"no"),EXACT(F4,"primary_done"),EXACT(F4,""))),"CHECK COMPLETE FLAG",IF(OR(D4="",E4=""),"MISSING D / E",IF(OR(NOT(OR(EXACT(D4,"retain"),EXACT(D4,"exclude"),EXACT(D4,"discuss"))),NOT(OR(EXACT(E4,"statistical_results"),EXACT(E4,"report_internal_inconsistency"),EXACT(E4,"plan_material"),EXACT(E4,"protocol_report")))),"INVALID D / E",IF(OR(AND(NOT(AND(D4="retain",E4="statistical_results")),H4<>"",NOT(EXACT(H4,"not_applicable"))),AND(NOT(AND(D4="retain",E4="statistical_results")),I4<>"",NOT(EXACT(I4,"not_applicable"))),AND(NOT(AND(D4="retain",E4="statistical_results")),J4<>"",NOT(EXACT(J4,"not_applicable"))),AND(NOT(AND(D4="retain",OR(E4="report_internal_inconsistency",E4="plan_material"))),K4<>"",NOT(EXACT(K4,"not_applicable"))),AND(NOT(AND(D4="retain",E4="protocol_report")),L4<>"",NOT(EXACT(L4,"not_applicable")))),"CLEAR INACTIVE VALUES",IF(OR(AND(AND(D4="retain",E4="statistical_results"),OR(H4="",EXACT(H4,"not_applicable"))),AND(AND(D4="retain",E4="statistical_results"),OR(I4="",EXACT(I4,"not_applicable"))),AND(AND(D4="retain",OR(E4="report_internal_inconsistency",E4="plan_material")),OR(K4="",EXACT(K4,"not_applicable")))),"MISSING REQUIRED JUDGMENT",IF(OR(AND(AND(D4="retain",E4="statistical_results"),H4<>"",NOT(OR(EXACT(H4,"confirmed_issue"),EXACT(H4,"probable_issue"),EXACT(H4,"not_issue"),EXACT(H4,"indeterminate")))),AND(AND(D4="retain",E4="statistical_results"),I4<>"",NOT(OR(EXACT(I4,"substantive"),EXACT(I4,"minor_presentation"),EXACT(I4,"indeterminate")))),AND(AND(D4="retain",E4="statistical_results"),J4<>"",NOT(OR(EXACT(J4,"direct"),EXACT(J4,"possible"),EXACT(J4,"unlikely"),EXACT(J4,"unknown")))),AND(AND(D4="retain",OR(E4="report_internal_inconsistency",E4="plan_material")),K4<>"",NOT(OR(EXACT(K4,"substantive_inconsistency"),EXACT(K4,"minor_presentation"),EXACT(K4,"non_inconsistency"),EXACT(K4,"indeterminate")))),AND(AND(D4="retain",E4="protocol_report"),L4<>"",NOT(OR(EXACT(L4,"substantive_difference"),EXACT(L4,"minor_presentation"),EXACT(L4,"version_timing"),EXACT(L4,"non_inconsistency"),EXACT(L4,"indeterminate"))))),"INVALID ACTIVE JUDGMENT",IF(F4<>"primary_done","PRIMARY DRAFT","PRIMARY READY")))))))))),"CHECK INPUT ERROR") | H4: confirmed_issue | I4: substantive | J4: possible | K4: =IF(AND(OR(D4="retain",D4=""),OR(E4="report_internal_inconsistency",E4="plan_material")),"","not_applicable") | L4: =IF(AND(OR(D4="retain",D4=""),E4="protocol_report"),"","not_applicable") | R4: Confirmed. Supplement 2 hypercapnic strata: ineffective cough 14/45 (69) and 16/59 (73); 14/45 = 31.1% and 16/59 = 27.1%, so the printed percentages are the complements. The counts are right (they sum with the nonhypercapnic strata to main Table 1: 65/284, 86/322). The printed % inverts the characteristic (31% shown as 69%).
A5: 2019::jama.2019.14901::C004 | B5: Hypercapnic abundant-secretion percentages conflict with printed fractions | D5: retain | E5: statistical_results | F5: primary_done | G5: =IFERROR(IF(OR(NOT(EXACT(Setup!$B$4,"R_B")),Setup!$B$5<>2019),"CHECK SETUP",IF(OR(LEN(TRIM(CLEAN(SUBSTITUTE(Setup!$B$2,CHAR(160)," "))))=0,Setup!$B$2<>TRIM(CLEAN(SUBSTITUTE(Setup!$B$2,CHAR(160)," ")))),"CHECK REVIEWER ID",IF(OR(A5="",COUNTIF($A$2:$A$7,A5)<>1,LEFT(A5,LEN("2019::jama.2019.14901::"))<>"2019::jama.2019.14901::"),"CHECK KEY",IF(NOT(OR(EXACT(F5,"no"),EXACT(F5,"primary_done"),EXACT(F5,""))),"CHECK COMPLETE FLAG",IF(OR(D5="",E5=""),"MISSING D / E",IF(OR(NOT(OR(EXACT(D5,"retain"),EXACT(D5,"exclude"),EXACT(D5,"discuss"))),NOT(OR(EXACT(E5,"statistical_results"),EXACT(E5,"report_internal_inconsistency"),EXACT(E5,"plan_material"),EXACT(E5,"protocol_report")))),"INVALID D / E",IF(OR(AND(NOT(AND(D5="retain",E5="statistical_results")),H5<>"",NOT(EXACT(H5,"not_applicable"))),AND(NOT(AND(D5="retain",E5="statistical_results")),I5<>"",NOT(EXACT(I5,"not_applicable"))),AND(NOT(AND(D5="retain",E5="statistical_results")),J5<>"",NOT(EXACT(J5,"not_applicable"))),AND(NOT(AND(D5="retain",OR(E5="report_internal_inconsistency",E5="plan_material"))),K5<>"",NOT(EXACT(K5,"not_applicable"))),AND(NOT(AND(D5="retain",E5="protocol_report")),L5<>"",NOT(EXACT(L5,"not_applicable")))),"CLEAR INACTIVE VALUES",IF(OR(AND(AND(D5="retain",E5="statistical_results"),OR(H5="",EXACT(H5,"not_applicable"))),AND(AND(D5="retain",E5="statistical_results"),OR(I5="",EXACT(I5,"not_applicable"))),AND(AND(D5="retain",OR(E5="report_internal_inconsistency",E5="plan_material")),OR(K5="",EXACT(K5,"not_applicable")))),"MISSING REQUIRED JUDGMENT",IF(OR(AND(AND(D5="retain",E5="statistical_results"),H5<>"",NOT(OR(EXACT(H5,"confirmed_issue"),EXACT(H5,"probable_issue"),EXACT(H5,"not_issue"),EXACT(H5,"indeterminate")))),AND(AND(D5="retain",E5="statistical_results"),I5<>"",NOT(OR(EXACT(I5,"substantive"),EXACT(I5,"minor_presentation"),EXACT(I5,"indeterminate")))),AND(AND(D5="retain",E5="statistical_results"),J5<>"",NOT(OR(EXACT(J5,"direct"),EXACT(J5,"possible"),EXACT(J5,"unlikely"),EXACT(J5,"unknown")))),AND(AND(D5="retain",OR(E5="report_internal_inconsistency",E5="plan_material")),K5<>"",NOT(OR(EXACT(K5,"substantive_inconsistency"),EXACT(K5,"minor_presentation"),EXACT(K5,"non_inconsistency"),EXACT(K5,"indeterminate")))),AND(AND(D5="retain",E5="protocol_report"),L5<>"",NOT(OR(EXACT(L5,"substantive_difference"),EXACT(L5,"minor_presentation"),EXACT(L5,"version_timing"),EXACT(L5,"non_inconsistency"),EXACT(L5,"indeterminate"))))),"INVALID ACTIVE JUDGMENT",IF(F5<>"primary_done","PRIMARY DRAFT","PRIMARY READY")))))))))),"CHECK INPUT ERROR") | H5: confirmed_issue | I5: substantive | J5: possible | K5: =IF(AND(OR(D5="retain",D5=""),OR(E5="report_internal_inconsistency",E5="plan_material")),"","not_applicable") | L5: =IF(AND(OR(D5="retain",D5=""),E5="protocol_report"),"","not_applicable") | R5: Confirmed. Supplement 2 hypercapnic strata: abundant secretions 20/46 (57) and 23/61 (62); 20/46 = 43.5% and 23/61 = 37.7%, so the printed values are the complements (56.5, 62.3). Counts reconcile with main Table 1 (121/288, 114/326). Same complement error as C003, separate cells; misstates the prevalence (minority shown as majority).
A6: 2019::jama.2019.14901::C005 | B6: Matched nonhypercapnic day-7 reintubation P values differ across article and supplement | D6: retain | E6: report_internal_inconsistency | F6: primary_done | G6: =IFERROR(IF(OR(NOT(EXACT(Setup!$B$4,"R_B")),Setup!$B$5<>2019),"CHECK SETUP",IF(OR(LEN(TRIM(CLEAN(SUBSTITUTE(Setup!$B$2,CHAR(160)," "))))=0,Setup!$B$2<>TRIM(CLEAN(SUBSTITUTE(Setup!$B$2,CHAR(160)," ")))),"CHECK REVIEWER ID",IF(OR(A6="",COUNTIF($A$2:$A$7,A6)<>1,LEFT(A6,LEN("2019::jama.2019.14901::"))<>"2019::jama.2019.14901::"),"CHECK KEY",IF(NOT(OR(EXACT(F6,"no"),EXACT(F6,"primary_done"),EXACT(F6,""))),"CHECK COMPLETE FLAG",IF(OR(D6="",E6=""),"MISSING D / E",IF(OR(NOT(OR(EXACT(D6,"retain"),EXACT(D6,"exclude"),EXACT(D6,"discuss"))),NOT(OR(EXACT(E6,"statistical_results"),EXACT(E6,"report_internal_inconsistency"),EXACT(E6,"plan_material"),EXACT(E6,"protocol_report")))),"INVALID D / E",IF(OR(AND(NOT(AND(D6="retain",E6="statistical_results")),H6<>"",NOT(EXACT(H6,"not_applicable"))),AND(NOT(AND(D6="retain",E6="statistical_results")),I6<>"",NOT(EXACT(I6,"not_applicable"))),AND(NOT(AND(D6="retain",E6="statistical_results")),J6<>"",NOT(EXACT(J6,"not_applicable"))),AND(NOT(AND(D6="retain",OR(E6="report_internal_inconsistency",E6="plan_material"))),K6<>"",NOT(EXACT(K6,"not_applicable"))),AND(NOT(AND(D6="retain",E6="protocol_report")),L6<>"",NOT(EXACT(L6,"not_applicable")))),"CLEAR INACTIVE VALUES",IF(OR(AND(AND(D6="retain",E6="statistical_results"),OR(H6="",EXACT(H6,"not_applicable"))),AND(AND(D6="retain",E6="statistical_results"),OR(I6="",EXACT(I6,"not_applicable"))),AND(AND(D6="retain",OR(E6="report_internal_inconsistency",E6="plan_material")),OR(K6="",EXACT(K6,"not_applicable")))),"MISSING REQUIRED JUDGMENT",IF(OR(AND(AND(D6="retain",E6="statistical_results"),H6<>"",NOT(OR(EXACT(H6,"confirmed_issue"),EXACT(H6,"probable_issue"),EXACT(H6,"not_issue"),EXACT(H6,"indeterminate")))),AND(AND(D6="retain",E6="statistical_results"),I6<>"",NOT(OR(EXACT(I6,"substantive"),EXACT(I6,"minor_presentation"),EXACT(I6,"indeterminate")))),AND(AND(D6="retain",E6="statistical_results"),J6<>"",NOT(OR(EXACT(J6,"direct"),EXACT(J6,"possible"),EXACT(J6,"unlikely"),EXACT(J6,"unknown")))),AND(AND(D6="retain",OR(E6="report_internal_inconsistency",E6="plan_material")),K6<>"",NOT(OR(EXACT(K6,"substantive_inconsistency"),EXACT(K6,"minor_presentation"),EXACT(K6,"non_inconsistency"),EXACT(K6,"indeterminate")))),AND(AND(D6="retain",E6="protocol_report"),L6<>"",NOT(OR(EXACT(L6,"substantive_difference"),EXACT(L6,"minor_presentation"),EXACT(L6,"version_timing"),EXACT(L6,"non_inconsistency"),EXACT(L6,"indeterminate"))))),"INVALID ACTIVE JUDGMENT",IF(F6<>"primary_done","PRIMARY DRAFT","PRIMARY READY")))))))))),"CHECK INPUT ERROR") | H6: =IF(AND(OR(D6="retain",D6=""),E6="statistical_results"),"","not_applicable") | I6: =IF(AND(OR(D6="retain",D6=""),E6="statistical_results"),"","not_applicable") | J6: =IF(AND(OR(D6="retain",D6=""),E6="statistical_results"),"","not_applicable") | K6: minor_presentation | L6: =IF(AND(OR(D6="retain",D6=""),E6="protocol_report"),"","not_applicable") | R6: Confirmed but trivial. Nonhypercapnic day-7 reintubation: main Results give P=.10; eTable 4 gives P=.1057, which rounds to .11. Recomputed uncorrected chi-square for 45/254 vs 35/276: P=0.1057, so the supplement is exact and the main text truncated. Both are clearly nonsignificant, with identical difference and CI.
A7: 2019::jama.2019.14901::C006 | B7: Protocol total-duration breakdown does not arithmetically reach the printed total | D7: retain | E7: plan_material | F7: primary_done | G7: =IFERROR(IF(OR(NOT(EXACT(Setup!$B$4,"R_B")),Setup!$B$5<>2019),"CHECK SETUP",IF(OR(LEN(TRIM(CLEAN(SUBSTITUTE(Setup!$B$2,CHAR(160)," "))))=0,Setup!$B$2<>TRIM(CLEAN(SUBSTITUTE(Setup!$B$2,CHAR(160)," ")))),"CHECK REVIEWER ID",IF(OR(A7="",COUNTIF($A$2:$A$7,A7)<>1,LEFT(A7,LEN("2019::jama.2019.14901::"))<>"2019::jama.2019.14901::"),"CHECK KEY",IF(NOT(OR(EXACT(F7,"no"),EXACT(F7,"primary_done"),EXACT(F7,""))),"CHECK COMPLETE FLAG",IF(OR(D7="",E7=""),"MISSING D / E",IF(OR(NOT(OR(EXACT(D7,"retain"),EXACT(D7,"exclude"),EXACT(D7,"discuss"))),NOT(OR(EXACT(E7,"statistical_results"),EXACT(E7,"report_internal_inconsistency"),EXACT(E7,"plan_material"),EXACT(E7,"protocol_report")))),"INVALID D / E",IF(OR(AND(NOT(AND(D7="retain",E7="statistical_results")),H7<>"",NOT(EXACT(H7,"not_applicable"))),AND(NOT(AND(D7="retain",E7="statistical_results")),I7<>"",NOT(EXACT(I7,"not_applicable"))),AND(NOT(AND(D7="retain",E7="statistical_results")),J7<>"",NOT(EXACT(J7,"not_applicable"))),AND(NOT(AND(D7="retain",OR(E7="report_internal_inconsistency",E7="plan_material"))),K7<>"",NOT(EXACT(K7,"not_applicable"))),AND(NOT(AND(D7="retain",E7="protocol_report")),L7<>"",NOT(EXACT(L7,"not_applicable")))),"CLEAR INACTIVE VALUES",IF(OR(AND(AND(D7="retain",E7="statistical_results"),OR(H7="",EXACT(H7,"not_applicable"))),AND(AND(D7="retain",E7="statistical_results"),OR(I7="",EXACT(I7,"not_applicable"))),AND(AND(D7="retain",OR(E7="report_internal_inconsistency",E7="plan_material")),OR(K7="",EXACT(K7,"not_applicable")))),"MISSING REQUIRED JUDGMENT",IF(OR(AND(AND(D7="retain",E7="statistical_results"),H7<>"",NOT(OR(EXACT(H7,"confirmed_issue"),EXACT(H7,"probable_issue"),EXACT(H7,"not_issue"),EXACT(H7,"indeterminate")))),AND(AND(D7="retain",E7="statistical_results"),I7<>"",NOT(OR(EXACT(I7,"substantive"),EXACT(I7,"minor_presentation"),EXACT(I7,"indeterminate")))),AND(AND(D7="retain",E7="statistical_results"),J7<>"",NOT(OR(EXACT(J7,"direct"),EXACT(J7,"possible"),EXACT(J7,"unlikely"),EXACT(J7,"unknown")))),AND(AND(D7="retain",OR(E7="report_internal_inconsistency",E7="plan_material")),K7<>"",NOT(OR(EXACT(K7,"substantive_inconsistency"),EXACT(K7,"minor_presentation"),EXACT(K7,"non_inconsistency"),EXACT(K7,"indeterminate")))),AND(AND(D7="retain",E7="protocol_report"),L7<>"",NOT(OR(EXACT(L7,"substantive_difference"),EXACT(L7,"minor_presentation"),EXACT(L7,"version_timing"),EXACT(L7,"non_inconsistency"),EXACT(L7,"indeterminate"))))),"INVALID ACTIVE JUDGMENT",IF(F7<>"primary_done","PRIMARY DRAFT","PRIMARY READY")))))))))),"CHECK INPUT ERROR") | H7: =IF(AND(OR(D7="retain",D7=""),E7="statistical_results"),"","not_applicable") | I7: =IF(AND(OR(D7="retain",D7=""),E7="statistical_results"),"","not_applicable") | J7: =IF(AND(OR(D7="retain",D7=""),E7="statistical_results"),"","not_applicable") | K7: minor_presentation | L7: =IF(AND(OR(D7="retain",D7=""),E7="protocol_report"),"","not_applicable") | R7: Confirmed. Protocol v4 French summary (p.11): total duration 51 months = 39 months study + 12 analysis, with 36 months inclusion and 3 months per patient (36+3+12=51). The English section (p.32) says 51 months 'with 36 months for the study and 12 months for analysis' (=48). The English text omits the 3-month follow-up; the intended timeline is clear.

Sheet C_jama.2019.17380
A1: Candidate key | B1: Candidate title | C1: Source location | D1: Disposition | E1: Review domain (AI suggestion; editable) | F1: Complete | G1: Validation hint | H1: Statistical/numerical issue | I1: Substantiveness | J1: Downstream impact | K1: Report-internal or planning-material inconsistency | L1: Protocol interpretation | R1: Notes (optional)
A2: 2019::jama.2019.17380::C001 | B2: Figure 2 omega-3 eGFR contributor counts conflict with Table 2 | C2: Figure 2 panel B — PDF p. 7; Table 2 — PDF p. 8. | D2: retain | E2: report_internal_inconsistency | F2: primary_done | G2: =IFERROR(IF(OR(NOT(EXACT(Setup!$B$4,"R_B")),Setup!$B$5<>2019),"CHECK SETUP",IF(OR(LEN(TRIM(CLEAN(SUBSTITUTE(Setup!$B$2,CHAR(160)," "))))=0,Setup!$B$2<>TRIM(CLEAN(SUBSTITUTE(Setup!$B$2,CHAR(160)," ")))),"CHECK REVIEWER ID",IF(OR(A2="",COUNTIF($A$2:$A$8,A2)<>1,LEFT(A2,LEN("2019::jama.2019.17380::"))<>"2019::jama.2019.17380::"),"CHECK KEY",IF(NOT(OR(EXACT(F2,"no"),EXACT(F2,"primary_done"),EXACT(F2,""))),"CHECK COMPLETE FLAG",IF(OR(D2="",E2=""),"MISSING D / E",IF(OR(NOT(OR(EXACT(D2,"retain"),EXACT(D2,"exclude"),EXACT(D2,"discuss"))),NOT(OR(EXACT(E2,"statistical_results"),EXACT(E2,"report_internal_inconsistency"),EXACT(E2,"plan_material"),EXACT(E2,"protocol_report")))),"INVALID D / E",IF(OR(AND(NOT(AND(D2="retain",E2="statistical_results")),H2<>"",NOT(EXACT(H2,"not_applicable"))),AND(NOT(AND(D2="retain",E2="statistical_results")),I2<>"",NOT(EXACT(I2,"not_applicable"))),AND(NOT(AND(D2="retain",E2="statistical_results")),J2<>"",NOT(EXACT(J2,"not_applicable"))),AND(NOT(AND(D2="retain",OR(E2="report_internal_inconsistency",E2="plan_material"))),K2<>"",NOT(EXACT(K2,"not_applicable"))),AND(NOT(AND(D2="retain",E2="protocol_report")),L2<>"",NOT(EXACT(L2,"not_applicable")))),"CLEAR INACTIVE VALUES",IF(OR(AND(AND(D2="retain",E2="statistical_results"),OR(H2="",EXACT(H2,"not_applicable"))),AND(AND(D2="retain",E2="statistical_results"),OR(I2="",EXACT(I2,"not_applicable"))),AND(AND(D2="retain",OR(E2="report_internal_inconsistency",E2="plan_material")),OR(K2="",EXACT(K2,"not_applicable")))),"MISSING REQUIRED JUDGMENT",IF(OR(AND(AND(D2="retain",E2="statistical_results"),H2<>"",NOT(OR(EXACT(H2,"confirmed_issue"),EXACT(H2,"probable_issue"),EXACT(H2,"not_issue"),EXACT(H2,"indeterminate")))),AND(AND(D2="retain",E2="statistical_results"),I2<>"",NOT(OR(EXACT(I2,"substantive"),EXACT(I2,"minor_presentation"),EXACT(I2,"indeterminate")))),AND(AND(D2="retain",E2="statistical_results"),J2<>"",NOT(OR(EXACT(J2,"direct"),EXACT(J2,"possible"),EXACT(J2,"unlikely"),EXACT(J2,"unknown")))),AND(AND(D2="retain",OR(E2="report_internal_inconsistency",E2="plan_material")),K2<>"",NOT(OR(EXACT(K2,"substantive_inconsistency"),EXACT(K2,"minor_presentation"),EXACT(K2,"non_inconsistency"),EXACT(K2,"indeterminate")))),AND(AND(D2="retain",E2="protocol_report"),L2<>"",NOT(OR(EXACT(L2,"substantive_difference"),EXACT(L2,"minor_presentation"),EXACT(L2,"version_timing"),EXACT(L2,"non_inconsistency"),EXACT(L2,"indeterminate"))))),"INVALID ACTIVE JUDGMENT",IF(F2<>"primary_done","PRIMARY DRAFT","PRIMARY READY")))))))))),"CHECK INPUT ERROR") | H2: =IF(AND(OR(D2="retain",D2=""),E2="statistical_results"),"","not_applicable") | I2: =IF(AND(OR(D2="retain",D2=""),E2="statistical_results"),"","not_applicable") | J2: =IF(AND(OR(D2="retain",D2=""),E2="statistical_results"),"","not_applicable") | K2: minor_presentation | L2: =IF(AND(OR(D2="retain",D2=""),E2="protocol_report"),"","not_applicable") | R2: Confirmed. Figure 2B (eGFR, omega-3 vs placebo) prints participant counts 607/459/438 (placebo) and 701/531/496 (omega-3), identical to panel A's vitamin D counts. Table 2 gives omega-3 eGFR counts 651/491/462 (placebo) and 657/499/472 (active); totals match (1308/990/934). Copied count annotations in the figure; the correct Ns are in Table 2.
A3: 2019::jama.2019.17380::C002 | B3: Figure 2 omega-3 urine-ACR contributor counts conflict with eTable 6 | C3: Figure 2 panel D — PDF p. 7; eTable 6 — PDF p. 11. | D3: retain | E3: report_internal_inconsistency | F3: primary_done | G3: =IFERROR(IF(OR(NOT(EXACT(Setup!$B$4,"R_B")),Setup!$B$5<>2019),"CHECK SETUP",IF(OR(LEN(TRIM(CLEAN(SUBSTITUTE(Setup!$B$2,CHAR(160)," "))))=0,Setup!$B$2<>TRIM(CLEAN(SUBSTITUTE(Setup!$B$2,CHAR(160)," ")))),"CHECK REVIEWER ID",IF(OR(A3="",COUNTIF($A$2:$A$8,A3)<>1,LEFT(A3,LEN("2019::jama.2019.17380::"))<>"2019::jama.2019.17380::"),"CHECK KEY",IF(NOT(OR(EXACT(F3,"no"),EXACT(F3,"primary_done"),EXACT(F3,""))),"CHECK COMPLETE FLAG",IF(OR(D3="",E3=""),"MISSING D / E",IF(OR(NOT(OR(EXACT(D3,"retain"),EXACT(D3,"exclude"),EXACT(D3,"discuss"))),NOT(OR(EXACT(E3,"statistical_results"),EXACT(E3,"report_internal_inconsistency"),EXACT(E3,"plan_material"),EXACT(E3,"protocol_report")))),"INVALID D / E",IF(OR(AND(NOT(AND(D3="retain",E3="statistical_results")),H3<>"",NOT(EXACT(H3,"not_applicable"))),AND(NOT(AND(D3="retain",E3="statistical_results")),I3<>"",NOT(EXACT(I3,"not_applicable"))),AND(NOT(AND(D3="retain",E3="statistical_results")),J3<>"",NOT(EXACT(J3,"not_applicable"))),AND(NOT(AND(D3="retain",OR(E3="report_internal_inconsistency",E3="plan_material"))),K3<>"",NOT(EXACT(K3,"not_applicable"))),AND(NOT(AND(D3="retain",E3="protocol_report")),L3<>"",NOT(EXACT(L3,"not_applicable")))),"CLEAR INACTIVE VALUES",IF(OR(AND(AND(D3="retain",E3="statistical_results"),OR(H3="",EXACT(H3,"not_applicable"))),AND(AND(D3="retain",E3="statistical_results"),OR(I3="",EXACT(I3,"not_applicable"))),AND(AND(D3="retain",OR(E3="report_internal_inconsistency",E3="plan_material")),OR(K3="",EXACT(K3,"not_applicable")))),"MISSING REQUIRED JUDGMENT",IF(OR(AND(AND(D3="retain",E3="statistical_results"),H3<>"",NOT(OR(EXACT(H3,"confirmed_issue"),EXACT(H3,"probable_issue"),EXACT(H3,"not_issue"),EXACT(H3,"indeterminate")))),AND(AND(D3="retain",E3="statistical_results"),I3<>"",NOT(OR(EXACT(I3,"substantive"),EXACT(I3,"minor_presentation"),EXACT(I3,"indeterminate")))),AND(AND(D3="retain",E3="statistical_results"),J3<>"",NOT(OR(EXACT(J3,"direct"),EXACT(J3,"possible"),EXACT(J3,"unlikely"),EXACT(J3,"unknown")))),AND(AND(D3="retain",OR(E3="report_internal_inconsistency",E3="plan_material")),K3<>"",NOT(OR(EXACT(K3,"substantive_inconsistency"),EXACT(K3,"minor_presentation"),EXACT(K3,"non_inconsistency"),EXACT(K3,"indeterminate")))),AND(AND(D3="retain",E3="protocol_report"),L3<>"",NOT(OR(EXACT(L3,"substantive_difference"),EXACT(L3,"minor_presentation"),EXACT(L3,"version_timing"),EXACT(L3,"non_inconsistency"),EXACT(L3,"indeterminate"))))),"INVALID ACTIVE JUDGMENT",IF(F3<>"primary_done","PRIMARY DRAFT","PRIMARY READY")))))))))),"CHECK INPUT ERROR") | H3: =IF(AND(OR(D3="retain",D3=""),E3="statistical_results"),"","not_applicable") | I3: =IF(AND(OR(D3="retain",D3=""),E3="statistical_results"),"","not_applicable") | J3: =IF(AND(OR(D3="retain",D3=""),E3="statistical_results"),"","not_applicable") | K3: minor_presentation | L3: =IF(AND(OR(D3="retain",D3=""),E3="protocol_report"),"","not_applicable") | R3: Confirmed. Figure 2D (urine ACR, omega-3 vs placebo) repeats panel C's vitamin D counts: 609/463/440 (placebo) and 702/529/505 (omega-3). eTable 6 gives omega-3 ACR counts 653/490/467 (placebo) and 658/502/478 (active); totals agree (1311/992/945). Same copied-annotation error as C001, in a different panel.
A4: 2019::jama.2019.17380::C003 | B4: Figure 3 assigns vitamin-D arm sizes to the opposite column labels | C4: Abstract — PDF p. 1; Table 2 and Figure 3 — PDF p. 8. | D4: retain | E4: report_internal_inconsistency | F4: primary_done | G4: =IFERROR(IF(OR(NOT(EXACT(Setup!$B$4,"R_B")),Setup!$B$5<>2019),"CHECK SETUP",IF(OR(LEN(TRIM(CLEAN(SUBSTITUTE(Setup!$B$2,CHAR(160)," "))))=0,Setup!$B$2<>TRIM(CLEAN(SUBSTITUTE(Setup!$B$2,CHAR(160)," ")))),"CHECK REVIEWER ID",IF(OR(A4="",COUNTIF($A$2:$A$8,A4)<>1,LEFT(A4,LEN("2019::jama.2019.17380::"))<>"2019::jama.2019.17380::"),"CHECK KEY",IF(NOT(OR(EXACT(F4,"no"),EXACT(F4,"primary_done"),EXACT(F4,""))),"CHECK COMPLETE FLAG",IF(OR(D4="",E4=""),"MISSING D / E",IF(OR(NOT(OR(EXACT(D4,"retain"),EXACT(D4,"exclude"),EXACT(D4,"discuss"))),NOT(OR(EXACT(E4,"statistical_results"),EXACT(E4,"report_internal_inconsistency"),EXACT(E4,"plan_material"),EXACT(E4,"protocol_report")))),"INVALID D / E",IF(OR(AND(NOT(AND(D4="retain",E4="statistical_results")),H4<>"",NOT(EXACT(H4,"not_applicable"))),AND(NOT(AND(D4="retain",E4="statistical_results")),I4<>"",NOT(EXACT(I4,"not_applicable"))),AND(NOT(AND(D4="retain",E4="statistical_results")),J4<>"",NOT(EXACT(J4,"not_applicable"))),AND(NOT(AND(D4="retain",OR(E4="report_internal_inconsistency",E4="plan_material"))),K4<>"",NOT(EXACT(K4,"not_applicable"))),AND(NOT(AND(D4="retain",E4="protocol_report")),L4<>"",NOT(EXACT(L4,"not_applicable")))),"CLEAR INACTIVE VALUES",IF(OR(AND(AND(D4="retain",E4="statistical_results"),OR(H4="",EXACT(H4,"not_applicable"))),AND(AND(D4="retain",E4="statistical_results"),OR(I4="",EXACT(I4,"not_applicable"))),AND(AND(D4="retain",OR(E4="report_internal_inconsistency",E4="plan_material")),OR(K4="",EXACT(K4,"not_applicable")))),"MISSING REQUIRED JUDGMENT",IF(OR(AND(AND(D4="retain",E4="statistical_results"),H4<>"",NOT(OR(EXACT(H4,"confirmed_issue"),EXACT(H4,"probable_issue"),EXACT(H4,"not_issue"),EXACT(H4,"indeterminate")))),AND(AND(D4="retain",E4="statistical_results"),I4<>"",NOT(OR(EXACT(I4,"substantive"),EXACT(I4,"minor_presentation"),EXACT(I4,"indeterminate")))),AND(AND(D4="retain",E4="statistical_results"),J4<>"",NOT(OR(EXACT(J4,"direct"),EXACT(J4,"possible"),EXACT(J4,"unlikely"),EXACT(J4,"unknown")))),AND(AND(D4="retain",OR(E4="report_internal_inconsistency",E4="plan_material")),K4<>"",NOT(OR(EXACT(K4,"substantive_inconsistency"),EXACT(K4,"minor_presentation"),EXACT(K4,"non_inconsistency"),EXACT(K4,"indeterminate")))),AND(AND(D4="retain",E4="protocol_report"),L4<>"",NOT(OR(EXACT(L4,"substantive_difference"),EXACT(L4,"minor_presentation"),EXACT(L4,"version_timing"),EXACT(L4,"non_inconsistency"),EXACT(L4,"indeterminate"))))),"INVALID ACTIVE JUDGMENT",IF(F4<>"primary_done","PRIMARY DRAFT","PRIMARY READY")))))))))),"CHECK INPUT ERROR") | H4: =IF(AND(OR(D4="retain",D4=""),E4="statistical_results"),"","not_applicable") | I4: =IF(AND(OR(D4="retain",D4=""),E4="statistical_results"),"","not_applicable") | J4: =IF(AND(OR(D4="retain",D4=""),E4="statistical_results"),"","not_applicable") | K4: minor_presentation | L4: =IF(AND(OR(D4="retain",D4=""),E4="protocol_report"),"","not_applicable") | R4: Confirmed. Figure 3 (vitamin D subgroups) puts N=703 under Placebo and 609 under Vitamin D; randomized vitamin D = 370+333 = 703 and placebo = 289+320 = 609. Every subgroup N is transposed the same way (omega-3 rows: 333/370 under Placebo are vitamin D cells). Mean changes (-13.1 placebo, -12.3 vitamin D) match Table 2 under the printed headings, so only the N columns are swapped.
A5: 2019::jama.2019.17380::C004 | B5: Figure 4 assigns omega-3 arm sizes to the opposite column labels | C5: Abstract — PDF p. 1; Table 2 — PDF p. 8; Figure 4 — PDF p. 9. | D5: retain | E5: report_internal_inconsistency | F5: primary_done | G5: =IFERROR(IF(OR(NOT(EXACT(Setup!$B$4,"R_B")),Setup!$B$5<>2019),"CHECK SETUP",IF(OR(LEN(TRIM(CLEAN(SUBSTITUTE(Setup!$B$2,CHAR(160)," "))))=0,Setup!$B$2<>TRIM(CLEAN(SUBSTITUTE(Setup!$B$2,CHAR(160)," ")))),"CHECK REVIEWER ID",IF(OR(A5="",COUNTIF($A$2:$A$8,A5)<>1,LEFT(A5,LEN("2019::jama.2019.17380::"))<>"2019::jama.2019.17380::"),"CHECK KEY",IF(NOT(OR(EXACT(F5,"no"),EXACT(F5,"primary_done"),EXACT(F5,""))),"CHECK COMPLETE FLAG",IF(OR(D5="",E5=""),"MISSING D / E",IF(OR(NOT(OR(EXACT(D5,"retain"),EXACT(D5,"exclude"),EXACT(D5,"discuss"))),NOT(OR(EXACT(E5,"statistical_results"),EXACT(E5,"report_internal_inconsistency"),EXACT(E5,"plan_material"),EXACT(E5,"protocol_report")))),"INVALID D / E",IF(OR(AND(NOT(AND(D5="retain",E5="statistical_results")),H5<>"",NOT(EXACT(H5,"not_applicable"))),AND(NOT(AND(D5="retain",E5="statistical_results")),I5<>"",NOT(EXACT(I5,"not_applicable"))),AND(NOT(AND(D5="retain",E5="statistical_results")),J5<>"",NOT(EXACT(J5,"not_applicable"))),AND(NOT(AND(D5="retain",OR(E5="report_internal_inconsistency",E5="plan_material"))),K5<>"",NOT(EXACT(K5,"not_applicable"))),AND(NOT(AND(D5="retain",E5="protocol_report")),L5<>"",NOT(EXACT(L5,"not_applicable")))),"CLEAR INACTIVE VALUES",IF(OR(AND(AND(D5="retain",E5="statistical_results"),OR(H5="",EXACT(H5,"not_applicable"))),AND(AND(D5="retain",E5="statistical_results"),OR(I5="",EXACT(I5,"not_applicable"))),AND(AND(D5="retain",OR(E5="report_internal_inconsistency",E5="plan_material")),OR(K5="",EXACT(K5,"not_applicable")))),"MISSING REQUIRED JUDGMENT",IF(OR(AND(AND(D5="retain",E5="statistical_results"),H5<>"",NOT(OR(EXACT(H5,"confirmed_issue"),EXACT(H5,"probable_issue"),EXACT(H5,"not_issue"),EXACT(H5,"indeterminate")))),AND(AND(D5="retain",E5="statistical_results"),I5<>"",NOT(OR(EXACT(I5,"substantive"),EXACT(I5,"minor_presentation"),EXACT(I5,"indeterminate")))),AND(AND(D5="retain",E5="statistical_results"),J5<>"",NOT(OR(EXACT(J5,"direct"),EXACT(J5,"possible"),EXACT(J5,"unlikely"),EXACT(J5,"unknown")))),AND(AND(D5="retain",OR(E5="report_internal_inconsistency",E5="plan_material")),K5<>"",NOT(OR(EXACT(K5,"substantive_inconsistency"),EXACT(K5,"minor_presentation"),EXACT(K5,"non_inconsistency"),EXACT(K5,"indeterminate")))),AND(AND(D5="retain",E5="protocol_report"),L5<>"",NOT(OR(EXACT(L5,"substantive_difference"),EXACT(L5,"minor_presentation"),EXACT(L5,"version_timing"),EXACT(L5,"non_inconsistency"),EXACT(L5,"indeterminate"))))),"INVALID ACTIVE JUDGMENT",IF(F5<>"primary_done","PRIMARY DRAFT","PRIMARY READY")))))))))),"CHECK INPUT ERROR") | H5: =IF(AND(OR(D5="retain",D5=""),E5="statistical_results"),"","not_applicable") | I5: =IF(AND(OR(D5="retain",D5=""),E5="statistical_results"),"","not_applicable") | J5: =IF(AND(OR(D5="retain",D5=""),E5="statistical_results"),"","not_applicable") | K5: minor_presentation | L5: =IF(AND(OR(D5="retain",D5=""),E5="protocol_report"),"","not_applicable") | R5: Confirmed. Figure 4 (omega-3 subgroups) puts N=659 under Placebo and 653 under Omega-3; randomized omega-3 = 370+289 = 659 and omega-3 placebo = 333+320 = 653. Mean changes (-13.1 placebo, -12.2 omega-3) agree with Table 2 by heading, so the N columns are transposed while estimates are aligned. Same pattern as C003.
A6: 2019::jama.2019.17380::C005 | B6: eFigure 2 places vitamin-D participant counts under the opposite headings | C6: Abstract — PDF p. 1; eTable 6 — PDF p. 11; eFigure 2 — PDF p. 18. | D6: retain | E6: report_internal_inconsistency | F6: primary_done | G6: =IFERROR(IF(OR(NOT(EXACT(Setup!$B$4,"R_B")),Setup!$B$5<>2019),"CHECK SETUP",IF(OR(LEN(TRIM(CLEAN(SUBSTITUTE(Setup!$B$2,CHAR(160)," "))))=0,Setup!$B$2<>TRIM(CLEAN(SUBSTITUTE(Setup!$B$2,CHAR(160)," ")))),"CHECK REVIEWER ID",IF(OR(A6="",COUNTIF($A$2:$A$8,A6)<>1,LEFT(A6,LEN("2019::jama.2019.17380::"))<>"2019::jama.2019.17380::"),"CHECK KEY",IF(NOT(OR(EXACT(F6,"no"),EXACT(F6,"primary_done"),EXACT(F6,""))),"CHECK COMPLETE FLAG",IF(OR(D6="",E6=""),"MISSING D / E",IF(OR(NOT(OR(EXACT(D6,"retain"),EXACT(D6,"exclude"),EXACT(D6,"discuss"))),NOT(OR(EXACT(E6,"statistical_results"),EXACT(E6,"report_internal_inconsistency"),EXACT(E6,"plan_material"),EXACT(E6,"protocol_report")))),"INVALID D / E",IF(OR(AND(NOT(AND(D6="retain",E6="statistical_results")),H6<>"",NOT(EXACT(H6,"not_applicable"))),AND(NOT(AND(D6="retain",E6="statistical_results")),I6<>"",NOT(EXACT(I6,"not_applicable"))),AND(NOT(AND(D6="retain",E6="statistical_results")),J6<>"",NOT(EXACT(J6,"not_applicable"))),AND(NOT(AND(D6="retain",OR(E6="report_internal_inconsistency",E6="plan_material"))),K6<>"",NOT(EXACT(K6,"not_applicable"))),AND(NOT(AND(D6="retain",E6="protocol_report")),L6<>"",NOT(EXACT(L6,"not_applicable")))),"CLEAR INACTIVE VALUES",IF(OR(AND(AND(D6="retain",E6="statistical_results"),OR(H6="",EXACT(H6,"not_applicable"))),AND(AND(D6="retain",E6="statistical_results"),OR(I6="",EXACT(I6,"not_applicable"))),AND(AND(D6="retain",OR(E6="report_internal_inconsistency",E6="plan_material")),OR(K6="",EXACT(K6,"not_applicable")))),"MISSING REQUIRED JUDGMENT",IF(OR(AND(AND(D6="retain",E6="statistical_results"),H6<>"",NOT(OR(EXACT(H6,"confirmed_issue"),EXACT(H6,"probable_issue"),EXACT(H6,"not_issue"),EXACT(H6,"indeterminate")))),AND(AND(D6="retain",E6="statistical_results"),I6<>"",NOT(OR(EXACT(I6,"substantive"),EXACT(I6,"minor_presentation"),EXACT(I6,"indeterminate")))),AND(AND(D6="retain",E6="statistical_results"),J6<>"",NOT(OR(EXACT(J6,"direct"),EXACT(J6,"possible"),EXACT(J6,"unlikely"),EXACT(J6,"unknown")))),AND(AND(D6="retain",OR(E6="report_internal_inconsistency",E6="plan_material")),K6<>"",NOT(OR(EXACT(K6,"substantive_inconsistency"),EXACT(K6,"minor_presentation"),EXACT(K6,"non_inconsistency"),EXACT(K6,"indeterminate")))),AND(AND(D6="retain",E6="protocol_report"),L6<>"",NOT(OR(EXACT(L6,"substantive_difference"),EXACT(L6,"minor_presentation"),EXACT(L6,"version_timing"),EXACT(L6,"non_inconsistency"),EXACT(L6,"indeterminate"))))),"INVALID ACTIVE JUDGMENT",IF(F6<>"primary_done","PRIMARY DRAFT","PRIMARY READY")))))))))),"CHECK INPUT ERROR") | H6: =IF(AND(OR(D6="retain",D6=""),E6="statistical_results"),"","not_applicable") | I6: =IF(AND(OR(D6="retain",D6=""),E6="statistical_results"),"","not_applicable") | J6: =IF(AND(OR(D6="retain",D6=""),E6="statistical_results"),"","not_applicable") | K6: minor_presentation | L6: =IF(AND(OR(D6="retain",D6=""),E6="protocol_report"),"","not_applicable") | R6: Confirmed. eFigure 2 (urine ACR, vitamin D subgroups) prints Placebo N=703, ratio 3.02 and Active N=609, ratio 2.97. eTable 6 gives active vitamin D baseline N=702 with year-5 ratio 2.97 and placebo N=609 with 3.02, and randomized totals are 703 active / 609 placebo. Ratios are aligned with the headings; the N columns are transposed throughout.
A7: 2019::jama.2019.17380::C006 | B7: eFigure 3 places omega-3 participant counts under the opposite headings | C7: Abstract — PDF p. 1; eTable 6 — PDF p. 11; eFigure 3 — PDF p. 19. | D7: retain | E7: report_internal_inconsistency | F7: primary_done | G7: =IFERROR(IF(OR(NOT(EXACT(Setup!$B$4,"R_B")),Setup!$B$5<>2019),"CHECK SETUP",IF(OR(LEN(TRIM(CLEAN(SUBSTITUTE(Setup!$B$2,CHAR(160)," "))))=0,Setup!$B$2<>TRIM(CLEAN(SUBSTITUTE(Setup!$B$2,CHAR(160)," ")))),"CHECK REVIEWER ID",IF(OR(A7="",COUNTIF($A$2:$A$8,A7)<>1,LEFT(A7,LEN("2019::jama.2019.17380::"))<>"2019::jama.2019.17380::"),"CHECK KEY",IF(NOT(OR(EXACT(F7,"no"),EXACT(F7,"primary_done"),EXACT(F7,""))),"CHECK COMPLETE FLAG",IF(OR(D7="",E7=""),"MISSING D / E",IF(OR(NOT(OR(EXACT(D7,"retain"),EXACT(D7,"exclude"),EXACT(D7,"discuss"))),NOT(OR(EXACT(E7,"statistical_results"),EXACT(E7,"report_internal_inconsistency"),EXACT(E7,"plan_material"),EXACT(E7,"protocol_report")))),"INVALID D / E",IF(OR(AND(NOT(AND(D7="retain",E7="statistical_results")),H7<>"",NOT(EXACT(H7,"not_applicable"))),AND(NOT(AND(D7="retain",E7="statistical_results")),I7<>"",NOT(EXACT(I7,"not_applicable"))),AND(NOT(AND(D7="retain",E7="statistical_results")),J7<>"",NOT(EXACT(J7,"not_applicable"))),AND(NOT(AND(D7="retain",OR(E7="report_internal_inconsistency",E7="plan_material"))),K7<>"",NOT(EXACT(K7,"not_applicable"))),AND(NOT(AND(D7="retain",E7="protocol_report")),L7<>"",NOT(EXACT(L7,"not_applicable")))),"CLEAR INACTIVE VALUES",IF(OR(AND(AND(D7="retain",E7="statistical_results"),OR(H7="",EXACT(H7,"not_applicable"))),AND(AND(D7="retain",E7="statistical_results"),OR(I7="",EXACT(I7,"not_applicable"))),AND(AND(D7="retain",OR(E7="report_internal_inconsistency",E7="plan_material")),OR(K7="",EXACT(K7,"not_applicable")))),"MISSING REQUIRED JUDGMENT",IF(OR(AND(AND(D7="retain",E7="statistical_results"),H7<>"",NOT(OR(EXACT(H7,"confirmed_issue"),EXACT(H7,"probable_issue"),EXACT(H7,"not_issue"),EXACT(H7,"indeterminate")))),AND(AND(D7="retain",E7="statistical_results"),I7<>"",NOT(OR(EXACT(I7,"substantive"),EXACT(I7,"minor_presentation"),EXACT(I7,"indeterminate")))),AND(AND(D7="retain",E7="statistical_results"),J7<>"",NOT(OR(EXACT(J7,"direct"),EXACT(J7,"possible"),EXACT(J7,"unlikely"),EXACT(J7,"unknown")))),AND(AND(D7="retain",OR(E7="report_internal_inconsistency",E7="plan_material")),K7<>"",NOT(OR(EXACT(K7,"substantive_inconsistency"),EXACT(K7,"minor_presentation"),EXACT(K7,"non_inconsistency"),EXACT(K7,"indeterminate")))),AND(AND(D7="retain",E7="protocol_report"),L7<>"",NOT(OR(EXACT(L7,"substantive_difference"),EXACT(L7,"minor_presentation"),EXACT(L7,"version_timing"),EXACT(L7,"non_inconsistency"),EXACT(L7,"indeterminate"))))),"INVALID ACTIVE JUDGMENT",IF(F7<>"primary_done","PRIMARY DRAFT","PRIMARY READY")))))))))),"CHECK INPUT ERROR") | H7: =IF(AND(OR(D7="retain",D7=""),E7="statistical_results"),"","not_applicable") | I7: =IF(AND(OR(D7="retain",D7=""),E7="statistical_results"),"","not_applicable") | J7: =IF(AND(OR(D7="retain",D7=""),E7="statistical_results"),"","not_applicable") | K7: minor_presentation | L7: =IF(AND(OR(D7="retain",D7=""),E7="protocol_report"),"","not_applicable") | R7: Confirmed. eFigure 3 (urine ACR, omega-3 subgroups) prints Placebo N=659, ratio 3.05 and Active N=653, ratio 2.94; eTable 6 gives omega-3 placebo N=653 (3.05) and active N=658 (2.94); randomized omega-3 = 659. Its vitamin D randomization rows (Placebo column 289/370; Active 320/333) are the opposite factorial cells. Ns are transposed; ratios are aligned.
A8: 2019::jama.2019.17380::C007 | B8: Imputation count differs between the analytic-plan addendum and article methods | C8: Analytic-plan addendum, Section 15c — PDF p. 32; Article Data Analysis — PDF p. 3. | D8: retain | E8: protocol_report | F8: primary_done | G8: =IFERROR(IF(OR(NOT(EXACT(Setup!$B$4,"R_B")),Setup!$B$5<>2019),"CHECK SETUP",IF(OR(LEN(TRIM(CLEAN(SUBSTITUTE(Setup!$B$2,CHAR(160)," "))))=0,Setup!$B$2<>TRIM(CLEAN(SUBSTITUTE(Setup!$B$2,CHAR(160)," ")))),"CHECK REVIEWER ID",IF(OR(A8="",COUNTIF($A$2:$A$8,A8)<>1,LEFT(A8,LEN("2019::jama.2019.17380::"))<>"2019::jama.2019.17380::"),"CHECK KEY",IF(NOT(OR(EXACT(F8,"no"),EXACT(F8,"primary_done"),EXACT(F8,""))),"CHECK COMPLETE FLAG",IF(OR(D8="",E8=""),"MISSING D / E",IF(OR(NOT(OR(EXACT(D8,"retain"),EXACT(D8,"exclude"),EXACT(D8,"discuss"))),NOT(OR(EXACT(E8,"statistical_results"),EXACT(E8,"report_internal_inconsistency"),EXACT(E8,"plan_material"),EXACT(E8,"protocol_report")))),"INVALID D / E",IF(OR(AND(NOT(AND(D8="retain",E8="statistical_results")),H8<>"",NOT(EXACT(H8,"not_applicable"))),AND(NOT(AND(D8="retain",E8="statistical_results")),I8<>"",NOT(EXACT(I8,"not_applicable"))),AND(NOT(AND(D8="retain",E8="statistical_results")),J8<>"",NOT(EXACT(J8,"not_applicable"))),AND(NOT(AND(D8="retain",OR(E8="report_internal_inconsistency",E8="plan_material"))),K8<>"",NOT(EXACT(K8,"not_applicable"))),AND(NOT(AND(D8="retain",E8="protocol_report")),L8<>"",NOT(EXACT(L8,"not_applicable")))),"CLEAR INACTIVE VALUES",IF(OR(AND(AND(D8="retain",E8="statistical_results"),OR(H8="",EXACT(H8,"not_applicable"))),AND(AND(D8="retain",E8="statistical_results"),OR(I8="",EXACT(I8,"not_applicable"))),AND(AND(D8="retain",OR(E8="report_internal_inconsistency",E8="plan_material")),OR(K8="",EXACT(K8,"not_applicable")))),"MISSING REQUIRED JUDGMENT",IF(OR(AND(AND(D8="retain",E8="statistical_results"),H8<>"",NOT(OR(EXACT(H8,"confirmed_issue"),EXACT(H8,"probable_issue"),EXACT(H8,"not_issue"),EXACT(H8,"indeterminate")))),AND(AND(D8="retain",E8="statistical_results"),I8<>"",NOT(OR(EXACT(I8,"substantive"),EXACT(I8,"minor_presentation"),EXACT(I8,"indeterminate")))),AND(AND(D8="retain",E8="statistical_results"),J8<>"",NOT(OR(EXACT(J8,"direct"),EXACT(J8,"possible"),EXACT(J8,"unlikely"),EXACT(J8,"unknown")))),AND(AND(D8="retain",OR(E8="report_internal_inconsistency",E8="plan_material")),K8<>"",NOT(OR(EXACT(K8,"substantive_inconsistency"),EXACT(K8,"minor_presentation"),EXACT(K8,"non_inconsistency"),EXACT(K8,"indeterminate")))),AND(AND(D8="retain",E8="protocol_report"),L8<>"",NOT(OR(EXACT(L8,"substantive_difference"),EXACT(L8,"minor_presentation"),EXACT(L8,"version_timing"),EXACT(L8,"non_inconsistency"),EXACT(L8,"indeterminate"))))),"INVALID ACTIVE JUDGMENT",IF(F8<>"primary_done","PRIMARY DRAFT","PRIMARY READY")))))))))),"CHECK INPUT ERROR") | H8: =IF(AND(OR(D8="retain",D8=""),E8="statistical_results"),"","not_applicable") | I8: =IF(AND(OR(D8="retain",D8=""),E8="statistical_results"),"","not_applicable") | J8: =IF(AND(OR(D8="retain",D8=""),E8="statistical_results"),"","not_applicable") | K8: =IF(AND(OR(D8="retain",D8=""),OR(E8="report_internal_inconsistency",E8="plan_material")),"","not_applicable") | L8: =IF(AND(OR(D8="retain",D8=""),E8="protocol_report"),"","not_applicable") | R8: Confirmed difference, immaterial. The analytic plan (section 15c) says results from 10 imputation datasets (chained equations) will be combined with Rubin's rules; the article reports multiple imputation with M=20 and Rubin's rules. More imputations only reduce Monte Carlo error; the estimand and method are unchanged. L left blank: a real difference that is neither wording-only nor meaningful.

Sheet C_jama.2019.2210
A1: Candidate key | B1: Candidate title | C1: Source location | D1: Disposition | E1: Review domain (AI suggestion; editable) | F1: Complete | G1: Validation hint | H1: Statistical/numerical issue | I1: Substantiveness | J1: Downstream impact | K1: Report-internal or planning-material inconsistency | L1: Protocol interpretation | R1: Notes (optional)
A2: 2019::jama.2019.2210::C001 | B2: Table 1 SNP percentages use unlabelled, variable available-case denominators | C2: main article — PDF p. 5; Supplement 2 — PDF p. 7, p. 13, and p. 27. | D2: retain | E2: statistical_results | F2: primary_done | G2: =IFERROR(IF(OR(NOT(EXACT(Setup!$B$4,"R_B")),Setup!$B$5<>2019),"CHECK SETUP",IF(OR(LEN(TRIM(CLEAN(SUBSTITUTE(Setup!$B$2,CHAR(160)," "))))=0,Setup!$B$2<>TRIM(CLEAN(SUBSTITUTE(Setup!$B$2,CHAR(160)," ")))),"CHECK REVIEWER ID",IF(OR(A2="",COUNTIF($A$2:$A$10,A2)<>1,LEFT(A2,LEN("2019::jama.2019.2210::"))<>"2019::jama.2019.2210::"),"CHECK KEY",IF(NOT(OR(EXACT(F2,"no"),EXACT(F2,"primary_done"),EXACT(F2,""))),"CHECK COMPLETE FLAG",IF(OR(D2="",E2=""),"MISSING D / E",IF(OR(NOT(OR(EXACT(D2,"retain"),EXACT(D2,"exclude"),EXACT(D2,"discuss"))),NOT(OR(EXACT(E2,"statistical_results"),EXACT(E2,"report_internal_inconsistency"),EXACT(E2,"plan_material"),EXACT(E2,"protocol_report")))),"INVALID D / E",IF(OR(AND(NOT(AND(D2="retain",E2="statistical_results")),H2<>"",NOT(EXACT(H2,"not_applicable"))),AND(NOT(AND(D2="retain",E2="statistical_results")),I2<>"",NOT(EXACT(I2,"not_applicable"))),AND(NOT(AND(D2="retain",E2="statistical_results")),J2<>"",NOT(EXACT(J2,"not_applicable"))),AND(NOT(AND(D2="retain",OR(E2="report_internal_inconsistency",E2="plan_material"))),K2<>"",NOT(EXACT(K2,"not_applicable"))),AND(NOT(AND(D2="retain",E2="protocol_report")),L2<>"",NOT(EXACT(L2,"not_applicable")))),"CLEAR INACTIVE VALUES",IF(OR(AND(AND(D2="retain",E2="statistical_results"),OR(H2="",EXACT(H2,"not_applicable"))),AND(AND(D2="retain",E2="statistical_results"),OR(I2="",EXACT(I2,"not_applicable"))),AND(AND(D2="retain",OR(E2="report_internal_inconsistency",E2="plan_material")),OR(K2="",EXACT(K2,"not_applicable")))),"MISSING REQUIRED JUDGMENT",IF(OR(AND(AND(D2="retain",E2="statistical_results"),H2<>"",NOT(OR(EXACT(H2,"confirmed_issue"),EXACT(H2,"probable_issue"),EXACT(H2,"not_issue"),EXACT(H2,"indeterminate")))),AND(AND(D2="retain",E2="statistical_results"),I2<>"",NOT(OR(EXACT(I2,"substantive"),EXACT(I2,"minor_presentation"),EXACT(I2,"indeterminate")))),AND(AND(D2="retain",E2="statistical_results"),J2<>"",NOT(OR(EXACT(J2,"direct"),EXACT(J2,"possible"),EXACT(J2,"unlikely"),EXACT(J2,"unknown")))),AND(AND(D2="retain",OR(E2="report_internal_inconsistency",E2="plan_material")),K2<>"",NOT(OR(EXACT(K2,"substantive_inconsistency"),EXACT(K2,"minor_presentation"),EXACT(K2,"non_inconsistency"),EXACT(K2,"indeterminate")))),AND(AND(D2="retain",E2="protocol_report"),L2<>"",NOT(OR(EXACT(L2,"substantive_difference"),EXACT(L2,"minor_presentation"),EXACT(L2,"version_timing"),EXACT(L2,"non_inconsistency"),EXACT(L2,"indeterminate"))))),"INVALID ACTIVE JUDGMENT",IF(F2<>"primary_done","PRIMARY DRAFT","PRIMARY READY")))))))))),"CHECK INPUT ERROR") | H2: confirmed_issue | I2: minor_presentation | J2: unlikely | K2: =IF(AND(OR(D2="retain",D2=""),OR(E2="report_internal_inconsistency",E2="plan_material")),"","not_applicable") | L2: =IF(AND(OR(D2="retain",D2=""),E2="protocol_report"),"","not_applicable") | R2: Confirmed. Table 1 heads arms n=251/166, but SNP genotype counts total 230-245 (vitamin D) and 148-157 (placebo); all percentages are computed on these available-case totals, not the headers. Missing genotypes (up to 21 and 18 per arm) are not stated anywhere in the table. Values are correct for available cases; the omission is a reporting gap.
A3: 2019::jama.2019.2210::C002 | B3: Figure 3 caption says panel-C risk numbers are absent although the panel prints them | C3: main article — PDF p. 7. | D3: retain | E3: report_internal_inconsistency | F3: primary_done | G3: =IFERROR(IF(OR(NOT(EXACT(Setup!$B$4,"R_B")),Setup!$B$5<>2019),"CHECK SETUP",IF(OR(LEN(TRIM(CLEAN(SUBSTITUTE(Setup!$B$2,CHAR(160)," "))))=0,Setup!$B$2<>TRIM(CLEAN(SUBSTITUTE(Setup!$B$2,CHAR(160)," ")))),"CHECK REVIEWER ID",IF(OR(A3="",COUNTIF($A$2:$A$10,A3)<>1,LEFT(A3,LEN("2019::jama.2019.2210::"))<>"2019::jama.2019.2210::"),"CHECK KEY",IF(NOT(OR(EXACT(F3,"no"),EXACT(F3,"primary_done"),EXACT(F3,""))),"CHECK COMPLETE FLAG",IF(OR(D3="",E3=""),"MISSING D / E",IF(OR(NOT(OR(EXACT(D3,"retain"),EXACT(D3,"exclude"),EXACT(D3,"discuss"))),NOT(OR(EXACT(E3,"statistical_results"),EXACT(E3,"report_internal_inconsistency"),EXACT(E3,"plan_material"),EXACT(E3,"protocol_report")))),"INVALID D / E",IF(OR(AND(NOT(AND(D3="retain",E3="statistical_results")),H3<>"",NOT(EXACT(H3,"not_applicable"))),AND(NOT(AND(D3="retain",E3="statistical_results")),I3<>"",NOT(EXACT(I3,"not_applicable"))),AND(NOT(AND(D3="retain",E3="statistical_results")),J3<>"",NOT(EXACT(J3,"not_applicable"))),AND(NOT(AND(D3="retain",OR(E3="report_internal_inconsistency",E3="plan_material"))),K3<>"",NOT(EXACT(K3,"not_applicable"))),AND(NOT(AND(D3="retain",E3="protocol_report")),L3<>"",NOT(EXACT(L3,"not_applicable")))),"CLEAR INACTIVE VALUES",IF(OR(AND(AND(D3="retain",E3="statistical_results"),OR(H3="",EXACT(H3,"not_applicable"))),AND(AND(D3="retain",E3="statistical_results"),OR(I3="",EXACT(I3,"not_applicable"))),AND(AND(D3="retain",OR(E3="report_internal_inconsistency",E3="plan_material")),OR(K3="",EXACT(K3,"not_applicable")))),"MISSING REQUIRED JUDGMENT",IF(OR(AND(AND(D3="retain",E3="statistical_results"),H3<>"",NOT(OR(EXACT(H3,"confirmed_issue"),EXACT(H3,"probable_issue"),EXACT(H3,"not_issue"),EXACT(H3,"indeterminate")))),AND(AND(D3="retain",E3="statistical_results"),I3<>"",NOT(OR(EXACT(I3,"substantive"),EXACT(I3,"minor_presentation"),EXACT(I3,"indeterminate")))),AND(AND(D3="retain",E3="statistical_results"),J3<>"",NOT(OR(EXACT(J3,"direct"),EXACT(J3,"possible"),EXACT(J3,"unlikely"),EXACT(J3,"unknown")))),AND(AND(D3="retain",OR(E3="report_internal_inconsistency",E3="plan_material")),K3<>"",NOT(OR(EXACT(K3,"substantive_inconsistency"),EXACT(K3,"minor_presentation"),EXACT(K3,"non_inconsistency"),EXACT(K3,"indeterminate")))),AND(AND(D3="retain",E3="protocol_report"),L3<>"",NOT(OR(EXACT(L3,"substantive_difference"),EXACT(L3,"minor_presentation"),EXACT(L3,"version_timing"),EXACT(L3,"non_inconsistency"),EXACT(L3,"indeterminate"))))),"INVALID ACTIVE JUDGMENT",IF(F3<>"primary_done","PRIMARY DRAFT","PRIMARY READY")))))))))),"CHECK INPUT ERROR") | H3: =IF(AND(OR(D3="retain",D3=""),E3="statistical_results"),"","not_applicable") | I3: =IF(AND(OR(D3="retain",D3=""),E3="statistical_results"),"","not_applicable") | J3: =IF(AND(OR(D3="retain",D3=""),E3="statistical_results"),"","not_applicable") | K3: minor_presentation | L3: =IF(AND(OR(D3="retain",D3=""),E3="protocol_report"),"","not_applicable") | R3: Confirmed. The Figure 3 caption says 'Numbers at risk for panel C are not given because of weighting', yet Figure 3C (overall death, middle 25(OH)D subgroup) prints numbers at risk (90...11; 142...20). Figure 2C, the competing-risk relapse panel, is the one with no at-risk table, so the sentence appears to belong to the Figure 2 caption. Caption misplacement; no numbers affected.
A4: 2019::jama.2019.2210::C003 | B4: Final protocol gives different accrual stopping thresholds | C4: Supplement 1 — PDF p. 18 and Supplement 1 — PDF p. 31. | D4: retain | E4: plan_material | F4: primary_done | G4: =IFERROR(IF(OR(NOT(EXACT(Setup!$B$4,"R_B")),Setup!$B$5<>2019),"CHECK SETUP",IF(OR(LEN(TRIM(CLEAN(SUBSTITUTE(Setup!$B$2,CHAR(160)," "))))=0,Setup!$B$2<>TRIM(CLEAN(SUBSTITUTE(Setup!$B$2,CHAR(160)," ")))),"CHECK REVIEWER ID",IF(OR(A4="",COUNTIF($A$2:$A$10,A4)<>1,LEFT(A4,LEN("2019::jama.2019.2210::"))<>"2019::jama.2019.2210::"),"CHECK KEY",IF(NOT(OR(EXACT(F4,"no"),EXACT(F4,"primary_done"),EXACT(F4,""))),"CHECK COMPLETE FLAG",IF(OR(D4="",E4=""),"MISSING D / E",IF(OR(NOT(OR(EXACT(D4,"retain"),EXACT(D4,"exclude"),EXACT(D4,"discuss"))),NOT(OR(EXACT(E4,"statistical_results"),EXACT(E4,"report_internal_inconsistency"),EXACT(E4,"plan_material"),EXACT(E4,"protocol_report")))),"INVALID D / E",IF(OR(AND(NOT(AND(D4="retain",E4="statistical_results")),H4<>"",NOT(EXACT(H4,"not_applicable"))),AND(NOT(AND(D4="retain",E4="statistical_results")),I4<>"",NOT(EXACT(I4,"not_applicable"))),AND(NOT(AND(D4="retain",E4="statistical_results")),J4<>"",NOT(EXACT(J4,"not_applicable"))),AND(NOT(AND(D4="retain",OR(E4="report_internal_inconsistency",E4="plan_material"))),K4<>"",NOT(EXACT(K4,"not_applicable"))),AND(NOT(AND(D4="retain",E4="protocol_report")),L4<>"",NOT(EXACT(L4,"not_applicable")))),"CLEAR INACTIVE VALUES",IF(OR(AND(AND(D4="retain",E4="statistical_results"),OR(H4="",EXACT(H4,"not_applicable"))),AND(AND(D4="retain",E4="statistical_results"),OR(I4="",EXACT(I4,"not_applicable"))),AND(AND(D4="retain",OR(E4="report_internal_inconsistency",E4="plan_material")),OR(K4="",EXACT(K4,"not_applicable")))),"MISSING REQUIRED JUDGMENT",IF(OR(AND(AND(D4="retain",E4="statistical_results"),H4<>"",NOT(OR(EXACT(H4,"confirmed_issue"),EXACT(H4,"probable_issue"),EXACT(H4,"not_issue"),EXACT(H4,"indeterminate")))),AND(AND(D4="retain",E4="statistical_results"),I4<>"",NOT(OR(EXACT(I4,"substantive"),EXACT(I4,"minor_presentation"),EXACT(I4,"indeterminate")))),AND(AND(D4="retain",E4="statistical_results"),J4<>"",NOT(OR(EXACT(J4,"direct"),EXACT(J4,"possible"),EXACT(J4,"unlikely"),EXACT(J4,"unknown")))),AND(AND(D4="retain",OR(E4="report_internal_inconsistency",E4="plan_material")),K4<>"",NOT(OR(EXACT(K4,"substantive_inconsistency"),EXACT(K4,"minor_presentation"),EXACT(K4,"non_inconsistency"),EXACT(K4,"indeterminate")))),AND(AND(D4="retain",E4="protocol_report"),L4<>"",NOT(OR(EXACT(L4,"substantive_difference"),EXACT(L4,"minor_presentation"),EXACT(L4,"version_timing"),EXACT(L4,"non_inconsistency"),EXACT(L4,"indeterminate"))))),"INVALID ACTIVE JUDGMENT",IF(F4<>"primary_done","PRIMARY DRAFT","PRIMARY READY")))))))))),"CHECK INPUT ERROR") | H4: =IF(AND(OR(D4="retain",D4=""),E4="statistical_results"),"","not_applicable") | I4: =IF(AND(OR(D4="retain",D4=""),E4="statistical_results"),"","not_applicable") | J4: =IF(AND(OR(D4="retain",D4=""),E4="statistical_results"),"","not_applicable") | K4: minor_presentation | L4: =IF(AND(OR(D4="retain",D4=""),E4="protocol_report"),"","not_applicable") | R4: Confirmed but trivial. The final protocol synopsis says entry stops 'if the number of randomized patients reaches >400', and the study-design section says 'after enrolling 400 patients, enrollment will finish'; the target is 240+160=400 in both places. Two loose wordings of the same ~400 stopping rule. (The trial actually randomized 417.)
A5: 2019::jama.2019.2210::C004 | B5: Final protocol assigns de novo cancer incompatible endpoint labels | C5: Supplement 1 — PDF p. 19, p. 25, p. 26, and p. 45; main article — PDF p. 8. | D5: retain | E5: protocol_report | F5: primary_done | G5: =IFERROR(IF(OR(NOT(EXACT(Setup!$B$4,"R_B")),Setup!$B$5<>2019),"CHECK SETUP",IF(OR(LEN(TRIM(CLEAN(SUBSTITUTE(Setup!$B$2,CHAR(160)," "))))=0,Setup!$B$2<>TRIM(CLEAN(SUBSTITUTE(Setup!$B$2,CHAR(160)," ")))),"CHECK REVIEWER ID",IF(OR(A5="",COUNTIF($A$2:$A$10,A5)<>1,LEFT(A5,LEN("2019::jama.2019.2210::"))<>"2019::jama.2019.2210::"),"CHECK KEY",IF(NOT(OR(EXACT(F5,"no"),EXACT(F5,"primary_done"),EXACT(F5,""))),"CHECK COMPLETE FLAG",IF(OR(D5="",E5=""),"MISSING D / E",IF(OR(NOT(OR(EXACT(D5,"retain"),EXACT(D5,"exclude"),EXACT(D5,"discuss"))),NOT(OR(EXACT(E5,"statistical_results"),EXACT(E5,"report_internal_inconsistency"),EXACT(E5,"plan_material"),EXACT(E5,"protocol_report")))),"INVALID D / E",IF(OR(AND(NOT(AND(D5="retain",E5="statistical_results")),H5<>"",NOT(EXACT(H5,"not_applicable"))),AND(NOT(AND(D5="retain",E5="statistical_results")),I5<>"",NOT(EXACT(I5,"not_applicable"))),AND(NOT(AND(D5="retain",E5="statistical_results")),J5<>"",NOT(EXACT(J5,"not_applicable"))),AND(NOT(AND(D5="retain",OR(E5="report_internal_inconsistency",E5="plan_material"))),K5<>"",NOT(EXACT(K5,"not_applicable"))),AND(NOT(AND(D5="retain",E5="protocol_report")),L5<>"",NOT(EXACT(L5,"not_applicable")))),"CLEAR INACTIVE VALUES",IF(OR(AND(AND(D5="retain",E5="statistical_results"),OR(H5="",EXACT(H5,"not_applicable"))),AND(AND(D5="retain",E5="statistical_results"),OR(I5="",EXACT(I5,"not_applicable"))),AND(AND(D5="retain",OR(E5="report_internal_inconsistency",E5="plan_material")),OR(K5="",EXACT(K5,"not_applicable")))),"MISSING REQUIRED JUDGMENT",IF(OR(AND(AND(D5="retain",E5="statistical_results"),H5<>"",NOT(OR(EXACT(H5,"confirmed_issue"),EXACT(H5,"probable_issue"),EXACT(H5,"not_issue"),EXACT(H5,"indeterminate")))),AND(AND(D5="retain",E5="statistical_results"),I5<>"",NOT(OR(EXACT(I5,"substantive"),EXACT(I5,"minor_presentation"),EXACT(I5,"indeterminate")))),AND(AND(D5="retain",E5="statistical_results"),J5<>"",NOT(OR(EXACT(J5,"direct"),EXACT(J5,"possible"),EXACT(J5,"unlikely"),EXACT(J5,"unknown")))),AND(AND(D5="retain",OR(E5="report_internal_inconsistency",E5="plan_material")),K5<>"",NOT(OR(EXACT(K5,"substantive_inconsistency"),EXACT(K5,"minor_presentation"),EXACT(K5,"non_inconsistency"),EXACT(K5,"indeterminate")))),AND(AND(D5="retain",E5="protocol_report"),L5<>"",NOT(OR(EXACT(L5,"substantive_difference"),EXACT(L5,"minor_presentation"),EXACT(L5,"version_timing"),EXACT(L5,"non_inconsistency"),EXACT(L5,"indeterminate"))))),"INVALID ACTIVE JUDGMENT",IF(F5<>"primary_done","PRIMARY DRAFT","PRIMARY READY")))))))))),"CHECK INPUT ERROR") | H5: =IF(AND(OR(D5="retain",D5=""),E5="statistical_results"),"","not_applicable") | I5: =IF(AND(OR(D5="retain",D5=""),E5="statistical_results"),"","not_applicable") | J5: =IF(AND(OR(D5="retain",D5=""),E5="statistical_results"),"","not_applicable") | K5: =IF(AND(OR(D5="retain",D5=""),OR(E5="report_internal_inconsistency",E5="plan_material")),"","not_applicable") | L5: substantive_difference | R5: Confirmed. Final protocol body lists de novo cancer as a Tertiary outcome, and the change summary says it was separated from secondary and safety outcomes (2012); the synopsis still says 'adverse event, not as an outcome' (stale carry-over). The article reports it under Safety Outcomes (Table 3, per protocol) with no tertiary-outcome analysis.
A6: 2019::jama.2019.2210::C005 | B6: One final-protocol high-25(OH)D stratum label omits the boundary operator | C6: Supplement 1 — PDF p. 23 and p. 31; main article — PDF p. 3. | D6: retain | E6: plan_material | F6: primary_done | G6: =IFERROR(IF(OR(NOT(EXACT(Setup!$B$4,"R_B")),Setup!$B$5<>2019),"CHECK SETUP",IF(OR(LEN(TRIM(CLEAN(SUBSTITUTE(Setup!$B$2,CHAR(160)," "))))=0,Setup!$B$2<>TRIM(CLEAN(SUBSTITUTE(Setup!$B$2,CHAR(160)," ")))),"CHECK REVIEWER ID",IF(OR(A6="",COUNTIF($A$2:$A$10,A6)<>1,LEFT(A6,LEN("2019::jama.2019.2210::"))<>"2019::jama.2019.2210::"),"CHECK KEY",IF(NOT(OR(EXACT(F6,"no"),EXACT(F6,"primary_done"),EXACT(F6,""))),"CHECK COMPLETE FLAG",IF(OR(D6="",E6=""),"MISSING D / E",IF(OR(NOT(OR(EXACT(D6,"retain"),EXACT(D6,"exclude"),EXACT(D6,"discuss"))),NOT(OR(EXACT(E6,"statistical_results"),EXACT(E6,"report_internal_inconsistency"),EXACT(E6,"plan_material"),EXACT(E6,"protocol_report")))),"INVALID D / E",IF(OR(AND(NOT(AND(D6="retain",E6="statistical_results")),H6<>"",NOT(EXACT(H6,"not_applicable"))),AND(NOT(AND(D6="retain",E6="statistical_results")),I6<>"",NOT(EXACT(I6,"not_applicable"))),AND(NOT(AND(D6="retain",E6="statistical_results")),J6<>"",NOT(EXACT(J6,"not_applicable"))),AND(NOT(AND(D6="retain",OR(E6="report_internal_inconsistency",E6="plan_material"))),K6<>"",NOT(EXACT(K6,"not_applicable"))),AND(NOT(AND(D6="retain",E6="protocol_report")),L6<>"",NOT(EXACT(L6,"not_applicable")))),"CLEAR INACTIVE VALUES",IF(OR(AND(AND(D6="retain",E6="statistical_results"),OR(H6="",EXACT(H6,"not_applicable"))),AND(AND(D6="retain",E6="statistical_results"),OR(I6="",EXACT(I6,"not_applicable"))),AND(AND(D6="retain",OR(E6="report_internal_inconsistency",E6="plan_material")),OR(K6="",EXACT(K6,"not_applicable")))),"MISSING REQUIRED JUDGMENT",IF(OR(AND(AND(D6="retain",E6="statistical_results"),H6<>"",NOT(OR(EXACT(H6,"confirmed_issue"),EXACT(H6,"probable_issue"),EXACT(H6,"not_issue"),EXACT(H6,"indeterminate")))),AND(AND(D6="retain",E6="statistical_results"),I6<>"",NOT(OR(EXACT(I6,"substantive"),EXACT(I6,"minor_presentation"),EXACT(I6,"indeterminate")))),AND(AND(D6="retain",E6="statistical_results"),J6<>"",NOT(OR(EXACT(J6,"direct"),EXACT(J6,"possible"),EXACT(J6,"unlikely"),EXACT(J6,"unknown")))),AND(AND(D6="retain",OR(E6="report_internal_inconsistency",E6="plan_material")),K6<>"",NOT(OR(EXACT(K6,"substantive_inconsistency"),EXACT(K6,"minor_presentation"),EXACT(K6,"non_inconsistency"),EXACT(K6,"indeterminate")))),AND(AND(D6="retain",E6="protocol_report"),L6<>"",NOT(OR(EXACT(L6,"substantive_difference"),EXACT(L6,"minor_presentation"),EXACT(L6,"version_timing"),EXACT(L6,"non_inconsistency"),EXACT(L6,"indeterminate"))))),"INVALID ACTIVE JUDGMENT",IF(F6<>"primary_done","PRIMARY DRAFT","PRIMARY READY")))))))))),"CHECK INPUT ERROR") | H6: =IF(AND(OR(D6="retain",D6=""),E6="statistical_results"),"","not_applicable") | I6: =IF(AND(OR(D6="retain",D6=""),E6="statistical_results"),"","not_applicable") | J6: =IF(AND(OR(D6="retain",D6=""),E6="statistical_results"),"","not_applicable") | K6: minor_presentation | L6: =IF(AND(OR(D6="retain",D6=""),E6="protocol_report"),"","not_applicable") | R6: Confirmed. Final protocol p.23 defines low (<20), middle (>=20 to <=40) and high '(40 ng/mL)' 25(OH)D with no operator; p.31 gives high as >40 ng/mL, as does the article. The missing operator is a typographic omission; since middle already includes 40, the only coherent reading of 'high' is >40.
A7: 2019::jama.2019.2210::C006 | B7: Supplement labels Cdx2 genotype panels as CDK2 | C7: main article — PDF p. 5; Supplement 1 — PDF p. 27; Supplement 2 — PDF p. 13, p. 14, and p. 15. | D7: retain | E7: report_internal_inconsistency | F7: primary_done | G7: =IFERROR(IF(OR(NOT(EXACT(Setup!$B$4,"R_B")),Setup!$B$5<>2019),"CHECK SETUP",IF(OR(LEN(TRIM(CLEAN(SUBSTITUTE(Setup!$B$2,CHAR(160)," "))))=0,Setup!$B$2<>TRIM(CLEAN(SUBSTITUTE(Setup!$B$2,CHAR(160)," ")))),"CHECK REVIEWER ID",IF(OR(A7="",COUNTIF($A$2:$A$10,A7)<>1,LEFT(A7,LEN("2019::jama.2019.2210::"))<>"2019::jama.2019.2210::"),"CHECK KEY",IF(NOT(OR(EXACT(F7,"no"),EXACT(F7,"primary_done"),EXACT(F7,""))),"CHECK COMPLETE FLAG",IF(OR(D7="",E7=""),"MISSING D / E",IF(OR(NOT(OR(EXACT(D7,"retain"),EXACT(D7,"exclude"),EXACT(D7,"discuss"))),NOT(OR(EXACT(E7,"statistical_results"),EXACT(E7,"report_internal_inconsistency"),EXACT(E7,"plan_material"),EXACT(E7,"protocol_report")))),"INVALID D / E",IF(OR(AND(NOT(AND(D7="retain",E7="statistical_results")),H7<>"",NOT(EXACT(H7,"not_applicable"))),AND(NOT(AND(D7="retain",E7="statistical_results")),I7<>"",NOT(EXACT(I7,"not_applicable"))),AND(NOT(AND(D7="retain",E7="statistical_results")),J7<>"",NOT(EXACT(J7,"not_applicable"))),AND(NOT(AND(D7="retain",OR(E7="report_internal_inconsistency",E7="plan_material"))),K7<>"",NOT(EXACT(K7,"not_applicable"))),AND(NOT(AND(D7="retain",E7="protocol_report")),L7<>"",NOT(EXACT(L7,"not_applicable")))),"CLEAR INACTIVE VALUES",IF(OR(AND(AND(D7="retain",E7="statistical_results"),OR(H7="",EXACT(H7,"not_applicable"))),AND(AND(D7="retain",E7="statistical_results"),OR(I7="",EXACT(I7,"not_applicable"))),AND(AND(D7="retain",OR(E7="report_internal_inconsistency",E7="plan_material")),OR(K7="",EXACT(K7,"not_applicable")))),"MISSING REQUIRED JUDGMENT",IF(OR(AND(AND(D7="retain",E7="statistical_results"),H7<>"",NOT(OR(EXACT(H7,"confirmed_issue"),EXACT(H7,"probable_issue"),EXACT(H7,"not_issue"),EXACT(H7,"indeterminate")))),AND(AND(D7="retain",E7="statistical_results"),I7<>"",NOT(OR(EXACT(I7,"substantive"),EXACT(I7,"minor_presentation"),EXACT(I7,"indeterminate")))),AND(AND(D7="retain",E7="statistical_results"),J7<>"",NOT(OR(EXACT(J7,"direct"),EXACT(J7,"possible"),EXACT(J7,"unlikely"),EXACT(J7,"unknown")))),AND(AND(D7="retain",OR(E7="report_internal_inconsistency",E7="plan_material")),K7<>"",NOT(OR(EXACT(K7,"substantive_inconsistency"),EXACT(K7,"minor_presentation"),EXACT(K7,"non_inconsistency"),EXACT(K7,"indeterminate")))),AND(AND(D7="retain",E7="protocol_report"),L7<>"",NOT(OR(EXACT(L7,"substantive_difference"),EXACT(L7,"minor_presentation"),EXACT(L7,"version_timing"),EXACT(L7,"non_inconsistency"),EXACT(L7,"indeterminate"))))),"INVALID ACTIVE JUDGMENT",IF(F7<>"primary_done","PRIMARY DRAFT","PRIMARY READY")))))))))),"CHECK INPUT ERROR") | H7: =IF(AND(OR(D7="retain",D7=""),E7="statistical_results"),"","not_applicable") | I7: =IF(AND(OR(D7="retain",D7=""),E7="statistical_results"),"","not_applicable") | J7: =IF(AND(OR(D7="retain",D7=""),E7="statistical_results"),"","not_applicable") | K7: minor_presentation | L7: =IF(AND(OR(D7="retain",D7=""),E7="protocol_report"),"","not_applicable") | R7: Confirmed. Supplement 2 eFigures 3G-3I are titled 'CDK2 GG/GA/AA', but the article, protocol and primer appendix identify the VDR polymorphism Cdx2/CDX2 (rs11568820), and the time-zero at-risk counts match Table 1's Cdx2 rows (e.g., GG 89 vitamin D / 49 placebo). CDK2 is a different gene; this is a label typo with the intended SNP clear from context.
A8: 2019::jama.2019.2210::C007 | B8: Table 1 BMI categories use smaller, unlabelled denominators than the arm headers | C8: main article — PDF p. 5; Supplement 2 — PDF p. 32 and p. 33. | D8: retain | E8: statistical_results | F8: primary_done | G8: =IFERROR(IF(OR(NOT(EXACT(Setup!$B$4,"R_B")),Setup!$B$5<>2019),"CHECK SETUP",IF(OR(LEN(TRIM(CLEAN(SUBSTITUTE(Setup!$B$2,CHAR(160)," "))))=0,Setup!$B$2<>TRIM(CLEAN(SUBSTITUTE(Setup!$B$2,CHAR(160)," ")))),"CHECK REVIEWER ID",IF(OR(A8="",COUNTIF($A$2:$A$10,A8)<>1,LEFT(A8,LEN("2019::jama.2019.2210::"))<>"2019::jama.2019.2210::"),"CHECK KEY",IF(NOT(OR(EXACT(F8,"no"),EXACT(F8,"primary_done"),EXACT(F8,""))),"CHECK COMPLETE FLAG",IF(OR(D8="",E8=""),"MISSING D / E",IF(OR(NOT(OR(EXACT(D8,"retain"),EXACT(D8,"exclude"),EXACT(D8,"discuss"))),NOT(OR(EXACT(E8,"statistical_results"),EXACT(E8,"report_internal_inconsistency"),EXACT(E8,"plan_material"),EXACT(E8,"protocol_report")))),"INVALID D / E",IF(OR(AND(NOT(AND(D8="retain",E8="statistical_results")),H8<>"",NOT(EXACT(H8,"not_applicable"))),AND(NOT(AND(D8="retain",E8="statistical_results")),I8<>"",NOT(EXACT(I8,"not_applicable"))),AND(NOT(AND(D8="retain",E8="statistical_results")),J8<>"",NOT(EXACT(J8,"not_applicable"))),AND(NOT(AND(D8="retain",OR(E8="report_internal_inconsistency",E8="plan_material"))),K8<>"",NOT(EXACT(K8,"not_applicable"))),AND(NOT(AND(D8="retain",E8="protocol_report")),L8<>"",NOT(EXACT(L8,"not_applicable")))),"CLEAR INACTIVE VALUES",IF(OR(AND(AND(D8="retain",E8="statistical_results"),OR(H8="",EXACT(H8,"not_applicable"))),AND(AND(D8="retain",E8="statistical_results"),OR(I8="",EXACT(I8,"not_applicable"))),AND(AND(D8="retain",OR(E8="report_internal_inconsistency",E8="plan_material")),OR(K8="",EXACT(K8,"not_applicable")))),"MISSING REQUIRED JUDGMENT",IF(OR(AND(AND(D8="retain",E8="statistical_results"),H8<>"",NOT(OR(EXACT(H8,"confirmed_issue"),EXACT(H8,"probable_issue"),EXACT(H8,"not_issue"),EXACT(H8,"indeterminate")))),AND(AND(D8="retain",E8="statistical_results"),I8<>"",NOT(OR(EXACT(I8,"substantive"),EXACT(I8,"minor_presentation"),EXACT(I8,"indeterminate")))),AND(AND(D8="retain",E8="statistical_results"),J8<>"",NOT(OR(EXACT(J8,"direct"),EXACT(J8,"possible"),EXACT(J8,"unlikely"),EXACT(J8,"unknown")))),AND(AND(D8="retain",OR(E8="report_internal_inconsistency",E8="plan_material")),K8<>"",NOT(OR(EXACT(K8,"substantive_inconsistency"),EXACT(K8,"minor_presentation"),EXACT(K8,"non_inconsistency"),EXACT(K8,"indeterminate")))),AND(AND(D8="retain",E8="protocol_report"),L8<>"",NOT(OR(EXACT(L8,"substantive_difference"),EXACT(L8,"minor_presentation"),EXACT(L8,"version_timing"),EXACT(L8,"non_inconsistency"),EXACT(L8,"indeterminate"))))),"INVALID ACTIVE JUDGMENT",IF(F8<>"primary_done","PRIMARY DRAFT","PRIMARY READY")))))))))),"CHECK INPUT ERROR") | H8: confirmed_issue | I8: minor_presentation | J8: unlikely | K8: =IF(AND(OR(D8="retain",D8=""),OR(E8="report_internal_inconsistency",E8="plan_material")),"","not_applicable") | L8: =IF(AND(OR(D8="retain",D8=""),E8="protocol_report"),"","not_applicable") | R8: Confirmed. Table 1 BMI quartile counts total 249 (vitamin D) and 165 (placebo) under headers 251/166; 2 and 1 participants are unaccounted for with no missing-data note. Supplement 2 BMI subgroups repeat 249/165. Percentages round identically with either denominator. Same unlabeled-denominator pattern as C001 but smaller.
A9: 2019::jama.2019.2210::C008 | B9: Report and protocol use different time-origin labels despite a same-visit equivalence statement | C9: main article — PDF p. 2 and p. 6; Supplement 1 — PDF p. 25 and p. 29; Supplement 2 — PDF p. 2 and p. 3. | D9: exclude | E9: protocol_report | F9: primary_done | G9: =IFERROR(IF(OR(NOT(EXACT(Setup!$B$4,"R_B")),Setup!$B$5<>2019),"CHECK SETUP",IF(OR(LEN(TRIM(CLEAN(SUBSTITUTE(Setup!$B$2,CHAR(160)," "))))=0,Setup!$B$2<>TRIM(CLEAN(SUBSTITUTE(Setup!$B$2,CHAR(160)," ")))),"CHECK REVIEWER ID",IF(OR(A9="",COUNTIF($A$2:$A$10,A9)<>1,LEFT(A9,LEN("2019::jama.2019.2210::"))<>"2019::jama.2019.2210::"),"CHECK KEY",IF(NOT(OR(EXACT(F9,"no"),EXACT(F9,"primary_done"),EXACT(F9,""))),"CHECK COMPLETE FLAG",IF(OR(D9="",E9=""),"MISSING D / E",IF(OR(NOT(OR(EXACT(D9,"retain"),EXACT(D9,"exclude"),EXACT(D9,"discuss"))),NOT(OR(EXACT(E9,"statistical_results"),EXACT(E9,"report_internal_inconsistency"),EXACT(E9,"plan_material"),EXACT(E9,"protocol_report")))),"INVALID D / E",IF(OR(AND(NOT(AND(D9="retain",E9="statistical_results")),H9<>"",NOT(EXACT(H9,"not_applicable"))),AND(NOT(AND(D9="retain",E9="statistical_results")),I9<>"",NOT(EXACT(I9,"not_applicable"))),AND(NOT(AND(D9="retain",E9="statistical_results")),J9<>"",NOT(EXACT(J9,"not_applicable"))),AND(NOT(AND(D9="retain",OR(E9="report_internal_inconsistency",E9="plan_material"))),K9<>"",NOT(EXACT(K9,"not_applicable"))),AND(NOT(AND(D9="retain",E9="protocol_report")),L9<>"",NOT(EXACT(L9,"not_applicable")))),"CLEAR INACTIVE VALUES",IF(OR(AND(AND(D9="retain",E9="statistical_results"),OR(H9="",EXACT(H9,"not_applicable"))),AND(AND(D9="retain",E9="statistical_results"),OR(I9="",EXACT(I9,"not_applicable"))),AND(AND(D9="retain",OR(E9="report_internal_inconsistency",E9="plan_material")),OR(K9="",EXACT(K9,"not_applicable")))),"MISSING REQUIRED JUDGMENT",IF(OR(AND(AND(D9="retain",E9="statistical_results"),H9<>"",NOT(OR(EXACT(H9,"confirmed_issue"),EXACT(H9,"probable_issue"),EXACT(H9,"not_issue"),EXACT(H9,"indeterminate")))),AND(AND(D9="retain",E9="statistical_results"),I9<>"",NOT(OR(EXACT(I9,"substantive"),EXACT(I9,"minor_presentation"),EXACT(I9,"indeterminate")))),AND(AND(D9="retain",E9="statistical_results"),J9<>"",NOT(OR(EXACT(J9,"direct"),EXACT(J9,"possible"),EXACT(J9,"unlikely"),EXACT(J9,"unknown")))),AND(AND(D9="retain",OR(E9="report_internal_inconsistency",E9="plan_material")),K9<>"",NOT(OR(EXACT(K9,"substantive_inconsistency"),EXACT(K9,"minor_presentation"),EXACT(K9,"non_inconsistency"),EXACT(K9,"indeterminate")))),AND(AND(D9="retain",E9="protocol_report"),L9<>"",NOT(OR(EXACT(L9,"substantive_difference"),EXACT(L9,"minor_presentation"),EXACT(L9,"version_timing"),EXACT(L9,"non_inconsistency"),EXACT(L9,"indeterminate"))))),"INVALID ACTIVE JUDGMENT",IF(F9<>"primary_done","PRIMARY DRAFT","PRIMARY READY")))))))))),"CHECK INPUT ERROR") | H9: =IF(AND(OR(D9="retain",D9=""),E9="statistical_results"),"","not_applicable") | I9: =IF(AND(OR(D9="retain",D9=""),E9="statistical_results"),"","not_applicable") | J9: =IF(AND(OR(D9="retain",D9=""),E9="statistical_results"),"","not_applicable") | K9: =IF(AND(OR(D9="retain",D9=""),OR(E9="report_internal_inconsistency",E9="plan_material")),"","not_applicable") | L9: =IF(AND(OR(D9="retain",D9=""),E9="protocol_report"),"","not_applicable") | R9: Exclude. The protocol times RFS/OS from starting supplementation; the article times them from randomization 'ie, time from starting the study medication' and states patients were randomized at the first postoperative outpatient visit and took study medication from that day. The article explicitly equates the two origins; no actual difference in time origin is shown.
A10: 2019::jama.2019.2210::C009 | B10: Table 2 hazard-ratio direction footnote is opposite the displayed outcome direction | C10: main article — PDF p. 4, p. 6, and p. 7. | D10: retain | E10: report_internal_inconsistency | F10: primary_done | G10: =IFERROR(IF(OR(NOT(EXACT(Setup!$B$4,"R_B")),Setup!$B$5<>2019),"CHECK SETUP",IF(OR(LEN(TRIM(CLEAN(SUBSTITUTE(Setup!$B$2,CHAR(160)," "))))=0,Setup!$B$2<>TRIM(CLEAN(SUBSTITUTE(Setup!$B$2,CHAR(160)," ")))),"CHECK REVIEWER ID",IF(OR(A10="",COUNTIF($A$2:$A$10,A10)<>1,LEFT(A10,LEN("2019::jama.2019.2210::"))<>"2019::jama.2019.2210::"),"CHECK KEY",IF(NOT(OR(EXACT(F10,"no"),EXACT(F10,"primary_done"),EXACT(F10,""))),"CHECK COMPLETE FLAG",IF(OR(D10="",E10=""),"MISSING D / E",IF(OR(NOT(OR(EXACT(D10,"retain"),EXACT(D10,"exclude"),EXACT(D10,"discuss"))),NOT(OR(EXACT(E10,"statistical_results"),EXACT(E10,"report_internal_inconsistency"),EXACT(E10,"plan_material"),EXACT(E10,"protocol_report")))),"INVALID D / E",IF(OR(AND(NOT(AND(D10="retain",E10="statistical_results")),H10<>"",NOT(EXACT(H10,"not_applicable"))),AND(NOT(AND(D10="retain",E10="statistical_results")),I10<>"",NOT(EXACT(I10,"not_applicable"))),AND(NOT(AND(D10="retain",E10="statistical_results")),J10<>"",NOT(EXACT(J10,"not_applicable"))),AND(NOT(AND(D10="retain",OR(E10="report_internal_inconsistency",E10="plan_material"))),K10<>"",NOT(EXACT(K10,"not_applicable"))),AND(NOT(AND(D10="retain",E10="protocol_report")),L10<>"",NOT(EXACT(L10,"not_applicable")))),"CLEAR INACTIVE VALUES",IF(OR(AND(AND(D10="retain",E10="statistical_results"),OR(H10="",EXACT(H10,"not_applicable"))),AND(AND(D10="retain",E10="statistical_results"),OR(I10="",EXACT(I10,"not_applicable"))),AND(AND(D10="retain",OR(E10="report_internal_inconsistency",E10="plan_material")),OR(K10="",EXACT(K10,"not_applicable")))),"MISSING REQUIRED JUDGMENT",IF(OR(AND(AND(D10="retain",E10="statistical_results"),H10<>"",NOT(OR(EXACT(H10,"confirmed_issue"),EXACT(H10,"probable_issue"),EXACT(H10,"not_issue"),EXACT(H10,"indeterminate")))),AND(AND(D10="retain",E10="statistical_results"),I10<>"",NOT(OR(EXACT(I10,"substantive"),EXACT(I10,"minor_presentation"),EXACT(I10,"indeterminate")))),AND(AND(D10="retain",E10="statistical_results"),J10<>"",NOT(OR(EXACT(J10,"direct"),EXACT(J10,"possible"),EXACT(J10,"unlikely"),EXACT(J10,"unknown")))),AND(AND(D10="retain",OR(E10="report_internal_inconsistency",E10="plan_material")),K10<>"",NOT(OR(EXACT(K10,"substantive_inconsistency"),EXACT(K10,"minor_presentation"),EXACT(K10,"non_inconsistency"),EXACT(K10,"indeterminate")))),AND(AND(D10="retain",E10="protocol_report"),L10<>"",NOT(OR(EXACT(L10,"substantive_difference"),EXACT(L10,"minor_presentation"),EXACT(L10,"version_timing"),EXACT(L10,"non_inconsistency"),EXACT(L10,"indeterminate"))))),"INVALID ACTIVE JUDGMENT",IF(F10<>"primary_done","PRIMARY DRAFT","PRIMARY READY")))))))))),"CHECK INPUT ERROR") | H10: =IF(AND(OR(D10="retain",D10=""),E10="statistical_results"),"","not_applicable") | I10: =IF(AND(OR(D10="retain",D10=""),E10="statistical_results"),"","not_applicable") | J10: =IF(AND(OR(D10="retain",D10=""),E10="statistical_results"),"","not_applicable") | K10: substantive_inconsistency | L10: =IF(AND(OR(D10="retain",D10=""),E10="protocol_report"),"","not_applicable") | R10: Confirmed. Table 2 footnote: 'HR values greater than 1 indicate that vitamin D ... was associated with a decreased probability of the outcome.' Elsewhere HR<1 means fewer events with vitamin D (relapse 41/251 vs 36/166, HR 0.75; middle-subgroup HR 0.44 described as lower with vitamin D). The footnote reverses the direction of the main subgroup results.

Sheet C_jama.2019.4755
A1: Candidate key | B1: Candidate title | C1: Source location | D1: Disposition | E1: Review domain (AI suggestion; editable) | F1: Complete | G1: Validation hint | H1: Statistical/numerical issue | I1: Substantiveness | J1: Downstream impact | K1: Report-internal or planning-material inconsistency | L1: Protocol interpretation | R1: Notes (optional)
A2: 2019::jama.2019.4755::C001 | B2: Women’s quantitative 10.2 µg Hb/g PPV difference point estimate is absent | C2: joi190039supp3_prod.pdf — PDF p. 7, DOC-004 eTable 5, Women/Quantitative/10.2, Difference in PPV; comparator joi190039supp3_prod.pdf — PDF p. 6, DOC-004 eTable 4, same population, test, cutoff, day, and per-protocol analysis. | D2: retain | E2: statistical_results | F2: primary_done | G2: =IFERROR(IF(OR(NOT(EXACT(Setup!$B$4,"R_B")),Setup!$B$5<>2019),"CHECK SETUP",IF(OR(LEN(TRIM(CLEAN(SUBSTITUTE(Setup!$B$2,CHAR(160)," "))))=0,Setup!$B$2<>TRIM(CLEAN(SUBSTITUTE(Setup!$B$2,CHAR(160)," ")))),"CHECK REVIEWER ID",IF(OR(A2="",COUNTIF($A$2:$A$6,A2)<>1,LEFT(A2,LEN("2019::jama.2019.4755::"))<>"2019::jama.2019.4755::"),"CHECK KEY",IF(NOT(OR(EXACT(F2,"no"),EXACT(F2,"primary_done"),EXACT(F2,""))),"CHECK COMPLETE FLAG",IF(OR(D2="",E2=""),"MISSING D / E",IF(OR(NOT(OR(EXACT(D2,"retain"),EXACT(D2,"exclude"),EXACT(D2,"discuss"))),NOT(OR(EXACT(E2,"statistical_results"),EXACT(E2,"report_internal_inconsistency"),EXACT(E2,"plan_material"),EXACT(E2,"protocol_report")))),"INVALID D / E",IF(OR(AND(NOT(AND(D2="retain",E2="statistical_results")),H2<>"",NOT(EXACT(H2,"not_applicable"))),AND(NOT(AND(D2="retain",E2="statistical_results")),I2<>"",NOT(EXACT(I2,"not_applicable"))),AND(NOT(AND(D2="retain",E2="statistical_results")),J2<>"",NOT(EXACT(J2,"not_applicable"))),AND(NOT(AND(D2="retain",OR(E2="report_internal_inconsistency",E2="plan_material"))),K2<>"",NOT(EXACT(K2,"not_applicable"))),AND(NOT(AND(D2="retain",E2="protocol_report")),L2<>"",NOT(EXACT(L2,"not_applicable")))),"CLEAR INACTIVE VALUES",IF(OR(AND(AND(D2="retain",E2="statistical_results"),OR(H2="",EXACT(H2,"not_applicable"))),AND(AND(D2="retain",E2="statistical_results"),OR(I2="",EXACT(I2,"not_applicable"))),AND(AND(D2="retain",OR(E2="report_internal_inconsistency",E2="plan_material")),OR(K2="",EXACT(K2,"not_applicable")))),"MISSING REQUIRED JUDGMENT",IF(OR(AND(AND(D2="retain",E2="statistical_results"),H2<>"",NOT(OR(EXACT(H2,"confirmed_issue"),EXACT(H2,"probable_issue"),EXACT(H2,"not_issue"),EXACT(H2,"indeterminate")))),AND(AND(D2="retain",E2="statistical_results"),I2<>"",NOT(OR(EXACT(I2,"substantive"),EXACT(I2,"minor_presentation"),EXACT(I2,"indeterminate")))),AND(AND(D2="retain",E2="statistical_results"),J2<>"",NOT(OR(EXACT(J2,"direct"),EXACT(J2,"possible"),EXACT(J2,"unlikely"),EXACT(J2,"unknown")))),AND(AND(D2="retain",OR(E2="report_internal_inconsistency",E2="plan_material")),K2<>"",NOT(OR(EXACT(K2,"substantive_inconsistency"),EXACT(K2,"minor_presentation"),EXACT(K2,"non_inconsistency"),EXACT(K2,"indeterminate")))),AND(AND(D2="retain",E2="protocol_report"),L2<>"",NOT(OR(EXACT(L2,"substantive_difference"),EXACT(L2,"minor_presentation"),EXACT(L2,"version_timing"),EXACT(L2,"non_inconsistency"),EXACT(L2,"indeterminate"))))),"INVALID ACTIVE JUDGMENT",IF(F2<>"primary_done","PRIMARY DRAFT","PRIMARY READY")))))))))),"CHECK INPUT ERROR") | H2: confirmed_issue | I2: minor_presentation | J2: possible | K2: =IF(AND(OR(D2="retain",D2=""),OR(E2="report_internal_inconsistency",E2="plan_material")),"","not_applicable") | L2: =IF(AND(OR(D2="retain",D2=""),E2="protocol_report"),"","not_applicable") | R2: Confirmed. eTable 5, women, quantitative FIT 10.2: the PPV-difference point estimate shows only '-' with CI [-34.7, -1.3]. From eTable 4, aspirin 11/(11+58)=15.9% and placebo 14/(14+27)=34.1%, difference -18.2 pp. All three missing women's values are two-digit negatives, which suggests clipping in a narrow column. Recoverable from the arm PPVs.
A3: 2019::jama.2019.4755::C002 | B3: Women’s quantitative 17.0 µg Hb/g PPV difference point estimate is absent | C3: joi190039supp3_prod.pdf — PDF p. 7, DOC-004 eTable 5, Women/Quantitative/17.0, Difference in PPV; comparator joi190039supp3_prod.pdf — PDF p. 6, DOC-004 eTable 4, same population, test, cutoff, day, and per-protocol analysis. | D3: retain | E3: statistical_results | F3: primary_done | G3: =IFERROR(IF(OR(NOT(EXACT(Setup!$B$4,"R_B")),Setup!$B$5<>2019),"CHECK SETUP",IF(OR(LEN(TRIM(CLEAN(SUBSTITUTE(Setup!$B$2,CHAR(160)," "))))=0,Setup!$B$2<>TRIM(CLEAN(SUBSTITUTE(Setup!$B$2,CHAR(160)," ")))),"CHECK REVIEWER ID",IF(OR(A3="",COUNTIF($A$2:$A$6,A3)<>1,LEFT(A3,LEN("2019::jama.2019.4755::"))<>"2019::jama.2019.4755::"),"CHECK KEY",IF(NOT(OR(EXACT(F3,"no"),EXACT(F3,"primary_done"),EXACT(F3,""))),"CHECK COMPLETE FLAG",IF(OR(D3="",E3=""),"MISSING D / E",IF(OR(NOT(OR(EXACT(D3,"retain"),EXACT(D3,"exclude"),EXACT(D3,"discuss"))),NOT(OR(EXACT(E3,"statistical_results"),EXACT(E3,"report_internal_inconsistency"),EXACT(E3,"plan_material"),EXACT(E3,"protocol_report")))),"INVALID D / E",IF(OR(AND(NOT(AND(D3="retain",E3="statistical_results")),H3<>"",NOT(EXACT(H3,"not_applicable"))),AND(NOT(AND(D3="retain",E3="statistical_results")),I3<>"",NOT(EXACT(I3,"not_applicable"))),AND(NOT(AND(D3="retain",E3="statistical_results")),J3<>"",NOT(EXACT(J3,"not_applicable"))),AND(NOT(AND(D3="retain",OR(E3="report_internal_inconsistency",E3="plan_material"))),K3<>"",NOT(EXACT(K3,"not_applicable"))),AND(NOT(AND(D3="retain",E3="protocol_report")),L3<>"",NOT(EXACT(L3,"not_applicable")))),"CLEAR INACTIVE VALUES",IF(OR(AND(AND(D3="retain",E3="statistical_results"),OR(H3="",EXACT(H3,"not_applicable"))),AND(AND(D3="retain",E3="statistical_results"),OR(I3="",EXACT(I3,"not_applicable"))),AND(AND(D3="retain",OR(E3="report_internal_inconsistency",E3="plan_material")),OR(K3="",EXACT(K3,"not_applicable")))),"MISSING REQUIRED JUDGMENT",IF(OR(AND(AND(D3="retain",E3="statistical_results"),H3<>"",NOT(OR(EXACT(H3,"confirmed_issue"),EXACT(H3,"probable_issue"),EXACT(H3,"not_issue"),EXACT(H3,"indeterminate")))),AND(AND(D3="retain",E3="statistical_results"),I3<>"",NOT(OR(EXACT(I3,"substantive"),EXACT(I3,"minor_presentation"),EXACT(I3,"indeterminate")))),AND(AND(D3="retain",E3="statistical_results"),J3<>"",NOT(OR(EXACT(J3,"direct"),EXACT(J3,"possible"),EXACT(J3,"unlikely"),EXACT(J3,"unknown")))),AND(AND(D3="retain",OR(E3="report_internal_inconsistency",E3="plan_material")),K3<>"",NOT(OR(EXACT(K3,"substantive_inconsistency"),EXACT(K3,"minor_presentation"),EXACT(K3,"non_inconsistency"),EXACT(K3,"indeterminate")))),AND(AND(D3="retain",E3="protocol_report"),L3<>"",NOT(OR(EXACT(L3,"substantive_difference"),EXACT(L3,"minor_presentation"),EXACT(L3,"version_timing"),EXACT(L3,"non_inconsistency"),EXACT(L3,"indeterminate"))))),"INVALID ACTIVE JUDGMENT",IF(F3<>"primary_done","PRIMARY DRAFT","PRIMARY READY")))))))))),"CHECK INPUT ERROR") | H3: confirmed_issue | I3: minor_presentation | J3: possible | K3: =IF(AND(OR(D3="retain",D3=""),OR(E3="report_internal_inconsistency",E3="plan_material")),"","not_applicable") | L3: =IF(AND(OR(D3="retain",D3=""),E3="protocol_report"),"","not_applicable") | R3: Confirmed. eTable 5, women, quantitative FIT 17.0: the PPV-difference point estimate shows only '-' with CI [-48.4, -0.7]. From eTable 4, aspirin 6/35 = 17.1% and placebo 9/21 = 42.9%; difference -25.7 pp (count-based; -25.8 from the rounded PPVs). Same apparent clipping defect as C001; recoverable from the arm values.
