Workbook

Sheet Setup
A1: Field | B1: Value
A2: reviewerId | B2: BulunTe
A3: reviewerName (optional)
A4: reviewerRole | B4: R_B
A5: year | B5: 2018

Sheet Checks
A1: Check | B1: Result
A2: Reviewer role | B2: =Setup!B4
A3: Candidates | B3: 119
A4: Primary ready rows | B4: =COUNTIF('C_jama.2017.21906'!$G$2:$G$7,"PRIMARY READY")+COUNTIF('C_jama.2018.0156'!$G$2:$G$9,"PRIMARY READY")+COUNTIF('C_jama.2018.0948'!$G$2:$G$8,"PRIMARY READY")+COUNTIF('C_jama.2018.14280'!$G$2:$G$24,"PRIMARY READY")+COUNTIF('C_jama.2018.14282'!$G$2:$G$29,"PRIMARY READY")+COUNTIF('C_jama.2018.17075'!$G$2:$G$9,"PRIMARY READY")+COUNTIF('C_jama.2018.18020'!$G$2:$G$15,"PRIMARY READY")+COUNTIF('C_jama.2018.6496'!$G$2:$G$5,"PRIMARY READY")+COUNTIF('C_jama.2018.8802'!$G$2:$G$9,"PRIMARY READY")+COUNTIF('C_jama.2018.9128'!$G$2:$G$14,"PRIMARY READY")
A5: Discuss / unresolved rows | B5: =COUNTIF('C_jama.2017.21906'!$D$2:$D$7,"discuss")+COUNTIF('C_jama.2018.0156'!$D$2:$D$9,"discuss")+COUNTIF('C_jama.2018.0948'!$D$2:$D$8,"discuss")+COUNTIF('C_jama.2018.14280'!$D$2:$D$24,"discuss")+COUNTIF('C_jama.2018.14282'!$D$2:$D$29,"discuss")+COUNTIF('C_jama.2018.17075'!$D$2:$D$9,"discuss")+COUNTIF('C_jama.2018.18020'!$D$2:$D$15,"discuss")+COUNTIF('C_jama.2018.6496'!$D$2:$D$5,"discuss")+COUNTIF('C_jama.2018.8802'!$D$2:$D$9,"discuss")+COUNTIF('C_jama.2018.9128'!$D$2:$D$14,"discuss")
A6: Unfinished rows | B6: =B3-B4
A7: Workflow status | B7: =IF(B4=B3,"PRIMARY READY","ACTION NEEDED")
A8: Meaning | B8: PRIMARY READY means independent entry is complete. Discuss remains unresolved and is not counted as absence of error.
A9: Next action | B9: Inspect G on the C_ sheets. Save and deliver this file after review.

Sheet Papers
A1: Paper | B1: Review worksheet | C1: Candidates
A2: jama.2017.21906 | B2: C_jama.2017.21906 | C2: 6
A3: jama.2018.0156 | B3: C_jama.2018.0156 | C3: 8
A4: jama.2018.0948 | B4: C_jama.2018.0948 | C4: 7
A5: jama.2018.14280 | B5: C_jama.2018.14280 | C5: 23
A6: jama.2018.14282 | B6: C_jama.2018.14282 | C6: 28
A7: jama.2018.17075 | B7: C_jama.2018.17075 | C7: 8
A8: jama.2018.18020 | B8: C_jama.2018.18020 | C8: 14
A9: jama.2018.6496 | B9: C_jama.2018.6496 | C9: 4
A10: jama.2018.8802 | B10: C_jama.2018.8802 | C10: 8
A11: jama.2018.9128 | B11: C_jama.2018.9128 | C11: 13

Sheet C_jama.2017.21906
A1: Candidate key | B1: Candidate title | C1: Source location | D1: Disposition | E1: Review domain (AI suggestion; editable) | F1: Complete | G1: Validation hint | H1: Statistcal_or_numerical issue | I1: Substantiveness | J1: Downstream impact | K1: Report-internal or planning-material inconsistency | L1: Protocol interpretation | R1: Notes (optional)
A2: 2018::jama.2017.21906::C001 | B2: In-hospital beta-blocker adjusted-risk-difference CI endpoint differs between Table 2 and narrative | C2: Main article — PDF p. 6, Table 2 In-hospital β-blocker row and adjacent Results narrative. | D2: retain | E2: statistical_results | F2: primary_done | G2: =IFERROR(IF(LEN(TRIM(CLEAN(SUBSTITUTE(Setup!$B$2,CHAR(160)," "))))=0,"CHECK REVIEWER ID",IF(OR(A2="",COUNTIF($A$2:$A$7,A2)<>1,LEFT(A2,LEN("2018::jama.2017.21906::"))<>"2018::jama.2017.21906::"),"CHECK KEY",IF(OR(AND(NOT(AND(D2="retain",E2="statistical_results")),H2<>"",NOT(EXACT(H2,"not_applicable"))),AND(NOT(AND(D2="retain",E2="statistical_results")),I2<>"",NOT(EXACT(I2,"not_applicable"))),AND(NOT(AND(D2="retain",E2="statistical_results")),J2<>"",NOT(EXACT(J2,"not_applicable"))),AND(NOT(AND(D2="retain",OR(E2="report_internal_inconsistency",E2="plan_material"))),K2<>"",NOT(EXACT(K2,"not_applicable"))),AND(NOT(AND(D2="retain",E2="protocol_report")),L2<>"",NOT(EXACT(L2,"not_applicable")))),"CLEAR INACTIVE VALUES",IF(OR(NOT(OR(EXACT(D2,"retain"),EXACT(D2,"exclude"),EXACT(D2,"discuss"))),NOT(OR(EXACT(E2,"statistical_results"),EXACT(E2,"report_internal_inconsistency"),EXACT(E2,"plan_material"),EXACT(E2,"protocol_report"))),AND(AND(D2="retain",E2="statistical_results"),NOT(OR(EXACT(H2,"confirmed_issue"),EXACT(H2,"probable_issue"),EXACT(H2,"not_issue"),EXACT(H2,"indeterminate")))),AND(AND(D2="retain",E2="statistical_results"),NOT(OR(EXACT(I2,"substantive"),EXACT(I2,"minor_presentation"),EXACT(I2,"indeterminate")))),AND(AND(D2="retain",E2="statistical_results"),J2<>"",NOT(OR(EXACT(J2,"direct"),EXACT(J2,"possible"),EXACT(J2,"unlikely"),EXACT(J2,"unknown")))),AND(AND(D2="retain",OR(E2="report_internal_inconsistency",E2="plan_material")),NOT(OR(EXACT(K2,"substantive_inconsistency"),EXACT(K2,"minor_presentation"),EXACT(K2,"non_inconsistency"),EXACT(K2,"indeterminate")))),AND(AND(D2="retain",E2="protocol_report"),L2<>"",NOT(OR(EXACT(L2,"substantive_difference"),EXACT(L2,"minor_presentation"),EXACT(L2,"version_timing"),EXACT(L2,"non_inconsistency"),EXACT(L2,"indeterminate"))))),"CHECK FIELDS",IF(AND(F2<>"",NOT(OR(EXACT(F2,"no"),EXACT(F2,"primary_done")))),"CHECK COMPLETE",IF(EXACT(F2,"primary_done"),"PRIMARY READY","PRIMARY DRAFT")))))),"CHECK INPUT / KEY") | H2: confirmed_issue | I2: minor_presentation | J2: direct | K2: =IF(AND(OR(D2="retain",D2=""),OR(E2="report_internal_inconsistency",E2="plan_material")),"","not_applicable") | L2: =IF(AND(OR(D2="retain",D2=""),E2="protocol_report"),"","not_applicable") | R2: Confirmed: Table 2 gives in-hospital beta-blocker adjusted RD 6.25% (4.10 to 8.40); narrative p.6 gives 4.10%-8.10%. Table CI is symmetric about 6.25 (midpoint 6.25), narrative CI is not (midpoint 6.10), so the narrative endpoint is the error. Inference unchanged (both exclude 0); a reader extracting from the text gets a wrong bound.
A3: 2018::jama.2017.21906::C002 | B3: Discharge beta-blocker adjusted point estimates differ between Table 2 and narrative | C3: Main article — PDF p. 6, Table 2 Discharge β-blocker row; Main article — PDF p. 7, Results narrative. | D3: retain | E3: statistical_results | F3: primary_done | G3: =IFERROR(IF(LEN(TRIM(CLEAN(SUBSTITUTE(Setup!$B$2,CHAR(160)," "))))=0,"CHECK REVIEWER ID",IF(OR(A3="",COUNTIF($A$2:$A$7,A3)<>1,LEFT(A3,LEN("2018::jama.2017.21906::"))<>"2018::jama.2017.21906::"),"CHECK KEY",IF(OR(AND(NOT(AND(D3="retain",E3="statistical_results")),H3<>"",NOT(EXACT(H3,"not_applicable"))),AND(NOT(AND(D3="retain",E3="statistical_results")),I3<>"",NOT(EXACT(I3,"not_applicable"))),AND(NOT(AND(D3="retain",E3="statistical_results")),J3<>"",NOT(EXACT(J3,"not_applicable"))),AND(NOT(AND(D3="retain",OR(E3="report_internal_inconsistency",E3="plan_material"))),K3<>"",NOT(EXACT(K3,"not_applicable"))),AND(NOT(AND(D3="retain",E3="protocol_report")),L3<>"",NOT(EXACT(L3,"not_applicable")))),"CLEAR INACTIVE VALUES",IF(OR(NOT(OR(EXACT(D3,"retain"),EXACT(D3,"exclude"),EXACT(D3,"discuss"))),NOT(OR(EXACT(E3,"statistical_results"),EXACT(E3,"report_internal_inconsistency"),EXACT(E3,"plan_material"),EXACT(E3,"protocol_report"))),AND(AND(D3="retain",E3="statistical_results"),NOT(OR(EXACT(H3,"confirmed_issue"),EXACT(H3,"probable_issue"),EXACT(H3,"not_issue"),EXACT(H3,"indeterminate")))),AND(AND(D3="retain",E3="statistical_results"),NOT(OR(EXACT(I3,"substantive"),EXACT(I3,"minor_presentation"),EXACT(I3,"indeterminate")))),AND(AND(D3="retain",E3="statistical_results"),J3<>"",NOT(OR(EXACT(J3,"direct"),EXACT(J3,"possible"),EXACT(J3,"unlikely"),EXACT(J3,"unknown")))),AND(AND(D3="retain",OR(E3="report_internal_inconsistency",E3="plan_material")),NOT(OR(EXACT(K3,"substantive_inconsistency"),EXACT(K3,"minor_presentation"),EXACT(K3,"non_inconsistency"),EXACT(K3,"indeterminate")))),AND(AND(D3="retain",E3="protocol_report"),L3<>"",NOT(OR(EXACT(L3,"substantive_difference"),EXACT(L3,"minor_presentation"),EXACT(L3,"version_timing"),EXACT(L3,"non_inconsistency"),EXACT(L3,"indeterminate"))))),"CHECK FIELDS",IF(AND(F3<>"",NOT(OR(EXACT(F3,"no"),EXACT(F3,"primary_done")))),"CHECK COMPLETE",IF(EXACT(F3,"primary_done"),"PRIMARY READY","PRIMARY DRAFT")))))),"CHECK INPUT / KEY") | H3: confirmed_issue | I3: minor_presentation | J3: direct | K3: =IF(AND(OR(D3="retain",D3=""),OR(E3="report_internal_inconsistency",E3="plan_material")),"","not_applicable") | L3: =IF(AND(OR(D3="retain",D3=""),E3="protocol_report"),"","not_applicable") | R3: Confirmed: Table 2 discharge beta-blocker RD 6.69% (4.43 to 8.95), OR 1.48 (1.30-1.68); narrative p.7 RD 6.63%, OR 1.47 with identical CIs. Symmetric-CI midpoint (4.43+8.95)/2 = 6.69 supports the table; narrative RD is a typo. OR geometric midpoint 1.478 is compatible with either rounding. Small, does not change interpretation. Domain changed to statistical_results.
A4: 2018::jama.2017.21906::C003 | B4: eTable 1 difference footnote names groups not displayed in the table | C4: Online supplement — PDF p. 17, eTable 1 title, headers, values, and footnote a. | D4: retain | E4: report_internal_inconsistency | F4: primary_done | G4: =IFERROR(IF(LEN(TRIM(CLEAN(SUBSTITUTE(Setup!$B$2,CHAR(160)," "))))=0,"CHECK REVIEWER ID",IF(OR(A4="",COUNTIF($A$2:$A$7,A4)<>1,LEFT(A4,LEN("2018::jama.2017.21906::"))<>"2018::jama.2017.21906::"),"CHECK KEY",IF(OR(AND(NOT(AND(D4="retain",E4="statistical_results")),H4<>"",NOT(EXACT(H4,"not_applicable"))),AND(NOT(AND(D4="retain",E4="statistical_results")),I4<>"",NOT(EXACT(I4,"not_applicable"))),AND(NOT(AND(D4="retain",E4="statistical_results")),J4<>"",NOT(EXACT(J4,"not_applicable"))),AND(NOT(AND(D4="retain",OR(E4="report_internal_inconsistency",E4="plan_material"))),K4<>"",NOT(EXACT(K4,"not_applicable"))),AND(NOT(AND(D4="retain",E4="protocol_report")),L4<>"",NOT(EXACT(L4,"not_applicable")))),"CLEAR INACTIVE VALUES",IF(OR(NOT(OR(EXACT(D4,"retain"),EXACT(D4,"exclude"),EXACT(D4,"discuss"))),NOT(OR(EXACT(E4,"statistical_results"),EXACT(E4,"report_internal_inconsistency"),EXACT(E4,"plan_material"),EXACT(E4,"protocol_report"))),AND(AND(D4="retain",E4="statistical_results"),NOT(OR(EXACT(H4,"confirmed_issue"),EXACT(H4,"probable_issue"),EXACT(H4,"not_issue"),EXACT(H4,"indeterminate")))),AND(AND(D4="retain",E4="statistical_results"),NOT(OR(EXACT(I4,"substantive"),EXACT(I4,"minor_presentation"),EXACT(I4,"indeterminate")))),AND(AND(D4="retain",E4="statistical_results"),J4<>"",NOT(OR(EXACT(J4,"direct"),EXACT(J4,"possible"),EXACT(J4,"unlikely"),EXACT(J4,"unknown")))),AND(AND(D4="retain",OR(E4="report_internal_inconsistency",E4="plan_material")),NOT(OR(EXACT(K4,"substantive_inconsistency"),EXACT(K4,"minor_presentation"),EXACT(K4,"non_inconsistency"),EXACT(K4,"indeterminate")))),AND(AND(D4="retain",E4="protocol_report"),L4<>"",NOT(OR(EXACT(L4,"substantive_difference"),EXACT(L4,"minor_presentation"),EXACT(L4,"version_timing"),EXACT(L4,"non_inconsistency"),EXACT(L4,"indeterminate"))))),"CHECK FIELDS",IF(AND(F4<>"",NOT(OR(EXACT(F4,"no"),EXACT(F4,"primary_done")))),"CHECK COMPLETE",IF(EXACT(F4,"primary_done"),"PRIMARY READY","PRIMARY DRAFT")))))),"CHECK INPUT / KEY") | H4: =IF(AND(OR(D4="retain",D4=""),E4="statistical_results"),"","not_applicable") | I4: =IF(AND(OR(D4="retain",D4=""),E4="statistical_results"),"","not_applicable") | J4: =IF(AND(OR(D4="retain",D4=""),E4="statistical_results"),"","not_applicable") | K4: minor_presentation | L4: =IF(AND(OR(D4="retain",D4=""),E4="protocol_report"),"","not_applicable") | R4: Real labeling error: eTable 1 compares complete (n=21079) vs missing follow-up (n=295), but footnote a says Difference = intervention minus control. Every row matches missing minus complete (e.g., age 60.0-60.6 = -0.6; tobacco 42.4-30.8 = 11.6; heart rate 82.9-79.9 = 3.0), so the intended contrast is recoverable. Carry-over footnote; minor.
A5: 2018::jama.2017.21906::C004 | B5: Reported prespecified age-subgroup boundaries differ from the supplied SAP | C5: SAP — PDF p. 7, section 7.5.2; main article — PDF p. 3, Statistical Analysis; main article — PDF p. 9, Figure 3 and adjacent Results narrative. | D5: retain | E5: protocol_report | F5: primary_done | G5: =IFERROR(IF(LEN(TRIM(CLEAN(SUBSTITUTE(Setup!$B$2,CHAR(160)," "))))=0,"CHECK REVIEWER ID",IF(OR(A5="",COUNTIF($A$2:$A$7,A5)<>1,LEFT(A5,LEN("2018::jama.2017.21906::"))<>"2018::jama.2017.21906::"),"CHECK KEY",IF(OR(AND(NOT(AND(D5="retain",E5="statistical_results")),H5<>"",NOT(EXACT(H5,"not_applicable"))),AND(NOT(AND(D5="retain",E5="statistical_results")),I5<>"",NOT(EXACT(I5,"not_applicable"))),AND(NOT(AND(D5="retain",E5="statistical_results")),J5<>"",NOT(EXACT(J5,"not_applicable"))),AND(NOT(AND(D5="retain",OR(E5="report_internal_inconsistency",E5="plan_material"))),K5<>"",NOT(EXACT(K5,"not_applicable"))),AND(NOT(AND(D5="retain",E5="protocol_report")),L5<>"",NOT(EXACT(L5,"not_applicable")))),"CLEAR INACTIVE VALUES",IF(OR(NOT(OR(EXACT(D5,"retain"),EXACT(D5,"exclude"),EXACT(D5,"discuss"))),NOT(OR(EXACT(E5,"statistical_results"),EXACT(E5,"report_internal_inconsistency"),EXACT(E5,"plan_material"),EXACT(E5,"protocol_report"))),AND(AND(D5="retain",E5="statistical_results"),NOT(OR(EXACT(H5,"confirmed_issue"),EXACT(H5,"probable_issue"),EXACT(H5,"not_issue"),EXACT(H5,"indeterminate")))),AND(AND(D5="retain",E5="statistical_results"),NOT(OR(EXACT(I5,"substantive"),EXACT(I5,"minor_presentation"),EXACT(I5,"indeterminate")))),AND(AND(D5="retain",E5="statistical_results"),J5<>"",NOT(OR(EXACT(J5,"direct"),EXACT(J5,"possible"),EXACT(J5,"unlikely"),EXACT(J5,"unknown")))),AND(AND(D5="retain",OR(E5="report_internal_inconsistency",E5="plan_material")),NOT(OR(EXACT(K5,"substantive_inconsistency"),EXACT(K5,"minor_presentation"),EXACT(K5,"non_inconsistency"),EXACT(K5,"indeterminate")))),AND(AND(D5="retain",E5="protocol_report"),L5<>"",NOT(OR(EXACT(L5,"substantive_difference"),EXACT(L5,"minor_presentation"),EXACT(L5,"version_timing"),EXACT(L5,"non_inconsistency"),EXACT(L5,"indeterminate"))))),"CHECK FIELDS",IF(AND(F5<>"",NOT(OR(EXACT(F5,"no"),EXACT(F5,"primary_done")))),"CHECK COMPLETE",IF(EXACT(F5,"primary_done"),"PRIMARY READY","PRIMARY DRAFT")))))),"CHECK INPUT / KEY") | H5: =IF(AND(OR(D5="retain",D5=""),E5="statistical_results"),"","not_applicable") | I5: =IF(AND(OR(D5="retain",D5=""),E5="statistical_results"),"","not_applicable") | J5: =IF(AND(OR(D5="retain",D5=""),E5="statistical_results"),"","not_applicable") | K5: =IF(AND(OR(D5="retain",D5=""),OR(E5="report_internal_inconsistency",E5="plan_material")),"","not_applicable") | L5: substantive_difference | R5: SAP (17 June 2015) section 7.5.2 lists a priori age subgroups <65 and >65 y; the article calls its Figure 3 subgroups prespecified but shows age <50, 50-69 and >=70. Different number of groups and cutpoints for a subgroup labeled prespecified. The protocol (22 Sep 2014) gives no subgroup list. Descriptive difference; no record of an amendment supplied.
A6: 2018::jama.2017.21906::C005 | B6: The named optimal in-hospital medication composite uses different component labels across final-result tables | C6: Main article — PDF p. 3, Outcomes; main article — PDF p. 7, Table 3 footnote c; online supplement — PDF p. 21, eTable 5 footnote c; online supplement — PDF p. 22, eTable 6 footnote b. | D6: retain | E6: report_internal_inconsistency | F6: primary_done | G6: =IFERROR(IF(LEN(TRIM(CLEAN(SUBSTITUTE(Setup!$B$2,CHAR(160)," "))))=0,"CHECK REVIEWER ID",IF(OR(A6="",COUNTIF($A$2:$A$7,A6)<>1,LEFT(A6,LEN("2018::jama.2017.21906::"))<>"2018::jama.2017.21906::"),"CHECK KEY",IF(OR(AND(NOT(AND(D6="retain",E6="statistical_results")),H6<>"",NOT(EXACT(H6,"not_applicable"))),AND(NOT(AND(D6="retain",E6="statistical_results")),I6<>"",NOT(EXACT(I6,"not_applicable"))),AND(NOT(AND(D6="retain",E6="statistical_results")),J6<>"",NOT(EXACT(J6,"not_applicable"))),AND(NOT(AND(D6="retain",OR(E6="report_internal_inconsistency",E6="plan_material"))),K6<>"",NOT(EXACT(K6,"not_applicable"))),AND(NOT(AND(D6="retain",E6="protocol_report")),L6<>"",NOT(EXACT(L6,"not_applicable")))),"CLEAR INACTIVE VALUES",IF(OR(NOT(OR(EXACT(D6,"retain"),EXACT(D6,"exclude"),EXACT(D6,"discuss"))),NOT(OR(EXACT(E6,"statistical_results"),EXACT(E6,"report_internal_inconsistency"),EXACT(E6,"plan_material"),EXACT(E6,"protocol_report"))),AND(AND(D6="retain",E6="statistical_results"),NOT(OR(EXACT(H6,"confirmed_issue"),EXACT(H6,"probable_issue"),EXACT(H6,"not_issue"),EXACT(H6,"indeterminate")))),AND(AND(D6="retain",E6="statistical_results"),NOT(OR(EXACT(I6,"substantive"),EXACT(I6,"minor_presentation"),EXACT(I6,"indeterminate")))),AND(AND(D6="retain",E6="statistical_results"),J6<>"",NOT(OR(EXACT(J6,"direct"),EXACT(J6,"possible"),EXACT(J6,"unlikely"),EXACT(J6,"unknown")))),AND(AND(D6="retain",OR(E6="report_internal_inconsistency",E6="plan_material")),NOT(OR(EXACT(K6,"substantive_inconsistency"),EXACT(K6,"minor_presentation"),EXACT(K6,"non_inconsistency"),EXACT(K6,"indeterminate")))),AND(AND(D6="retain",E6="protocol_report"),L6<>"",NOT(OR(EXACT(L6,"substantive_difference"),EXACT(L6,"minor_presentation"),EXACT(L6,"version_timing"),EXACT(L6,"non_inconsistency"),EXACT(L6,"indeterminate"))))),"CHECK FIELDS",IF(AND(F6<>"",NOT(OR(EXACT(F6,"no"),EXACT(F6,"primary_done")))),"CHECK COMPLETE",IF(EXACT(F6,"primary_done"),"PRIMARY READY","PRIMARY DRAFT")))))),"CHECK INPUT / KEY") | H6: =IF(AND(OR(D6="retain",D6=""),E6="statistical_results"),"","not_applicable") | I6: =IF(AND(OR(D6="retain",D6=""),E6="statistical_results"),"","not_applicable") | J6: =IF(AND(OR(D6="retain",D6=""),E6="statistical_results"),"","not_applicable") | K6: minor_presentation | L6: =IF(AND(OR(D6="retain",D6=""),E6="protocol_report"),"","not_applicable") | R6: Real label mismatch: article Outcomes, Table 3 note c and eTable 5 note c define optimal in-hospital medication with 'anticoagulant'; eTable 6 note b says 'heparin' (as does the SAP). Likely a carried-over SAP footnote; the main article definition is clear. Whether non-heparin anticoagulants were counted is not shown, but I judge this minor rather than substantive as the AI proposed.
A7: 2018::jama.2017.21906::C006 | B7: Hospital-type subgroup is reported as prespecified but is absent from the supplied SAP subgroup list | C7: Main article — PDF p. 3, Statistical Analysis; main article — PDF p. 9, Figure 3 and adjacent Results narrative; SAP — PDF p. 7, section 7.5.2. | D7: retain | E7: protocol_report | F7: primary_done | G7: =IFERROR(IF(LEN(TRIM(CLEAN(SUBSTITUTE(Setup!$B$2,CHAR(160)," "))))=0,"CHECK REVIEWER ID",IF(OR(A7="",COUNTIF($A$2:$A$7,A7)<>1,LEFT(A7,LEN("2018::jama.2017.21906::"))<>"2018::jama.2017.21906::"),"CHECK KEY",IF(OR(AND(NOT(AND(D7="retain",E7="statistical_results")),H7<>"",NOT(EXACT(H7,"not_applicable"))),AND(NOT(AND(D7="retain",E7="statistical_results")),I7<>"",NOT(EXACT(I7,"not_applicable"))),AND(NOT(AND(D7="retain",E7="statistical_results")),J7<>"",NOT(EXACT(J7,"not_applicable"))),AND(NOT(AND(D7="retain",OR(E7="report_internal_inconsistency",E7="plan_material"))),K7<>"",NOT(EXACT(K7,"not_applicable"))),AND(NOT(AND(D7="retain",E7="protocol_report")),L7<>"",NOT(EXACT(L7,"not_applicable")))),"CLEAR INACTIVE VALUES",IF(OR(NOT(OR(EXACT(D7,"retain"),EXACT(D7,"exclude"),EXACT(D7,"discuss"))),NOT(OR(EXACT(E7,"statistical_results"),EXACT(E7,"report_internal_inconsistency"),EXACT(E7,"plan_material"),EXACT(E7,"protocol_report"))),AND(AND(D7="retain",E7="statistical_results"),NOT(OR(EXACT(H7,"confirmed_issue"),EXACT(H7,"probable_issue"),EXACT(H7,"not_issue"),EXACT(H7,"indeterminate")))),AND(AND(D7="retain",E7="statistical_results"),NOT(OR(EXACT(I7,"substantive"),EXACT(I7,"minor_presentation"),EXACT(I7,"indeterminate")))),AND(AND(D7="retain",E7="statistical_results"),J7<>"",NOT(OR(EXACT(J7,"direct"),EXACT(J7,"possible"),EXACT(J7,"unlikely"),EXACT(J7,"unknown")))),AND(AND(D7="retain",OR(E7="report_internal_inconsistency",E7="plan_material")),NOT(OR(EXACT(K7,"substantive_inconsistency"),EXACT(K7,"minor_presentation"),EXACT(K7,"non_inconsistency"),EXACT(K7,"indeterminate")))),AND(AND(D7="retain",E7="protocol_report"),L7<>"",NOT(OR(EXACT(L7,"substantive_difference"),EXACT(L7,"minor_presentation"),EXACT(L7,"version_timing"),EXACT(L7,"non_inconsistency"),EXACT(L7,"indeterminate"))))),"CHECK FIELDS",IF(AND(F7<>"",NOT(OR(EXACT(F7,"no"),EXACT(F7,"primary_done")))),"CHECK COMPLETE",IF(EXACT(F7,"primary_done"),"PRIMARY READY","PRIMARY DRAFT")))))),"CHECK INPUT / KEY") | H7: =IF(AND(OR(D7="retain",D7=""),E7="statistical_results"),"","not_applicable") | I7: =IF(AND(OR(D7="retain",D7=""),E7="statistical_results"),"","not_applicable") | J7: =IF(AND(OR(D7="retain",D7=""),E7="statistical_results"),"","not_applicable") | K7: =IF(AND(OR(D7="retain",D7=""),OR(E7="report_internal_inconsistency",E7="plan_material")),"","not_applicable") | L7: substantive_difference | R7: Article calls hospital type a prespecified subgroup (Figure 3: government 9, nonprofit 12, private 42 hospitals; 9+12+42 = 63). The SAP a priori site-level subgroups are hospital size and use of QI toolkit components; hospital type is not listed and toolkit-component use is not reported. Subgroup set differs from the plan.

Sheet C_jama.2018.0156
A1: Candidate key | B1: Candidate title | C1: Source location | D1: Disposition | E1: Review domain (AI suggestion; editable) | F1: Complete | G1: Validation hint | H1: Statistcal_or_numerical issue | I1: Substantiveness | J1: Downstream impact | K1: Report-internal or planning-material inconsistency | L1: Protocol interpretation | R1: Notes (optional)
A2: 2018::jama.2018.0156::C001 | B2: Noninferiority narrative reverses the displayed bound direction | C2: jama_jabre_2018_oi_180004.pdf — PDF p. 3 (rule); jama_jabre_2018_oi_180004.pdf — PDF p. 4 (result/narrative). | D2: retain | E2: statistical_results | F2: primary_done | G2: =IFERROR(IF(LEN(TRIM(CLEAN(SUBSTITUTE(Setup!$B$2,CHAR(160)," "))))=0,"CHECK REVIEWER ID",IF(OR(A2="",COUNTIF($A$2:$A$9,A2)<>1,LEFT(A2,LEN("2018::jama.2018.0156::"))<>"2018::jama.2018.0156::"),"CHECK KEY",IF(OR(AND(NOT(AND(D2="retain",E2="statistical_results")),H2<>"",NOT(EXACT(H2,"not_applicable"))),AND(NOT(AND(D2="retain",E2="statistical_results")),I2<>"",NOT(EXACT(I2,"not_applicable"))),AND(NOT(AND(D2="retain",E2="statistical_results")),J2<>"",NOT(EXACT(J2,"not_applicable"))),AND(NOT(AND(D2="retain",OR(E2="report_internal_inconsistency",E2="plan_material"))),K2<>"",NOT(EXACT(K2,"not_applicable"))),AND(NOT(AND(D2="retain",E2="protocol_report")),L2<>"",NOT(EXACT(L2,"not_applicable")))),"CLEAR INACTIVE VALUES",IF(OR(NOT(OR(EXACT(D2,"retain"),EXACT(D2,"exclude"),EXACT(D2,"discuss"))),NOT(OR(EXACT(E2,"statistical_results"),EXACT(E2,"report_internal_inconsistency"),EXACT(E2,"plan_material"),EXACT(E2,"protocol_report"))),AND(AND(D2="retain",E2="statistical_results"),NOT(OR(EXACT(H2,"confirmed_issue"),EXACT(H2,"probable_issue"),EXACT(H2,"not_issue"),EXACT(H2,"indeterminate")))),AND(AND(D2="retain",E2="statistical_results"),NOT(OR(EXACT(I2,"substantive"),EXACT(I2,"minor_presentation"),EXACT(I2,"indeterminate")))),AND(AND(D2="retain",E2="statistical_results"),J2<>"",NOT(OR(EXACT(J2,"direct"),EXACT(J2,"possible"),EXACT(J2,"unlikely"),EXACT(J2,"unknown")))),AND(AND(D2="retain",OR(E2="report_internal_inconsistency",E2="plan_material")),NOT(OR(EXACT(K2,"substantive_inconsistency"),EXACT(K2,"minor_presentation"),EXACT(K2,"non_inconsistency"),EXACT(K2,"indeterminate")))),AND(AND(D2="retain",E2="protocol_report"),L2<>"",NOT(OR(EXACT(L2,"substantive_difference"),EXACT(L2,"minor_presentation"),EXACT(L2,"version_timing"),EXACT(L2,"non_inconsistency"),EXACT(L2,"indeterminate"))))),"CHECK FIELDS",IF(AND(F2<>"",NOT(OR(EXACT(F2,"no"),EXACT(F2,"primary_done")))),"CHECK COMPLETE",IF(EXACT(F2,"primary_done"),"PRIMARY READY","PRIMARY DRAFT")))))),"CHECK INPUT / KEY") | H2: confirmed_issue | I2: minor_presentation | J2: unlikely | K2: =IF(AND(OR(D2="retain",D2=""),OR(E2="report_internal_inconsistency",E2="plan_material")),"","not_applicable") | L2: =IF(AND(OR(D2="retain",D2=""),E2="protocol_report"),"","not_applicable") | R2: Rule (p.3): noninferiority if lower CI limit is higher than -1%. Result (p.4): lower limit -1.64% is called 'greater than the threshold', yet the next clause correctly says noninferiority was not shown. -1.64 < -1.00, so the comparative word is wrong (or means 'larger in magnitude'). Numbers and conclusion are right; wording error only.
A3: 2018::jama.2018.0156::C002 | B3: Centre-5 pause contrast mixes a count outcome with seconds | C3: jama_jabre_2018_oi_180004.pdf — PDF p. 3 (definition); jama_jabre_2018_oi_180004.pdf — PDF p. 4 (contrast). | D3: retain | E3: report_internal_inconsistency | F3: primary_done | G3: =IFERROR(IF(LEN(TRIM(CLEAN(SUBSTITUTE(Setup!$B$2,CHAR(160)," "))))=0,"CHECK REVIEWER ID",IF(OR(A3="",COUNTIF($A$2:$A$9,A3)<>1,LEFT(A3,LEN("2018::jama.2018.0156::"))<>"2018::jama.2018.0156::"),"CHECK KEY",IF(OR(AND(NOT(AND(D3="retain",E3="statistical_results")),H3<>"",NOT(EXACT(H3,"not_applicable"))),AND(NOT(AND(D3="retain",E3="statistical_results")),I3<>"",NOT(EXACT(I3,"not_applicable"))),AND(NOT(AND(D3="retain",E3="statistical_results")),J3<>"",NOT(EXACT(J3,"not_applicable"))),AND(NOT(AND(D3="retain",OR(E3="report_internal_inconsistency",E3="plan_material"))),K3<>"",NOT(EXACT(K3,"not_applicable"))),AND(NOT(AND(D3="retain",E3="protocol_report")),L3<>"",NOT(EXACT(L3,"not_applicable")))),"CLEAR INACTIVE VALUES",IF(OR(NOT(OR(EXACT(D3,"retain"),EXACT(D3,"exclude"),EXACT(D3,"discuss"))),NOT(OR(EXACT(E3,"statistical_results"),EXACT(E3,"report_internal_inconsistency"),EXACT(E3,"plan_material"),EXACT(E3,"protocol_report"))),AND(AND(D3="retain",E3="statistical_results"),NOT(OR(EXACT(H3,"confirmed_issue"),EXACT(H3,"probable_issue"),EXACT(H3,"not_issue"),EXACT(H3,"indeterminate")))),AND(AND(D3="retain",E3="statistical_results"),NOT(OR(EXACT(I3,"substantive"),EXACT(I3,"minor_presentation"),EXACT(I3,"indeterminate")))),AND(AND(D3="retain",E3="statistical_results"),J3<>"",NOT(OR(EXACT(J3,"direct"),EXACT(J3,"possible"),EXACT(J3,"unlikely"),EXACT(J3,"unknown")))),AND(AND(D3="retain",OR(E3="report_internal_inconsistency",E3="plan_material")),NOT(OR(EXACT(K3,"substantive_inconsistency"),EXACT(K3,"minor_presentation"),EXACT(K3,"non_inconsistency"),EXACT(K3,"indeterminate")))),AND(AND(D3="retain",E3="protocol_report"),L3<>"",NOT(OR(EXACT(L3,"substantive_difference"),EXACT(L3,"minor_presentation"),EXACT(L3,"version_timing"),EXACT(L3,"non_inconsistency"),EXACT(L3,"indeterminate"))))),"CHECK FIELDS",IF(AND(F3<>"",NOT(OR(EXACT(F3,"no"),EXACT(F3,"primary_done")))),"CHECK COMPLETE",IF(EXACT(F3,"primary_done"),"PRIMARY READY","PRIMARY DRAFT")))))),"CHECK INPUT / KEY") | H3: =IF(AND(OR(D3="retain",D3=""),E3="statistical_results"),"","not_applicable") | I3: =IF(AND(OR(D3="retain",D3=""),E3="statistical_results"),"","not_applicable") | J3: =IF(AND(OR(D3="retain",D3=""),E3="statistical_results"),"","not_applicable") | K3: minor_presentation | L3: =IF(AND(OR(D3="retain",D3=""),E3="protocol_report"),"","not_applicable") | R3: Post hoc center 5 analysis: outcome is the number of pauses >2 s (p.3); result p.4 gives 27 (BMV) vs 16 (ETI); 'difference, 11 seconds [95% CI, 7 to 15]'. 27-16 = 11, so the difference is in number of pauses and the unit 'seconds' is a mislabel. Summary statistic (mean per patient?) is also unstated. Exploratory single-center result; minor.
A4: 2018::jama.2018.0156::C003 | B4: PP day-28 survival point difference does not round from the printed inputs | C4: jama_jabre_2018_oi_180004.pdf — PDF p. 6 (Table 2); joi180004supp1_prod.pdf — PDF p. 123 (rounding rule). | D4: retain | E4: statistical_results | F4: primary_done | G4: =IFERROR(IF(LEN(TRIM(CLEAN(SUBSTITUTE(Setup!$B$2,CHAR(160)," "))))=0,"CHECK REVIEWER ID",IF(OR(A4="",COUNTIF($A$2:$A$9,A4)<>1,LEFT(A4,LEN("2018::jama.2018.0156::"))<>"2018::jama.2018.0156::"),"CHECK KEY",IF(OR(AND(NOT(AND(D4="retain",E4="statistical_results")),H4<>"",NOT(EXACT(H4,"not_applicable"))),AND(NOT(AND(D4="retain",E4="statistical_results")),I4<>"",NOT(EXACT(I4,"not_applicable"))),AND(NOT(AND(D4="retain",E4="statistical_results")),J4<>"",NOT(EXACT(J4,"not_applicable"))),AND(NOT(AND(D4="retain",OR(E4="report_internal_inconsistency",E4="plan_material"))),K4<>"",NOT(EXACT(K4,"not_applicable"))),AND(NOT(AND(D4="retain",E4="protocol_report")),L4<>"",NOT(EXACT(L4,"not_applicable")))),"CLEAR INACTIVE VALUES",IF(OR(NOT(OR(EXACT(D4,"retain"),EXACT(D4,"exclude"),EXACT(D4,"discuss"))),NOT(OR(EXACT(E4,"statistical_results"),EXACT(E4,"report_internal_inconsistency"),EXACT(E4,"plan_material"),EXACT(E4,"protocol_report"))),AND(AND(D4="retain",E4="statistical_results"),NOT(OR(EXACT(H4,"confirmed_issue"),EXACT(H4,"probable_issue"),EXACT(H4,"not_issue"),EXACT(H4,"indeterminate")))),AND(AND(D4="retain",E4="statistical_results"),NOT(OR(EXACT(I4,"substantive"),EXACT(I4,"minor_presentation"),EXACT(I4,"indeterminate")))),AND(AND(D4="retain",E4="statistical_results"),J4<>"",NOT(OR(EXACT(J4,"direct"),EXACT(J4,"possible"),EXACT(J4,"unlikely"),EXACT(J4,"unknown")))),AND(AND(D4="retain",OR(E4="report_internal_inconsistency",E4="plan_material")),NOT(OR(EXACT(K4,"substantive_inconsistency"),EXACT(K4,"minor_presentation"),EXACT(K4,"non_inconsistency"),EXACT(K4,"indeterminate")))),AND(AND(D4="retain",E4="protocol_report"),L4<>"",NOT(OR(EXACT(L4,"substantive_difference"),EXACT(L4,"minor_presentation"),EXACT(L4,"version_timing"),EXACT(L4,"non_inconsistency"),EXACT(L4,"indeterminate"))))),"CHECK FIELDS",IF(AND(F4<>"",NOT(OR(EXACT(F4,"no"),EXACT(F4,"primary_done")))),"CHECK COMPLETE",IF(EXACT(F4,"primary_done"),"PRIMARY READY","PRIMARY DRAFT")))))),"CHECK INPUT / KEY") | H4: confirmed_issue | I4: minor_presentation | J4: direct | K4: =IF(AND(OR(D4="retain",D4=""),OR(E4="report_internal_inconsistency",E4="plan_material")),"","not_applicable") | L4: =IF(AND(OR(D4="retain",D4=""),E4="protocol_report"),"","not_applicable") | R4: PP survival at 28 d: 54/995 (5.427%) vs 51/943 (5.408%); RD = 0.019 pp, which rounds to 0.0, not the printed 0.1. Every other RD in Tables 2-3 reproduces exactly from counts with a simple unpooled difference, so this cell is a production error (the ITT row is 0.119 -> 0.1, possibly copied). Tiny magnitude.
A5: 2018::jama.2018.0156::C004 | B5: PP day-28 survival confidence interval has an unresolved scale/precision inconsistency | C5: jama_jabre_2018_oi_180004.pdf — PDF p. 3 (rule); PDF p. 6 (Table 2); joi180004supp1_prod.pdf — PDF p. 124 (CI rule). | D5: retain | E5: statistical_results | F5: primary_done | G5: =IFERROR(IF(LEN(TRIM(CLEAN(SUBSTITUTE(Setup!$B$2,CHAR(160)," "))))=0,"CHECK REVIEWER ID",IF(OR(A5="",COUNTIF($A$2:$A$9,A5)<>1,LEFT(A5,LEN("2018::jama.2018.0156::"))<>"2018::jama.2018.0156::"),"CHECK KEY",IF(OR(AND(NOT(AND(D5="retain",E5="statistical_results")),H5<>"",NOT(EXACT(H5,"not_applicable"))),AND(NOT(AND(D5="retain",E5="statistical_results")),I5<>"",NOT(EXACT(I5,"not_applicable"))),AND(NOT(AND(D5="retain",E5="statistical_results")),J5<>"",NOT(EXACT(J5,"not_applicable"))),AND(NOT(AND(D5="retain",OR(E5="report_internal_inconsistency",E5="plan_material"))),K5<>"",NOT(EXACT(K5,"not_applicable"))),AND(NOT(AND(D5="retain",E5="protocol_report")),L5<>"",NOT(EXACT(L5,"not_applicable")))),"CLEAR INACTIVE VALUES",IF(OR(NOT(OR(EXACT(D5,"retain"),EXACT(D5,"exclude"),EXACT(D5,"discuss"))),NOT(OR(EXACT(E5,"statistical_results"),EXACT(E5,"report_internal_inconsistency"),EXACT(E5,"plan_material"),EXACT(E5,"protocol_report"))),AND(AND(D5="retain",E5="statistical_results"),NOT(OR(EXACT(H5,"confirmed_issue"),EXACT(H5,"probable_issue"),EXACT(H5,"not_issue"),EXACT(H5,"indeterminate")))),AND(AND(D5="retain",E5="statistical_results"),NOT(OR(EXACT(I5,"substantive"),EXACT(I5,"minor_presentation"),EXACT(I5,"indeterminate")))),AND(AND(D5="retain",E5="statistical_results"),J5<>"",NOT(OR(EXACT(J5,"direct"),EXACT(J5,"possible"),EXACT(J5,"unlikely"),EXACT(J5,"unknown")))),AND(AND(D5="retain",OR(E5="report_internal_inconsistency",E5="plan_material")),NOT(OR(EXACT(K5,"substantive_inconsistency"),EXACT(K5,"minor_presentation"),EXACT(K5,"non_inconsistency"),EXACT(K5,"indeterminate")))),AND(AND(D5="retain",E5="protocol_report"),L5<>"",NOT(OR(EXACT(L5,"substantive_difference"),EXACT(L5,"minor_presentation"),EXACT(L5,"version_timing"),EXACT(L5,"non_inconsistency"),EXACT(L5,"indeterminate"))))),"CHECK FIELDS",IF(AND(F5<>"",NOT(OR(EXACT(F5,"no"),EXACT(F5,"primary_done")))),"CHECK COMPLETE",IF(EXACT(F5,"primary_done"),"PRIMARY READY","PRIMARY DRAFT")))))),"CHECK INPUT / KEY") | H5: confirmed_issue | I5: substantive | J5: direct | K5: =IF(AND(OR(D5="retain",D5=""),OR(E5="report_internal_inconsistency",E5="plan_material")),"","not_applicable") | L5: =IF(AND(OR(D5="retain",D5=""),E5="protocol_report"),"","not_applicable") | R5: PP survival at 28 d CI printed -10 to 9.7 pp. From 54/995 vs 51/943 the Wald 95% CI is -2.00 to 2.04 pp (Newcombe -2.03 to 2.05), and P = .985 matches the printed P = .99, so only the CI is wrong. The same Wald method reproduces the ITT CIs and PP ROSC CI exactly. Printed interval is about 5 times too wide and misstates precision.
A6: 2018::jama.2018.0156::C005 | B6: PP ROSC ETI percentage conflicts with its count, denominator, and signed difference | C6: jama_jabre_2018_oi_180004.pdf — PDF p. 6 (Table 2 PP ROSC row). | D6: retain | E6: statistical_results | F6: primary_done | G6: =IFERROR(IF(LEN(TRIM(CLEAN(SUBSTITUTE(Setup!$B$2,CHAR(160)," "))))=0,"CHECK REVIEWER ID",IF(OR(A6="",COUNTIF($A$2:$A$9,A6)<>1,LEFT(A6,LEN("2018::jama.2018.0156::"))<>"2018::jama.2018.0156::"),"CHECK KEY",IF(OR(AND(NOT(AND(D6="retain",E6="statistical_results")),H6<>"",NOT(EXACT(H6,"not_applicable"))),AND(NOT(AND(D6="retain",E6="statistical_results")),I6<>"",NOT(EXACT(I6,"not_applicable"))),AND(NOT(AND(D6="retain",E6="statistical_results")),J6<>"",NOT(EXACT(J6,"not_applicable"))),AND(NOT(AND(D6="retain",OR(E6="report_internal_inconsistency",E6="plan_material"))),K6<>"",NOT(EXACT(K6,"not_applicable"))),AND(NOT(AND(D6="retain",E6="protocol_report")),L6<>"",NOT(EXACT(L6,"not_applicable")))),"CLEAR INACTIVE VALUES",IF(OR(NOT(OR(EXACT(D6,"retain"),EXACT(D6,"exclude"),EXACT(D6,"discuss"))),NOT(OR(EXACT(E6,"statistical_results"),EXACT(E6,"report_internal_inconsistency"),EXACT(E6,"plan_material"),EXACT(E6,"protocol_report"))),AND(AND(D6="retain",E6="statistical_results"),NOT(OR(EXACT(H6,"confirmed_issue"),EXACT(H6,"probable_issue"),EXACT(H6,"not_issue"),EXACT(H6,"indeterminate")))),AND(AND(D6="retain",E6="statistical_results"),NOT(OR(EXACT(I6,"substantive"),EXACT(I6,"minor_presentation"),EXACT(I6,"indeterminate")))),AND(AND(D6="retain",E6="statistical_results"),J6<>"",NOT(OR(EXACT(J6,"direct"),EXACT(J6,"possible"),EXACT(J6,"unlikely"),EXACT(J6,"unknown")))),AND(AND(D6="retain",OR(E6="report_internal_inconsistency",E6="plan_material")),NOT(OR(EXACT(K6,"substantive_inconsistency"),EXACT(K6,"minor_presentation"),EXACT(K6,"non_inconsistency"),EXACT(K6,"indeterminate")))),AND(AND(D6="retain",E6="protocol_report"),L6<>"",NOT(OR(EXACT(L6,"substantive_difference"),EXACT(L6,"minor_presentation"),EXACT(L6,"version_timing"),EXACT(L6,"non_inconsistency"),EXACT(L6,"indeterminate"))))),"CHECK FIELDS",IF(AND(F6<>"",NOT(OR(EXACT(F6,"no"),EXACT(F6,"primary_done")))),"CHECK COMPLETE",IF(EXACT(F6,"primary_done"),"PRIMARY READY","PRIMARY DRAFT")))))),"CHECK INPUT / KEY") | H6: confirmed_issue | I6: substantive | J6: direct | K6: =IF(AND(OR(D6="retain",D6=""),OR(E6="report_internal_inconsistency",E6="plan_material")),"","not_applicable") | L6: =IF(AND(OR(D6="retain",D6=""),E6="protocol_report"),"","not_applicable") | R6: PP ROSC: ETI 377/943 printed 30.0%, but 377/943 = 40.0%. The difference -5.6 (95% CI -9.9 to -1.3) and P = .01 reproduce from the counts (RD -5.61, Wald -9.91 to -1.31, P = .011), so 30.0 is a typo for 40.0. As printed, the percentages imply BMV higher (34.4 vs 30.0), opposite to the difference column; an extracted arm percentage would be 10 points off.
A7: 2018::jama.2018.0156::C006 | B7: Main article and eTable report different contributing-centre counts | C7: jama_jabre_2018_oi_180004.pdf — PDF p. 2; joi180004supp2_prod.pdf — PDF p. 2 (eTable 1). | D7: retain | E7: report_internal_inconsistency | F7: primary_done | G7: =IFERROR(IF(LEN(TRIM(CLEAN(SUBSTITUTE(Setup!$B$2,CHAR(160)," "))))=0,"CHECK REVIEWER ID",IF(OR(A7="",COUNTIF($A$2:$A$9,A7)<>1,LEFT(A7,LEN("2018::jama.2018.0156::"))<>"2018::jama.2018.0156::"),"CHECK KEY",IF(OR(AND(NOT(AND(D7="retain",E7="statistical_results")),H7<>"",NOT(EXACT(H7,"not_applicable"))),AND(NOT(AND(D7="retain",E7="statistical_results")),I7<>"",NOT(EXACT(I7,"not_applicable"))),AND(NOT(AND(D7="retain",E7="statistical_results")),J7<>"",NOT(EXACT(J7,"not_applicable"))),AND(NOT(AND(D7="retain",OR(E7="report_internal_inconsistency",E7="plan_material"))),K7<>"",NOT(EXACT(K7,"not_applicable"))),AND(NOT(AND(D7="retain",E7="protocol_report")),L7<>"",NOT(EXACT(L7,"not_applicable")))),"CLEAR INACTIVE VALUES",IF(OR(NOT(OR(EXACT(D7,"retain"),EXACT(D7,"exclude"),EXACT(D7,"discuss"))),NOT(OR(EXACT(E7,"statistical_results"),EXACT(E7,"report_internal_inconsistency"),EXACT(E7,"plan_material"),EXACT(E7,"protocol_report"))),AND(AND(D7="retain",E7="statistical_results"),NOT(OR(EXACT(H7,"confirmed_issue"),EXACT(H7,"probable_issue"),EXACT(H7,"not_issue"),EXACT(H7,"indeterminate")))),AND(AND(D7="retain",E7="statistical_results"),NOT(OR(EXACT(I7,"substantive"),EXACT(I7,"minor_presentation"),EXACT(I7,"indeterminate")))),AND(AND(D7="retain",E7="statistical_results"),J7<>"",NOT(OR(EXACT(J7,"direct"),EXACT(J7,"possible"),EXACT(J7,"unlikely"),EXACT(J7,"unknown")))),AND(AND(D7="retain",OR(E7="report_internal_inconsistency",E7="plan_material")),NOT(OR(EXACT(K7,"substantive_inconsistency"),EXACT(K7,"minor_presentation"),EXACT(K7,"non_inconsistency"),EXACT(K7,"indeterminate")))),AND(AND(D7="retain",E7="protocol_report"),L7<>"",NOT(OR(EXACT(L7,"substantive_difference"),EXACT(L7,"minor_presentation"),EXACT(L7,"version_timing"),EXACT(L7,"non_inconsistency"),EXACT(L7,"indeterminate"))))),"CHECK FIELDS",IF(AND(F7<>"",NOT(OR(EXACT(F7,"no"),EXACT(F7,"primary_done")))),"CHECK COMPLETE",IF(EXACT(F7,"primary_done"),"PRIMARY READY","PRIMARY DRAFT")))))),"CHECK INPUT / KEY") | H7: =IF(AND(OR(D7="retain",D7=""),E7="statistical_results"),"","not_applicable") | I7: =IF(AND(OR(D7="retain",D7=""),E7="statistical_results"),"","not_applicable") | J7: =IF(AND(OR(D7="retain",D7=""),E7="statistical_results"),"","not_applicable") | K7: minor_presentation | L7: =IF(AND(OR(D7="retain",D7=""),E7="protocol_report"),"","not_applicable") | R7: Article p.3: 20 EMS centers (15 France, 5 Belgium). eTable 1 lists 21 contributing centre IDs (N1 to N25, one with 0 BMV/3 ETI); columns sum to 1018 and 1022. Protocol amendment (supp1 p.112) withdrew centre 19 and added centres 21-26 (25 total). The '20 centers' figure appears to come from the original protocol. Real but minor descriptive discrepancy.
A8: 2018::jama.2018.0156::C007 | B8: Published primary-endpoint description omits the amended baseline-disability qualification | C8: jama_jabre_2018_oi_180004.pdf — PDF p. 1 and PDF p. 3; joi180004supp1_prod.pdf — PDF p. 110. | D8: retain | E8: protocol_report | F8: primary_done | G8: =IFERROR(IF(LEN(TRIM(CLEAN(SUBSTITUTE(Setup!$B$2,CHAR(160)," "))))=0,"CHECK REVIEWER ID",IF(OR(A8="",COUNTIF($A$2:$A$9,A8)<>1,LEFT(A8,LEN("2018::jama.2018.0156::"))<>"2018::jama.2018.0156::"),"CHECK KEY",IF(OR(AND(NOT(AND(D8="retain",E8="statistical_results")),H8<>"",NOT(EXACT(H8,"not_applicable"))),AND(NOT(AND(D8="retain",E8="statistical_results")),I8<>"",NOT(EXACT(I8,"not_applicable"))),AND(NOT(AND(D8="retain",E8="statistical_results")),J8<>"",NOT(EXACT(J8,"not_applicable"))),AND(NOT(AND(D8="retain",OR(E8="report_internal_inconsistency",E8="plan_material"))),K8<>"",NOT(EXACT(K8,"not_applicable"))),AND(NOT(AND(D8="retain",E8="protocol_report")),L8<>"",NOT(EXACT(L8,"not_applicable")))),"CLEAR INACTIVE VALUES",IF(OR(NOT(OR(EXACT(D8,"retain"),EXACT(D8,"exclude"),EXACT(D8,"discuss"))),NOT(OR(EXACT(E8,"statistical_results"),EXACT(E8,"report_internal_inconsistency"),EXACT(E8,"plan_material"),EXACT(E8,"protocol_report"))),AND(AND(D8="retain",E8="statistical_results"),NOT(OR(EXACT(H8,"confirmed_issue"),EXACT(H8,"probable_issue"),EXACT(H8,"not_issue"),EXACT(H8,"indeterminate")))),AND(AND(D8="retain",E8="statistical_results"),NOT(OR(EXACT(I8,"substantive"),EXACT(I8,"minor_presentation"),EXACT(I8,"indeterminate")))),AND(AND(D8="retain",E8="statistical_results"),J8<>"",NOT(OR(EXACT(J8,"direct"),EXACT(J8,"possible"),EXACT(J8,"unlikely"),EXACT(J8,"unknown")))),AND(AND(D8="retain",OR(E8="report_internal_inconsistency",E8="plan_material")),NOT(OR(EXACT(K8,"substantive_inconsistency"),EXACT(K8,"minor_presentation"),EXACT(K8,"non_inconsistency"),EXACT(K8,"indeterminate")))),AND(AND(D8="retain",E8="protocol_report"),L8<>"",NOT(OR(EXACT(L8,"substantive_difference"),EXACT(L8,"minor_presentation"),EXACT(L8,"version_timing"),EXACT(L8,"non_inconsistency"),EXACT(L8,"indeterminate"))))),"CHECK FIELDS",IF(AND(F8<>"",NOT(OR(EXACT(F8,"no"),EXACT(F8,"primary_done")))),"CHECK COMPLETE",IF(EXACT(F8,"primary_done"),"PRIMARY READY","PRIMARY DRAFT")))))),"CHECK INPUT / KEY") | H8: =IF(AND(OR(D8="retain",D8=""),E8="statistical_results"),"","not_applicable") | I8: =IF(AND(OR(D8="retain",D8=""),E8="statistical_results"),"","not_applicable") | J8: =IF(AND(OR(D8="retain",D8=""),E8="statistical_results"),"","not_applicable") | K8: =IF(AND(OR(D8="retain",D8=""),OR(E8="report_internal_inconsistency",E8="plan_material")),"","not_applicable") | L8: substantive_difference | R8: Protocol V2 (22 Jan 2016, and amendment V1.4) adds to the primary endpoint: survivors with pre-arrest neurologic disability who keep the same degree of disability count as favorable. Article defines success as CPC 1-2 only, and Table 2 note b says CPC 1-2 were coded as success; reported primary counts equal CPC1+CPC2 (35+9 = 44; 37+6 = 43). SAP (Feb 2015) predates the amendment.
A9: 2018::jama.2018.0156::C008 | B9: Protocol composite technique-failure definition cannot reconcile with the article’s smaller ETI failure count if they are the same endpoint | C9: joi180004supp1_prod.pdf — PDF p. 110; jama_jabre_2018_oi_180004.pdf — PDF p. 1, PDF p. 4, and PDF p. 6. | D9: retain | E9: protocol_report | F9: primary_done | G9: =IFERROR(IF(LEN(TRIM(CLEAN(SUBSTITUTE(Setup!$B$2,CHAR(160)," "))))=0,"CHECK REVIEWER ID",IF(OR(A9="",COUNTIF($A$2:$A$9,A9)<>1,LEFT(A9,LEN("2018::jama.2018.0156::"))<>"2018::jama.2018.0156::"),"CHECK KEY",IF(OR(AND(NOT(AND(D9="retain",E9="statistical_results")),H9<>"",NOT(EXACT(H9,"not_applicable"))),AND(NOT(AND(D9="retain",E9="statistical_results")),I9<>"",NOT(EXACT(I9,"not_applicable"))),AND(NOT(AND(D9="retain",E9="statistical_results")),J9<>"",NOT(EXACT(J9,"not_applicable"))),AND(NOT(AND(D9="retain",OR(E9="report_internal_inconsistency",E9="plan_material"))),K9<>"",NOT(EXACT(K9,"not_applicable"))),AND(NOT(AND(D9="retain",E9="protocol_report")),L9<>"",NOT(EXACT(L9,"not_applicable")))),"CLEAR INACTIVE VALUES",IF(OR(NOT(OR(EXACT(D9,"retain"),EXACT(D9,"exclude"),EXACT(D9,"discuss"))),NOT(OR(EXACT(E9,"statistical_results"),EXACT(E9,"report_internal_inconsistency"),EXACT(E9,"plan_material"),EXACT(E9,"protocol_report"))),AND(AND(D9="retain",E9="statistical_results"),NOT(OR(EXACT(H9,"confirmed_issue"),EXACT(H9,"probable_issue"),EXACT(H9,"not_issue"),EXACT(H9,"indeterminate")))),AND(AND(D9="retain",E9="statistical_results"),NOT(OR(EXACT(I9,"substantive"),EXACT(I9,"minor_presentation"),EXACT(I9,"indeterminate")))),AND(AND(D9="retain",E9="statistical_results"),J9<>"",NOT(OR(EXACT(J9,"direct"),EXACT(J9,"possible"),EXACT(J9,"unlikely"),EXACT(J9,"unknown")))),AND(AND(D9="retain",OR(E9="report_internal_inconsistency",E9="plan_material")),NOT(OR(EXACT(K9,"substantive_inconsistency"),EXACT(K9,"minor_presentation"),EXACT(K9,"non_inconsistency"),EXACT(K9,"indeterminate")))),AND(AND(D9="retain",E9="protocol_report"),L9<>"",NOT(OR(EXACT(L9,"substantive_difference"),EXACT(L9,"minor_presentation"),EXACT(L9,"version_timing"),EXACT(L9,"non_inconsistency"),EXACT(L9,"indeterminate"))))),"CHECK FIELDS",IF(AND(F9<>"",NOT(OR(EXACT(F9,"no"),EXACT(F9,"primary_done")))),"CHECK COMPLETE",IF(EXACT(F9,"primary_done"),"PRIMARY READY","PRIMARY DRAFT")))))),"CHECK INPUT / KEY") | H9: =IF(AND(OR(D9="retain",D9=""),E9="statistical_results"),"","not_applicable") | I9: =IF(AND(OR(D9="retain",D9=""),E9="statistical_results"),"","not_applicable") | J9: =IF(AND(OR(D9="retain",D9=""),E9="statistical_results"),"","not_applicable") | K9: =IF(AND(OR(D9="retain",D9=""),OR(E9="report_internal_inconsistency",E9="plan_material")),"","not_applicable") | L9: substantive_difference | R9: Protocol secondary endpoint 'technique's failure' = 28-day mortality or regurgitation or procedural failure. The article lists 'rate of BMV or ETI failure' and reports only procedural failure (69/1028 vs 21/996); the composite is not reported. The AI's 27 > 21 bound is invalid: 54/1022 are ETI survivors, not deaths. Retain as a descriptive plan-report endpoint difference, not discuss.

Sheet C_jama.2018.0948
A1: Candidate key | B1: Candidate title | C1: Source location | D1: Disposition | E1: Review domain (AI suggestion; editable) | F1: Complete | G1: Validation hint | H1: Statistcal_or_numerical issue | I1: Substantiveness | J1: Downstream impact | K1: Report-internal or planning-material inconsistency | L1: Protocol interpretation | R1: Notes (optional)
A2: 2018::jama.2018.0948::C001 | B2: Inclusive versus exclusive fluid threshold in the SCD definition | C2: main article — PDF p. 4; Supplement 1 Table 5 — PDF p. 24; Supplement 3 eTable 1 — PDF p. 6. | D2: retain | E2: protocol_report | F2: primary_done | G2: =IFERROR(IF(LEN(TRIM(CLEAN(SUBSTITUTE(Setup!$B$2,CHAR(160)," "))))=0,"CHECK REVIEWER ID",IF(OR(A2="",COUNTIF($A$2:$A$8,A2)<>1,LEFT(A2,LEN("2018::jama.2018.0948::"))<>"2018::jama.2018.0948::"),"CHECK KEY",IF(OR(AND(NOT(AND(D2="retain",E2="statistical_results")),H2<>"",NOT(EXACT(H2,"not_applicable"))),AND(NOT(AND(D2="retain",E2="statistical_results")),I2<>"",NOT(EXACT(I2,"not_applicable"))),AND(NOT(AND(D2="retain",E2="statistical_results")),J2<>"",NOT(EXACT(J2,"not_applicable"))),AND(NOT(AND(D2="retain",OR(E2="report_internal_inconsistency",E2="plan_material"))),K2<>"",NOT(EXACT(K2,"not_applicable"))),AND(NOT(AND(D2="retain",E2="protocol_report")),L2<>"",NOT(EXACT(L2,"not_applicable")))),"CLEAR INACTIVE VALUES",IF(OR(NOT(OR(EXACT(D2,"retain"),EXACT(D2,"exclude"),EXACT(D2,"discuss"))),NOT(OR(EXACT(E2,"statistical_results"),EXACT(E2,"report_internal_inconsistency"),EXACT(E2,"plan_material"),EXACT(E2,"protocol_report"))),AND(AND(D2="retain",E2="statistical_results"),NOT(OR(EXACT(H2,"confirmed_issue"),EXACT(H2,"probable_issue"),EXACT(H2,"not_issue"),EXACT(H2,"indeterminate")))),AND(AND(D2="retain",E2="statistical_results"),NOT(OR(EXACT(I2,"substantive"),EXACT(I2,"minor_presentation"),EXACT(I2,"indeterminate")))),AND(AND(D2="retain",E2="statistical_results"),J2<>"",NOT(OR(EXACT(J2,"direct"),EXACT(J2,"possible"),EXACT(J2,"unlikely"),EXACT(J2,"unknown")))),AND(AND(D2="retain",OR(E2="report_internal_inconsistency",E2="plan_material")),NOT(OR(EXACT(K2,"substantive_inconsistency"),EXACT(K2,"minor_presentation"),EXACT(K2,"non_inconsistency"),EXACT(K2,"indeterminate")))),AND(AND(D2="retain",E2="protocol_report"),L2<>"",NOT(OR(EXACT(L2,"substantive_difference"),EXACT(L2,"minor_presentation"),EXACT(L2,"version_timing"),EXACT(L2,"non_inconsistency"),EXACT(L2,"indeterminate"))))),"CHECK FIELDS",IF(AND(F2<>"",NOT(OR(EXACT(F2,"no"),EXACT(F2,"primary_done")))),"CHECK COMPLETE",IF(EXACT(F2,"primary_done"),"PRIMARY READY","PRIMARY DRAFT")))))),"CHECK INPUT / KEY") | H2: =IF(AND(OR(D2="retain",D2=""),E2="statistical_results"),"","not_applicable") | I2: =IF(AND(OR(D2="retain",D2=""),E2="statistical_results"),"","not_applicable") | J2: =IF(AND(OR(D2="retain",D2=""),E2="statistical_results"),"","not_applicable") | K2: =IF(AND(OR(D2="retain",D2=""),OR(E2="report_internal_inconsistency",E2="plan_material")),"","not_applicable") | L2: indeterminate | R2: SCDE fluid component: article p.4 says boluses of '60 mL/kg or greater' in 12 h; protocol Table 5 (p.24) and Supplement 3 eTable 1 say '>60 ml/kg'. Protocol Table 5 also leaves exactly 60 outside both its <60 and >60 bands. Because 3 x 20 mL/kg = 60 is a common cumulative volume, the boundary may matter, but which rule was applied is not documented.
A3: 2018::jama.2018.0948::C002 | B3: Mortality absolute-risk-reduction percent/unit conflict | C3: Supplement 1 — PDF p. 1, p. 14, p. 29; main article — PDF p. 4. | D3: retain | E3: plan_material | F3: primary_done | G3: =IFERROR(IF(LEN(TRIM(CLEAN(SUBSTITUTE(Setup!$B$2,CHAR(160)," "))))=0,"CHECK REVIEWER ID",IF(OR(A3="",COUNTIF($A$2:$A$8,A3)<>1,LEFT(A3,LEN("2018::jama.2018.0948::"))<>"2018::jama.2018.0948::"),"CHECK KEY",IF(OR(AND(NOT(AND(D3="retain",E3="statistical_results")),H3<>"",NOT(EXACT(H3,"not_applicable"))),AND(NOT(AND(D3="retain",E3="statistical_results")),I3<>"",NOT(EXACT(I3,"not_applicable"))),AND(NOT(AND(D3="retain",E3="statistical_results")),J3<>"",NOT(EXACT(J3,"not_applicable"))),AND(NOT(AND(D3="retain",OR(E3="report_internal_inconsistency",E3="plan_material"))),K3<>"",NOT(EXACT(K3,"not_applicable"))),AND(NOT(AND(D3="retain",E3="protocol_report")),L3<>"",NOT(EXACT(L3,"not_applicable")))),"CLEAR INACTIVE VALUES",IF(OR(NOT(OR(EXACT(D3,"retain"),EXACT(D3,"exclude"),EXACT(D3,"discuss"))),NOT(OR(EXACT(E3,"statistical_results"),EXACT(E3,"report_internal_inconsistency"),EXACT(E3,"plan_material"),EXACT(E3,"protocol_report"))),AND(AND(D3="retain",E3="statistical_results"),NOT(OR(EXACT(H3,"confirmed_issue"),EXACT(H3,"probable_issue"),EXACT(H3,"not_issue"),EXACT(H3,"indeterminate")))),AND(AND(D3="retain",E3="statistical_results"),NOT(OR(EXACT(I3,"substantive"),EXACT(I3,"minor_presentation"),EXACT(I3,"indeterminate")))),AND(AND(D3="retain",E3="statistical_results"),J3<>"",NOT(OR(EXACT(J3,"direct"),EXACT(J3,"possible"),EXACT(J3,"unlikely"),EXACT(J3,"unknown")))),AND(AND(D3="retain",OR(E3="report_internal_inconsistency",E3="plan_material")),NOT(OR(EXACT(K3,"substantive_inconsistency"),EXACT(K3,"minor_presentation"),EXACT(K3,"non_inconsistency"),EXACT(K3,"indeterminate")))),AND(AND(D3="retain",E3="protocol_report"),L3<>"",NOT(OR(EXACT(L3,"substantive_difference"),EXACT(L3,"minor_presentation"),EXACT(L3,"version_timing"),EXACT(L3,"non_inconsistency"),EXACT(L3,"indeterminate"))))),"CHECK FIELDS",IF(AND(F3<>"",NOT(OR(EXACT(F3,"no"),EXACT(F3,"primary_done")))),"CHECK COMPLETE",IF(EXACT(F3,"primary_done"),"PRIMARY READY","PRIMARY DRAFT")))))),"CHECK INPUT / KEY") | H3: =IF(AND(OR(D3="retain",D3=""),E3="statistical_results"),"","not_applicable") | I3: =IF(AND(OR(D3="retain",D3=""),E3="statistical_results"),"","not_applicable") | J3: =IF(AND(OR(D3="retain",D3=""),E3="statistical_results"),"","not_applicable") | K3: minor_presentation | L3: =IF(AND(OR(D3="retain",D3=""),E3="protocol_report"),"","not_applicable") | R3: Protocol power text: summary p.1 '0.9 deaths/1000', section 2.11 p.14 'Absolute Risk Reduction 0.09%', but Power appendix p.29 says the 18% RRR 'corresponds to an absolute risk reduction of 0.9%'. 5.1/1000 x 0.178 = 0.91/1000 = 0.09%, so 0.9% is a tenfold unit typo. The article (p.4) correctly uses 0.9 per 1000. Minor.
A4: 2018::jama.2018.0948::C003 | B4: Cardiac-arrest events assigned incompatible resuscitation-scale categories | C4: Supplement 1 — PDF p. 11, Table 5 — PDF p. 24, Table 6 legend — PDF p. 27. | D4: retain | E4: plan_material | F4: primary_done | G4: =IFERROR(IF(LEN(TRIM(CLEAN(SUBSTITUTE(Setup!$B$2,CHAR(160)," "))))=0,"CHECK REVIEWER ID",IF(OR(A4="",COUNTIF($A$2:$A$8,A4)<>1,LEFT(A4,LEN("2018::jama.2018.0948::"))<>"2018::jama.2018.0948::"),"CHECK KEY",IF(OR(AND(NOT(AND(D4="retain",E4="statistical_results")),H4<>"",NOT(EXACT(H4,"not_applicable"))),AND(NOT(AND(D4="retain",E4="statistical_results")),I4<>"",NOT(EXACT(I4,"not_applicable"))),AND(NOT(AND(D4="retain",E4="statistical_results")),J4<>"",NOT(EXACT(J4,"not_applicable"))),AND(NOT(AND(D4="retain",OR(E4="report_internal_inconsistency",E4="plan_material"))),K4<>"",NOT(EXACT(K4,"not_applicable"))),AND(NOT(AND(D4="retain",E4="protocol_report")),L4<>"",NOT(EXACT(L4,"not_applicable")))),"CLEAR INACTIVE VALUES",IF(OR(NOT(OR(EXACT(D4,"retain"),EXACT(D4,"exclude"),EXACT(D4,"discuss"))),NOT(OR(EXACT(E4,"statistical_results"),EXACT(E4,"report_internal_inconsistency"),EXACT(E4,"plan_material"),EXACT(E4,"protocol_report"))),AND(AND(D4="retain",E4="statistical_results"),NOT(OR(EXACT(H4,"confirmed_issue"),EXACT(H4,"probable_issue"),EXACT(H4,"not_issue"),EXACT(H4,"indeterminate")))),AND(AND(D4="retain",E4="statistical_results"),NOT(OR(EXACT(I4,"substantive"),EXACT(I4,"minor_presentation"),EXACT(I4,"indeterminate")))),AND(AND(D4="retain",E4="statistical_results"),J4<>"",NOT(OR(EXACT(J4,"direct"),EXACT(J4,"possible"),EXACT(J4,"unlikely"),EXACT(J4,"unknown")))),AND(AND(D4="retain",OR(E4="report_internal_inconsistency",E4="plan_material")),NOT(OR(EXACT(K4,"substantive_inconsistency"),EXACT(K4,"minor_presentation"),EXACT(K4,"non_inconsistency"),EXACT(K4,"indeterminate")))),AND(AND(D4="retain",E4="protocol_report"),L4<>"",NOT(OR(EXACT(L4,"substantive_difference"),EXACT(L4,"minor_presentation"),EXACT(L4,"version_timing"),EXACT(L4,"non_inconsistency"),EXACT(L4,"indeterminate"))))),"CHECK FIELDS",IF(AND(F4<>"",NOT(OR(EXACT(F4,"no"),EXACT(F4,"primary_done")))),"CHECK COMPLETE",IF(EXACT(F4,"primary_done"),"PRIMARY READY","PRIMARY DRAFT")))))),"CHECK INPUT / KEY") | H4: =IF(AND(OR(D4="retain",D4=""),E4="statistical_results"),"","not_applicable") | I4: =IF(AND(OR(D4="retain",D4=""),E4="statistical_results"),"","not_applicable") | J4: =IF(AND(OR(D4="retain",D4=""),E4="statistical_results"),"","not_applicable") | K4: minor_presentation | L4: =IF(AND(OR(D4="retain",D4=""),E4="protocol_report"),"","not_applicable") | R4: Protocol p.11 defines cardiac arrests for preventability review as ratings 6 or 7 on the seven-point Children's Resuscitation Intensity Scale (Table 5: [6] CPR, [7] death). The Table 6 legend (p.27) says events 'that include a cardiac arrest (scale rating 4 or 5)'. Ratings 4-5 on Table 5 are circulatory/late transfer, not arrest. Likely a stale legend; intent clear from wording.
A5: 2018::jama.2018.0948::C004 | B5: Preventability threshold excludes and includes rating 4 | C5: Supplement 1 — PDF p. 11, Table 7 — PDF p. 28; Supplement 3 eTable 1 — PDF p. 6; main article — PDF p. 7. | D5: retain | E5: plan_material | F5: primary_done | G5: =IFERROR(IF(LEN(TRIM(CLEAN(SUBSTITUTE(Setup!$B$2,CHAR(160)," "))))=0,"CHECK REVIEWER ID",IF(OR(A5="",COUNTIF($A$2:$A$8,A5)<>1,LEFT(A5,LEN("2018::jama.2018.0948::"))<>"2018::jama.2018.0948::"),"CHECK KEY",IF(OR(AND(NOT(AND(D5="retain",E5="statistical_results")),H5<>"",NOT(EXACT(H5,"not_applicable"))),AND(NOT(AND(D5="retain",E5="statistical_results")),I5<>"",NOT(EXACT(I5,"not_applicable"))),AND(NOT(AND(D5="retain",E5="statistical_results")),J5<>"",NOT(EXACT(J5,"not_applicable"))),AND(NOT(AND(D5="retain",OR(E5="report_internal_inconsistency",E5="plan_material"))),K5<>"",NOT(EXACT(K5,"not_applicable"))),AND(NOT(AND(D5="retain",E5="protocol_report")),L5<>"",NOT(EXACT(L5,"not_applicable")))),"CLEAR INACTIVE VALUES",IF(OR(NOT(OR(EXACT(D5,"retain"),EXACT(D5,"exclude"),EXACT(D5,"discuss"))),NOT(OR(EXACT(E5,"statistical_results"),EXACT(E5,"report_internal_inconsistency"),EXACT(E5,"plan_material"),EXACT(E5,"protocol_report"))),AND(AND(D5="retain",E5="statistical_results"),NOT(OR(EXACT(H5,"confirmed_issue"),EXACT(H5,"probable_issue"),EXACT(H5,"not_issue"),EXACT(H5,"indeterminate")))),AND(AND(D5="retain",E5="statistical_results"),NOT(OR(EXACT(I5,"substantive"),EXACT(I5,"minor_presentation"),EXACT(I5,"indeterminate")))),AND(AND(D5="retain",E5="statistical_results"),J5<>"",NOT(OR(EXACT(J5,"direct"),EXACT(J5,"possible"),EXACT(J5,"unlikely"),EXACT(J5,"unknown")))),AND(AND(D5="retain",OR(E5="report_internal_inconsistency",E5="plan_material")),NOT(OR(EXACT(K5,"substantive_inconsistency"),EXACT(K5,"minor_presentation"),EXACT(K5,"non_inconsistency"),EXACT(K5,"indeterminate")))),AND(AND(D5="retain",E5="protocol_report"),L5<>"",NOT(OR(EXACT(L5,"substantive_difference"),EXACT(L5,"minor_presentation"),EXACT(L5,"version_timing"),EXACT(L5,"non_inconsistency"),EXACT(L5,"indeterminate"))))),"CHECK FIELDS",IF(AND(F5<>"",NOT(OR(EXACT(F5,"no"),EXACT(F5,"primary_done")))),"CHECK COMPLETE",IF(EXACT(F5,"primary_done"),"PRIMARY READY","PRIMARY DRAFT")))))),"CHECK INPUT / KEY") | H5: =IF(AND(OR(D5="retain",D5=""),E5="statistical_results"),"","not_applicable") | I5: =IF(AND(OR(D5="retain",D5=""),E5="statistical_results"),"","not_applicable") | J5: =IF(AND(OR(D5="retain",D5=""),E5="statistical_results"),"","not_applicable") | K5: minor_presentation | L5: =IF(AND(OR(D5="retain",D5=""),E5="protocol_report"),"","not_applicable") | R5: Protocol p.11: 'consensus rating of at >4 will be regarded as potentially preventable', then immediately lists ratings 4, 5 and 6 as preventable; Table 7 legend (p.28) says 'a rating of 4 or more'. Supplement 3 also uses 4-6. The '>4' is a typo within one paragraph whose next sentence states the intended inclusive rule. Minor.
A6: 2018::jama.2018.0948::C005 | B6: The same SCDE reference count is labelled annual and two-year | C6: Supplement 1 — PDF p. 14 and PDF p. 30. | D6: retain | E6: plan_material | F6: primary_done | G6: =IFERROR(IF(LEN(TRIM(CLEAN(SUBSTITUTE(Setup!$B$2,CHAR(160)," "))))=0,"CHECK REVIEWER ID",IF(OR(A6="",COUNTIF($A$2:$A$8,A6)<>1,LEFT(A6,LEN("2018::jama.2018.0948::"))<>"2018::jama.2018.0948::"),"CHECK KEY",IF(OR(AND(NOT(AND(D6="retain",E6="statistical_results")),H6<>"",NOT(EXACT(H6,"not_applicable"))),AND(NOT(AND(D6="retain",E6="statistical_results")),I6<>"",NOT(EXACT(I6,"not_applicable"))),AND(NOT(AND(D6="retain",E6="statistical_results")),J6<>"",NOT(EXACT(J6,"not_applicable"))),AND(NOT(AND(D6="retain",OR(E6="report_internal_inconsistency",E6="plan_material"))),K6<>"",NOT(EXACT(K6,"not_applicable"))),AND(NOT(AND(D6="retain",E6="protocol_report")),L6<>"",NOT(EXACT(L6,"not_applicable")))),"CLEAR INACTIVE VALUES",IF(OR(NOT(OR(EXACT(D6,"retain"),EXACT(D6,"exclude"),EXACT(D6,"discuss"))),NOT(OR(EXACT(E6,"statistical_results"),EXACT(E6,"report_internal_inconsistency"),EXACT(E6,"plan_material"),EXACT(E6,"protocol_report"))),AND(AND(D6="retain",E6="statistical_results"),NOT(OR(EXACT(H6,"confirmed_issue"),EXACT(H6,"probable_issue"),EXACT(H6,"not_issue"),EXACT(H6,"indeterminate")))),AND(AND(D6="retain",E6="statistical_results"),NOT(OR(EXACT(I6,"substantive"),EXACT(I6,"minor_presentation"),EXACT(I6,"indeterminate")))),AND(AND(D6="retain",E6="statistical_results"),J6<>"",NOT(OR(EXACT(J6,"direct"),EXACT(J6,"possible"),EXACT(J6,"unlikely"),EXACT(J6,"unknown")))),AND(AND(D6="retain",OR(E6="report_internal_inconsistency",E6="plan_material")),NOT(OR(EXACT(K6,"substantive_inconsistency"),EXACT(K6,"minor_presentation"),EXACT(K6,"non_inconsistency"),EXACT(K6,"indeterminate")))),AND(AND(D6="retain",E6="protocol_report"),L6<>"",NOT(OR(EXACT(L6,"substantive_difference"),EXACT(L6,"minor_presentation"),EXACT(L6,"version_timing"),EXACT(L6,"non_inconsistency"),EXACT(L6,"indeterminate"))))),"CHECK FIELDS",IF(AND(F6<>"",NOT(OR(EXACT(F6,"no"),EXACT(F6,"primary_done")))),"CHECK COMPLETE",IF(EXACT(F6,"primary_done"),"PRIMARY READY","PRIMARY DRAFT")))))),"CHECK INPUT / KEY") | H6: =IF(AND(OR(D6="retain",D6=""),E6="statistical_results"),"","not_applicable") | I6: =IF(AND(OR(D6="retain",D6=""),E6="statistical_results"),"","not_applicable") | J6: =IF(AND(OR(D6="retain",D6=""),E6="statistical_results"),"","not_applicable") | K6: minor_presentation | L6: =IF(AND(OR(D6="retain",D6=""),E6="protocol_report"),"","not_applicable") | R6: Protocol p.14: '1052 Urgent ICU admissions/ year' from 4 Ontario hospitals; appendix p.30: the same 1052 urgent PICU admissions occurred over two years after 31 Jan 2007. The SCDE assumption (2 per 1000 patient-days) reproduces only with the 2-year reading: 1052 x 0.40 / (55963 x 4) x 1000 = 1.88. So '/year' is a label error that did not propagate into the planning rate.
A7: 2018::jama.2018.0948::C006 | B7: Stat-call absolute reduction does not reproduce from the printed inputs | C7: Supplement 1 — PDF p. 30. | D7: retain | E7: plan_material | F7: primary_done | G7: =IFERROR(IF(LEN(TRIM(CLEAN(SUBSTITUTE(Setup!$B$2,CHAR(160)," "))))=0,"CHECK REVIEWER ID",IF(OR(A7="",COUNTIF($A$2:$A$8,A7)<>1,LEFT(A7,LEN("2018::jama.2018.0948::"))<>"2018::jama.2018.0948::"),"CHECK KEY",IF(OR(AND(NOT(AND(D7="retain",E7="statistical_results")),H7<>"",NOT(EXACT(H7,"not_applicable"))),AND(NOT(AND(D7="retain",E7="statistical_results")),I7<>"",NOT(EXACT(I7,"not_applicable"))),AND(NOT(AND(D7="retain",E7="statistical_results")),J7<>"",NOT(EXACT(J7,"not_applicable"))),AND(NOT(AND(D7="retain",OR(E7="report_internal_inconsistency",E7="plan_material"))),K7<>"",NOT(EXACT(K7,"not_applicable"))),AND(NOT(AND(D7="retain",E7="protocol_report")),L7<>"",NOT(EXACT(L7,"not_applicable")))),"CLEAR INACTIVE VALUES",IF(OR(NOT(OR(EXACT(D7,"retain"),EXACT(D7,"exclude"),EXACT(D7,"discuss"))),NOT(OR(EXACT(E7,"statistical_results"),EXACT(E7,"report_internal_inconsistency"),EXACT(E7,"plan_material"),EXACT(E7,"protocol_report"))),AND(AND(D7="retain",E7="statistical_results"),NOT(OR(EXACT(H7,"confirmed_issue"),EXACT(H7,"probable_issue"),EXACT(H7,"not_issue"),EXACT(H7,"indeterminate")))),AND(AND(D7="retain",E7="statistical_results"),NOT(OR(EXACT(I7,"substantive"),EXACT(I7,"minor_presentation"),EXACT(I7,"indeterminate")))),AND(AND(D7="retain",E7="statistical_results"),J7<>"",NOT(OR(EXACT(J7,"direct"),EXACT(J7,"possible"),EXACT(J7,"unlikely"),EXACT(J7,"unknown")))),AND(AND(D7="retain",OR(E7="report_internal_inconsistency",E7="plan_material")),NOT(OR(EXACT(K7,"substantive_inconsistency"),EXACT(K7,"minor_presentation"),EXACT(K7,"non_inconsistency"),EXACT(K7,"indeterminate")))),AND(AND(D7="retain",E7="protocol_report"),L7<>"",NOT(OR(EXACT(L7,"substantive_difference"),EXACT(L7,"minor_presentation"),EXACT(L7,"version_timing"),EXACT(L7,"non_inconsistency"),EXACT(L7,"indeterminate"))))),"CHECK FIELDS",IF(AND(F7<>"",NOT(OR(EXACT(F7,"no"),EXACT(F7,"primary_done")))),"CHECK COMPLETE",IF(EXACT(F7,"primary_done"),"PRIMARY READY","PRIMARY DRAFT")))))),"CHECK INPUT / KEY") | H7: =IF(AND(OR(D7="retain",D7=""),E7="statistical_results"),"","not_applicable") | I7: =IF(AND(OR(D7="retain",D7=""),E7="statistical_results"),"","not_applicable") | J7: =IF(AND(OR(D7="retain",D7=""),E7="statistical_results"),"","not_applicable") | K7: minor_presentation | L7: =IF(AND(OR(D7="retain",D7=""),E7="protocol_report"),"","not_applicable") | R7: Protocol appendix p.30 (stat calls): baseline 8.13 per 1000 patient-days and maximum detectable RRR 0.181 'corresponds to an absolute risk reduction of 1.45'. 8.13 x 0.181 = 1.47; even the extreme rounding bounds (1.467 to 1.477) exclude 1.45. Small arithmetic slip in a planning paragraph for a process outcome; no effect on the trial design.
A8: 2018::jama.2018.0948::C007 | B8: Urgent PICU admission rates do not match the printed counts and denominators at conventional rounding | C8: Supplement 1 — PDF p. 30. | D8: retain | E8: plan_material | F8: primary_done | G8: =IFERROR(IF(LEN(TRIM(CLEAN(SUBSTITUTE(Setup!$B$2,CHAR(160)," "))))=0,"CHECK REVIEWER ID",IF(OR(A8="",COUNTIF($A$2:$A$8,A8)<>1,LEFT(A8,LEN("2018::jama.2018.0948::"))<>"2018::jama.2018.0948::"),"CHECK KEY",IF(OR(AND(NOT(AND(D8="retain",E8="statistical_results")),H8<>"",NOT(EXACT(H8,"not_applicable"))),AND(NOT(AND(D8="retain",E8="statistical_results")),I8<>"",NOT(EXACT(I8,"not_applicable"))),AND(NOT(AND(D8="retain",E8="statistical_results")),J8<>"",NOT(EXACT(J8,"not_applicable"))),AND(NOT(AND(D8="retain",OR(E8="report_internal_inconsistency",E8="plan_material"))),K8<>"",NOT(EXACT(K8,"not_applicable"))),AND(NOT(AND(D8="retain",E8="protocol_report")),L8<>"",NOT(EXACT(L8,"not_applicable")))),"CLEAR INACTIVE VALUES",IF(OR(NOT(OR(EXACT(D8,"retain"),EXACT(D8,"exclude"),EXACT(D8,"discuss"))),NOT(OR(EXACT(E8,"statistical_results"),EXACT(E8,"report_internal_inconsistency"),EXACT(E8,"plan_material"),EXACT(E8,"protocol_report"))),AND(AND(D8="retain",E8="statistical_results"),NOT(OR(EXACT(H8,"confirmed_issue"),EXACT(H8,"probable_issue"),EXACT(H8,"not_issue"),EXACT(H8,"indeterminate")))),AND(AND(D8="retain",E8="statistical_results"),NOT(OR(EXACT(I8,"substantive"),EXACT(I8,"minor_presentation"),EXACT(I8,"indeterminate")))),AND(AND(D8="retain",E8="statistical_results"),J8<>"",NOT(OR(EXACT(J8,"direct"),EXACT(J8,"possible"),EXACT(J8,"unlikely"),EXACT(J8,"unknown")))),AND(AND(D8="retain",OR(E8="report_internal_inconsistency",E8="plan_material")),NOT(OR(EXACT(K8,"substantive_inconsistency"),EXACT(K8,"minor_presentation"),EXACT(K8,"non_inconsistency"),EXACT(K8,"indeterminate")))),AND(AND(D8="retain",E8="protocol_report"),L8<>"",NOT(OR(EXACT(L8,"substantive_difference"),EXACT(L8,"minor_presentation"),EXACT(L8,"version_timing"),EXACT(L8,"non_inconsistency"),EXACT(L8,"indeterminate"))))),"CHECK FIELDS",IF(AND(F8<>"",NOT(OR(EXACT(F8,"no"),EXACT(F8,"primary_done")))),"CHECK COMPLETE",IF(EXACT(F8,"primary_done"),"PRIMARY READY","PRIMARY DRAFT")))))),"CHECK INPUT / KEY") | H8: =IF(AND(OR(D8="retain",D8=""),E8="statistical_results"),"","not_applicable") | I8: =IF(AND(OR(D8="retain",D8=""),E8="statistical_results"),"","not_applicable") | J8: =IF(AND(OR(D8="retain",D8=""),E8="statistical_results"),"","not_applicable") | K8: minor_presentation | L8: =IF(AND(OR(D8="retain",D8=""),E8="protocol_report"),"","not_applicable") | R8: Protocol p.30 historical Ontario table: 1052 unplanned PICU admissions, 7300 PICU discharges, 55963 hospital discharges; printed rates 14.5% and 18 per 1000. Computed 1052/7300 = 14.4% and 1052/55963 x 1000 = 18.8 (rounds to 19). Neighboring rates reproduce (65/1052 = 6.2%; 65/55963 = 1.2/1000). Background planning data; minor.

Sheet C_jama.2018.14280
A1: Candidate key | B1: Candidate title | C1: Source location | D1: Disposition | E1: Review domain (AI suggestion; editable) | F1: Complete | G1: Validation hint | H1: Statistcal_or_numerical issue | I1: Substantiveness | J1: Downstream impact | K1: Report-internal or planning-material inconsistency | L1: Protocol interpretation | R1: Notes (optional)
A2: 2018::jama.2018.14280::C001 | B2: Reversed endpoint in the eTable 2 PEEP interquartile range | C2: DOC-004, Supplement 3, eTable 2, Other Mode of Ventilation, after titration on randomization day, intermediate arm, PEEP. | D2: retain | E2: statistical_results | F2: primary_done | G2: =IFERROR(IF(LEN(TRIM(CLEAN(SUBSTITUTE(Setup!$B$2,CHAR(160)," "))))=0,"CHECK REVIEWER ID",IF(OR(A2="",COUNTIF($A$2:$A$24,A2)<>1,LEFT(A2,LEN("2018::jama.2018.14280::"))<>"2018::jama.2018.14280::"),"CHECK KEY",IF(OR(AND(NOT(AND(D2="retain",E2="statistical_results")),H2<>"",NOT(EXACT(H2,"not_applicable"))),AND(NOT(AND(D2="retain",E2="statistical_results")),I2<>"",NOT(EXACT(I2,"not_applicable"))),AND(NOT(AND(D2="retain",E2="statistical_results")),J2<>"",NOT(EXACT(J2,"not_applicable"))),AND(NOT(AND(D2="retain",OR(E2="report_internal_inconsistency",E2="plan_material"))),K2<>"",NOT(EXACT(K2,"not_applicable"))),AND(NOT(AND(D2="retain",E2="protocol_report")),L2<>"",NOT(EXACT(L2,"not_applicable")))),"CLEAR INACTIVE VALUES",IF(OR(NOT(OR(EXACT(D2,"retain"),EXACT(D2,"exclude"),EXACT(D2,"discuss"))),NOT(OR(EXACT(E2,"statistical_results"),EXACT(E2,"report_internal_inconsistency"),EXACT(E2,"plan_material"),EXACT(E2,"protocol_report"))),AND(AND(D2="retain",E2="statistical_results"),NOT(OR(EXACT(H2,"confirmed_issue"),EXACT(H2,"probable_issue"),EXACT(H2,"not_issue"),EXACT(H2,"indeterminate")))),AND(AND(D2="retain",E2="statistical_results"),NOT(OR(EXACT(I2,"substantive"),EXACT(I2,"minor_presentation"),EXACT(I2,"indeterminate")))),AND(AND(D2="retain",E2="statistical_results"),J2<>"",NOT(OR(EXACT(J2,"direct"),EXACT(J2,"possible"),EXACT(J2,"unlikely"),EXACT(J2,"unknown")))),AND(AND(D2="retain",OR(E2="report_internal_inconsistency",E2="plan_material")),NOT(OR(EXACT(K2,"substantive_inconsistency"),EXACT(K2,"minor_presentation"),EXACT(K2,"non_inconsistency"),EXACT(K2,"indeterminate")))),AND(AND(D2="retain",E2="protocol_report"),L2<>"",NOT(OR(EXACT(L2,"substantive_difference"),EXACT(L2,"minor_presentation"),EXACT(L2,"version_timing"),EXACT(L2,"non_inconsistency"),EXACT(L2,"indeterminate"))))),"CHECK FIELDS",IF(AND(F2<>"",NOT(OR(EXACT(F2,"no"),EXACT(F2,"primary_done")))),"CHECK COMPLETE",IF(EXACT(F2,"primary_done"),"PRIMARY READY","PRIMARY DRAFT")))))),"CHECK INPUT / KEY") | H2: confirmed_issue | I2: minor_presentation | J2: unlikely | K2: =IF(AND(OR(D2="retain",D2=""),OR(E2="report_internal_inconsistency",E2="plan_material")),"","not_applicable") | L2: =IF(AND(OR(D2="retain",D2=""),E2="protocol_report"),"","not_applicable") | R2: eTable 2, 'Other mode of ventilation', after titration on the day of randomization, intermediate arm (n = 28): PEEP '8 (5-1)' cm H2O under 'median (interquartile range)'. An upper quartile of 1 below a median of 8 is impossible; the true Q3 is not recoverable. Descriptive value in a small subgroup; minor.
A3: 2018::jama.2018.14280::C002 | B3: At-risk-for-ARDS percentages use undisclosed denominators | C3: DOC-001, Table 1, Patients at risk for ARDS, low and intermediate arms. | D3: retain | E3: statistical_results | F3: primary_done | G3: =IFERROR(IF(LEN(TRIM(CLEAN(SUBSTITUTE(Setup!$B$2,CHAR(160)," "))))=0,"CHECK REVIEWER ID",IF(OR(A3="",COUNTIF($A$2:$A$24,A3)<>1,LEFT(A3,LEN("2018::jama.2018.14280::"))<>"2018::jama.2018.14280::"),"CHECK KEY",IF(OR(AND(NOT(AND(D3="retain",E3="statistical_results")),H3<>"",NOT(EXACT(H3,"not_applicable"))),AND(NOT(AND(D3="retain",E3="statistical_results")),I3<>"",NOT(EXACT(I3,"not_applicable"))),AND(NOT(AND(D3="retain",E3="statistical_results")),J3<>"",NOT(EXACT(J3,"not_applicable"))),AND(NOT(AND(D3="retain",OR(E3="report_internal_inconsistency",E3="plan_material"))),K3<>"",NOT(EXACT(K3,"not_applicable"))),AND(NOT(AND(D3="retain",E3="protocol_report")),L3<>"",NOT(EXACT(L3,"not_applicable")))),"CLEAR INACTIVE VALUES",IF(OR(NOT(OR(EXACT(D3,"retain"),EXACT(D3,"exclude"),EXACT(D3,"discuss"))),NOT(OR(EXACT(E3,"statistical_results"),EXACT(E3,"report_internal_inconsistency"),EXACT(E3,"plan_material"),EXACT(E3,"protocol_report"))),AND(AND(D3="retain",E3="statistical_results"),NOT(OR(EXACT(H3,"confirmed_issue"),EXACT(H3,"probable_issue"),EXACT(H3,"not_issue"),EXACT(H3,"indeterminate")))),AND(AND(D3="retain",E3="statistical_results"),NOT(OR(EXACT(I3,"substantive"),EXACT(I3,"minor_presentation"),EXACT(I3,"indeterminate")))),AND(AND(D3="retain",E3="statistical_results"),J3<>"",NOT(OR(EXACT(J3,"direct"),EXACT(J3,"possible"),EXACT(J3,"unlikely"),EXACT(J3,"unknown")))),AND(AND(D3="retain",OR(E3="report_internal_inconsistency",E3="plan_material")),NOT(OR(EXACT(K3,"substantive_inconsistency"),EXACT(K3,"minor_presentation"),EXACT(K3,"non_inconsistency"),EXACT(K3,"indeterminate")))),AND(AND(D3="retain",E3="protocol_report"),L3<>"",NOT(OR(EXACT(L3,"substantive_difference"),EXACT(L3,"minor_presentation"),EXACT(L3,"version_timing"),EXACT(L3,"non_inconsistency"),EXACT(L3,"indeterminate"))))),"CHECK FIELDS",IF(AND(F3<>"",NOT(OR(EXACT(F3,"no"),EXACT(F3,"primary_done")))),"CHECK COMPLETE",IF(EXACT(F3,"primary_done"),"PRIMARY READY","PRIMARY DRAFT")))))),"CHECK INPUT / KEY") | H3: confirmed_issue | I3: minor_presentation | J3: unlikely | K3: =IF(AND(OR(D3="retain",D3=""),OR(E3="report_internal_inconsistency",E3="plan_material")),"","not_applicable") | L3: =IF(AND(OR(D3="retain",D3=""),E3="protocol_report"),"","not_applicable") | R3: Table 1 'Patients at risk for ARDS': 292 (61.6) and 290 (60.3). Column headers are n = 477 and n = 484 with 'No. (%)'; 292/477 = 61.2% and 290/484 = 59.9%; the printed values reproduce with 474 and 481. Available-case denominators are not shown; arithmetic is otherwise consistent. Undisclosed missing data; minor.
A4: 2018::jama.2018.14280::C003 | B4: Septic-shock percentages use undisclosed denominators | C4: DOC-001, Table 1, Septic shock, low and intermediate arms. | D4: retain | E4: statistical_results | F4: primary_done | G4: =IFERROR(IF(LEN(TRIM(CLEAN(SUBSTITUTE(Setup!$B$2,CHAR(160)," "))))=0,"CHECK REVIEWER ID",IF(OR(A4="",COUNTIF($A$2:$A$24,A4)<>1,LEFT(A4,LEN("2018::jama.2018.14280::"))<>"2018::jama.2018.14280::"),"CHECK KEY",IF(OR(AND(NOT(AND(D4="retain",E4="statistical_results")),H4<>"",NOT(EXACT(H4,"not_applicable"))),AND(NOT(AND(D4="retain",E4="statistical_results")),I4<>"",NOT(EXACT(I4,"not_applicable"))),AND(NOT(AND(D4="retain",E4="statistical_results")),J4<>"",NOT(EXACT(J4,"not_applicable"))),AND(NOT(AND(D4="retain",OR(E4="report_internal_inconsistency",E4="plan_material"))),K4<>"",NOT(EXACT(K4,"not_applicable"))),AND(NOT(AND(D4="retain",E4="protocol_report")),L4<>"",NOT(EXACT(L4,"not_applicable")))),"CLEAR INACTIVE VALUES",IF(OR(NOT(OR(EXACT(D4,"retain"),EXACT(D4,"exclude"),EXACT(D4,"discuss"))),NOT(OR(EXACT(E4,"statistical_results"),EXACT(E4,"report_internal_inconsistency"),EXACT(E4,"plan_material"),EXACT(E4,"protocol_report"))),AND(AND(D4="retain",E4="statistical_results"),NOT(OR(EXACT(H4,"confirmed_issue"),EXACT(H4,"probable_issue"),EXACT(H4,"not_issue"),EXACT(H4,"indeterminate")))),AND(AND(D4="retain",E4="statistical_results"),NOT(OR(EXACT(I4,"substantive"),EXACT(I4,"minor_presentation"),EXACT(I4,"indeterminate")))),AND(AND(D4="retain",E4="statistical_results"),J4<>"",NOT(OR(EXACT(J4,"direct"),EXACT(J4,"possible"),EXACT(J4,"unlikely"),EXACT(J4,"unknown")))),AND(AND(D4="retain",OR(E4="report_internal_inconsistency",E4="plan_material")),NOT(OR(EXACT(K4,"substantive_inconsistency"),EXACT(K4,"minor_presentation"),EXACT(K4,"non_inconsistency"),EXACT(K4,"indeterminate")))),AND(AND(D4="retain",E4="protocol_report"),L4<>"",NOT(OR(EXACT(L4,"substantive_difference"),EXACT(L4,"minor_presentation"),EXACT(L4,"version_timing"),EXACT(L4,"non_inconsistency"),EXACT(L4,"indeterminate"))))),"CHECK FIELDS",IF(AND(F4<>"",NOT(OR(EXACT(F4,"no"),EXACT(F4,"primary_done")))),"CHECK COMPLETE",IF(EXACT(F4,"primary_done"),"PRIMARY READY","PRIMARY DRAFT")))))),"CHECK INPUT / KEY") | H4: confirmed_issue | I4: minor_presentation | J4: unlikely | K4: =IF(AND(OR(D4="retain",D4=""),OR(E4="report_internal_inconsistency",E4="plan_material")),"","not_applicable") | L4: =IF(AND(OR(D4="retain",D4=""),E4="protocol_report"),"","not_applicable") | R4: Table 1 'Septic shock': 82 (17.6) and 74 (15.5). Column headers are n = 477 and n = 484 with 'No. (%)'; 82/477 = 17.2% and 74/484 = 15.3%; the printed values imply denominators of about 465-467 and 476-478. Available-case denominators are not shown; arithmetic is otherwise consistent. Undisclosed missing data; minor.
A5: 2018::jama.2018.14280::C004 | B5: Tobacco-use categories use undisclosed denominators | C5: DOC-001, Table 1, Patient tobacco use, both arms. | D5: retain | E5: statistical_results | F5: primary_done | G5: =IFERROR(IF(LEN(TRIM(CLEAN(SUBSTITUTE(Setup!$B$2,CHAR(160)," "))))=0,"CHECK REVIEWER ID",IF(OR(A5="",COUNTIF($A$2:$A$24,A5)<>1,LEFT(A5,LEN("2018::jama.2018.14280::"))<>"2018::jama.2018.14280::"),"CHECK KEY",IF(OR(AND(NOT(AND(D5="retain",E5="statistical_results")),H5<>"",NOT(EXACT(H5,"not_applicable"))),AND(NOT(AND(D5="retain",E5="statistical_results")),I5<>"",NOT(EXACT(I5,"not_applicable"))),AND(NOT(AND(D5="retain",E5="statistical_results")),J5<>"",NOT(EXACT(J5,"not_applicable"))),AND(NOT(AND(D5="retain",OR(E5="report_internal_inconsistency",E5="plan_material"))),K5<>"",NOT(EXACT(K5,"not_applicable"))),AND(NOT(AND(D5="retain",E5="protocol_report")),L5<>"",NOT(EXACT(L5,"not_applicable")))),"CLEAR INACTIVE VALUES",IF(OR(NOT(OR(EXACT(D5,"retain"),EXACT(D5,"exclude"),EXACT(D5,"discuss"))),NOT(OR(EXACT(E5,"statistical_results"),EXACT(E5,"report_internal_inconsistency"),EXACT(E5,"plan_material"),EXACT(E5,"protocol_report"))),AND(AND(D5="retain",E5="statistical_results"),NOT(OR(EXACT(H5,"confirmed_issue"),EXACT(H5,"probable_issue"),EXACT(H5,"not_issue"),EXACT(H5,"indeterminate")))),AND(AND(D5="retain",E5="statistical_results"),NOT(OR(EXACT(I5,"substantive"),EXACT(I5,"minor_presentation"),EXACT(I5,"indeterminate")))),AND(AND(D5="retain",E5="statistical_results"),J5<>"",NOT(OR(EXACT(J5,"direct"),EXACT(J5,"possible"),EXACT(J5,"unlikely"),EXACT(J5,"unknown")))),AND(AND(D5="retain",OR(E5="report_internal_inconsistency",E5="plan_material")),NOT(OR(EXACT(K5,"substantive_inconsistency"),EXACT(K5,"minor_presentation"),EXACT(K5,"non_inconsistency"),EXACT(K5,"indeterminate")))),AND(AND(D5="retain",E5="protocol_report"),L5<>"",NOT(OR(EXACT(L5,"substantive_difference"),EXACT(L5,"minor_presentation"),EXACT(L5,"version_timing"),EXACT(L5,"non_inconsistency"),EXACT(L5,"indeterminate"))))),"CHECK FIELDS",IF(AND(F5<>"",NOT(OR(EXACT(F5,"no"),EXACT(F5,"primary_done")))),"CHECK COMPLETE",IF(EXACT(F5,"primary_done"),"PRIMARY READY","PRIMARY DRAFT")))))),"CHECK INPUT / KEY") | H5: confirmed_issue | I5: minor_presentation | J5: unlikely | K5: =IF(AND(OR(D5="retain",D5=""),OR(E5="report_internal_inconsistency",E5="plan_material")),"","not_applicable") | L5: =IF(AND(OR(D5="retain",D5=""),E5="protocol_report"),"","not_applicable") | R5: Table 1 'Patient tobacco use': 106+97+75+197 = 475 and 111+97+80+194 = 482 (including an 'Unknown' row). Column headers are n = 477 and n = 484 with 'No. (%)'; category counts sum to 475/482, not 477/484, and percentages use 475/482 (e.g., 106/475 = 22.3%). Available-case denominators are not shown; arithmetic is otherwise consistent. Undisclosed missing data; minor.
A6: 2018::jama.2018.14280::C005 | B6: Alcohol-use categories use undisclosed denominators | C6: DOC-001, Table 1, Patient alcohol use, both arms. | D6: retain | E6: statistical_results | F6: primary_done | G6: =IFERROR(IF(LEN(TRIM(CLEAN(SUBSTITUTE(Setup!$B$2,CHAR(160)," "))))=0,"CHECK REVIEWER ID",IF(OR(A6="",COUNTIF($A$2:$A$24,A6)<>1,LEFT(A6,LEN("2018::jama.2018.14280::"))<>"2018::jama.2018.14280::"),"CHECK KEY",IF(OR(AND(NOT(AND(D6="retain",E6="statistical_results")),H6<>"",NOT(EXACT(H6,"not_applicable"))),AND(NOT(AND(D6="retain",E6="statistical_results")),I6<>"",NOT(EXACT(I6,"not_applicable"))),AND(NOT(AND(D6="retain",E6="statistical_results")),J6<>"",NOT(EXACT(J6,"not_applicable"))),AND(NOT(AND(D6="retain",OR(E6="report_internal_inconsistency",E6="plan_material"))),K6<>"",NOT(EXACT(K6,"not_applicable"))),AND(NOT(AND(D6="retain",E6="protocol_report")),L6<>"",NOT(EXACT(L6,"not_applicable")))),"CLEAR INACTIVE VALUES",IF(OR(NOT(OR(EXACT(D6,"retain"),EXACT(D6,"exclude"),EXACT(D6,"discuss"))),NOT(OR(EXACT(E6,"statistical_results"),EXACT(E6,"report_internal_inconsistency"),EXACT(E6,"plan_material"),EXACT(E6,"protocol_report"))),AND(AND(D6="retain",E6="statistical_results"),NOT(OR(EXACT(H6,"confirmed_issue"),EXACT(H6,"probable_issue"),EXACT(H6,"not_issue"),EXACT(H6,"indeterminate")))),AND(AND(D6="retain",E6="statistical_results"),NOT(OR(EXACT(I6,"substantive"),EXACT(I6,"minor_presentation"),EXACT(I6,"indeterminate")))),AND(AND(D6="retain",E6="statistical_results"),J6<>"",NOT(OR(EXACT(J6,"direct"),EXACT(J6,"possible"),EXACT(J6,"unlikely"),EXACT(J6,"unknown")))),AND(AND(D6="retain",OR(E6="report_internal_inconsistency",E6="plan_material")),NOT(OR(EXACT(K6,"substantive_inconsistency"),EXACT(K6,"minor_presentation"),EXACT(K6,"non_inconsistency"),EXACT(K6,"indeterminate")))),AND(AND(D6="retain",E6="protocol_report"),L6<>"",NOT(OR(EXACT(L6,"substantive_difference"),EXACT(L6,"minor_presentation"),EXACT(L6,"version_timing"),EXACT(L6,"non_inconsistency"),EXACT(L6,"indeterminate"))))),"CHECK FIELDS",IF(AND(F6<>"",NOT(OR(EXACT(F6,"no"),EXACT(F6,"primary_done")))),"CHECK COMPLETE",IF(EXACT(F6,"primary_done"),"PRIMARY READY","PRIMARY DRAFT")))))),"CHECK INPUT / KEY") | H6: confirmed_issue | I6: minor_presentation | J6: unlikely | K6: =IF(AND(OR(D6="retain",D6=""),OR(E6="report_internal_inconsistency",E6="plan_material")),"","not_applicable") | L6: =IF(AND(OR(D6="retain",D6=""),E6="protocol_report"),"","not_applicable") | R6: Table 1 'Patient alcohol use': 121+47+26+59+222 = 475 and 92+61+30+56+243 = 482 (including 'Unknown'). Column headers are n = 477 and n = 484 with 'No. (%)'; percentages use 475/482 (121/475 = 25.5%, 92/482 = 19.1%). Available-case denominators are not shown; arithmetic is otherwise consistent. Undisclosed missing data; minor.
A7: 2018::jama.2018.14280::C006 | B7: ICU-admission categories use undisclosed denominators | C7: DOC-001, Table 1, Reason for ICU admission, both arms. | D7: retain | E7: statistical_results | F7: primary_done | G7: =IFERROR(IF(LEN(TRIM(CLEAN(SUBSTITUTE(Setup!$B$2,CHAR(160)," "))))=0,"CHECK REVIEWER ID",IF(OR(A7="",COUNTIF($A$2:$A$24,A7)<>1,LEFT(A7,LEN("2018::jama.2018.14280::"))<>"2018::jama.2018.14280::"),"CHECK KEY",IF(OR(AND(NOT(AND(D7="retain",E7="statistical_results")),H7<>"",NOT(EXACT(H7,"not_applicable"))),AND(NOT(AND(D7="retain",E7="statistical_results")),I7<>"",NOT(EXACT(I7,"not_applicable"))),AND(NOT(AND(D7="retain",E7="statistical_results")),J7<>"",NOT(EXACT(J7,"not_applicable"))),AND(NOT(AND(D7="retain",OR(E7="report_internal_inconsistency",E7="plan_material"))),K7<>"",NOT(EXACT(K7,"not_applicable"))),AND(NOT(AND(D7="retain",E7="protocol_report")),L7<>"",NOT(EXACT(L7,"not_applicable")))),"CLEAR INACTIVE VALUES",IF(OR(NOT(OR(EXACT(D7,"retain"),EXACT(D7,"exclude"),EXACT(D7,"discuss"))),NOT(OR(EXACT(E7,"statistical_results"),EXACT(E7,"report_internal_inconsistency"),EXACT(E7,"plan_material"),EXACT(E7,"protocol_report"))),AND(AND(D7="retain",E7="statistical_results"),NOT(OR(EXACT(H7,"confirmed_issue"),EXACT(H7,"probable_issue"),EXACT(H7,"not_issue"),EXACT(H7,"indeterminate")))),AND(AND(D7="retain",E7="statistical_results"),NOT(OR(EXACT(I7,"substantive"),EXACT(I7,"minor_presentation"),EXACT(I7,"indeterminate")))),AND(AND(D7="retain",E7="statistical_results"),J7<>"",NOT(OR(EXACT(J7,"direct"),EXACT(J7,"possible"),EXACT(J7,"unlikely"),EXACT(J7,"unknown")))),AND(AND(D7="retain",OR(E7="report_internal_inconsistency",E7="plan_material")),NOT(OR(EXACT(K7,"substantive_inconsistency"),EXACT(K7,"minor_presentation"),EXACT(K7,"non_inconsistency"),EXACT(K7,"indeterminate")))),AND(AND(D7="retain",E7="protocol_report"),L7<>"",NOT(OR(EXACT(L7,"substantive_difference"),EXACT(L7,"minor_presentation"),EXACT(L7,"version_timing"),EXACT(L7,"non_inconsistency"),EXACT(L7,"indeterminate"))))),"CHECK FIELDS",IF(AND(F7<>"",NOT(OR(EXACT(F7,"no"),EXACT(F7,"primary_done")))),"CHECK COMPLETE",IF(EXACT(F7,"primary_done"),"PRIMARY READY","PRIMARY DRAFT")))))),"CHECK INPUT / KEY") | H7: confirmed_issue | I7: minor_presentation | J7: unlikely | K7: =IF(AND(OR(D7="retain",D7=""),OR(E7="report_internal_inconsistency",E7="plan_material")),"","not_applicable") | L7: =IF(AND(OR(D7="retain",D7=""),E7="protocol_report"),"","not_applicable") | R7: Table 1 'Reason for ICU admission': 82+393 = 475 and 79+403 = 482. Column headers are n = 477 and n = 484 with 'No. (%)'; percentages use 475/482 (82/475 = 17.3%, 79/482 = 16.4%). Available-case denominators are not shown; arithmetic is otherwise consistent. Undisclosed missing data; minor.
A8: 2018::jama.2018.14280::C007 | B8: Sedative-infusion percentages omit effective denominators | C8: DOC-004, Supplement 3, eTable 4, Sedative infusion. | D8: retain | E8: statistical_results | F8: primary_done | G8: =IFERROR(IF(LEN(TRIM(CLEAN(SUBSTITUTE(Setup!$B$2,CHAR(160)," "))))=0,"CHECK REVIEWER ID",IF(OR(A8="",COUNTIF($A$2:$A$24,A8)<>1,LEFT(A8,LEN("2018::jama.2018.14280::"))<>"2018::jama.2018.14280::"),"CHECK KEY",IF(OR(AND(NOT(AND(D8="retain",E8="statistical_results")),H8<>"",NOT(EXACT(H8,"not_applicable"))),AND(NOT(AND(D8="retain",E8="statistical_results")),I8<>"",NOT(EXACT(I8,"not_applicable"))),AND(NOT(AND(D8="retain",E8="statistical_results")),J8<>"",NOT(EXACT(J8,"not_applicable"))),AND(NOT(AND(D8="retain",OR(E8="report_internal_inconsistency",E8="plan_material"))),K8<>"",NOT(EXACT(K8,"not_applicable"))),AND(NOT(AND(D8="retain",E8="protocol_report")),L8<>"",NOT(EXACT(L8,"not_applicable")))),"CLEAR INACTIVE VALUES",IF(OR(NOT(OR(EXACT(D8,"retain"),EXACT(D8,"exclude"),EXACT(D8,"discuss"))),NOT(OR(EXACT(E8,"statistical_results"),EXACT(E8,"report_internal_inconsistency"),EXACT(E8,"plan_material"),EXACT(E8,"protocol_report"))),AND(AND(D8="retain",E8="statistical_results"),NOT(OR(EXACT(H8,"confirmed_issue"),EXACT(H8,"probable_issue"),EXACT(H8,"not_issue"),EXACT(H8,"indeterminate")))),AND(AND(D8="retain",E8="statistical_results"),NOT(OR(EXACT(I8,"substantive"),EXACT(I8,"minor_presentation"),EXACT(I8,"indeterminate")))),AND(AND(D8="retain",E8="statistical_results"),J8<>"",NOT(OR(EXACT(J8,"direct"),EXACT(J8,"possible"),EXACT(J8,"unlikely"),EXACT(J8,"unknown")))),AND(AND(D8="retain",OR(E8="report_internal_inconsistency",E8="plan_material")),NOT(OR(EXACT(K8,"substantive_inconsistency"),EXACT(K8,"minor_presentation"),EXACT(K8,"non_inconsistency"),EXACT(K8,"indeterminate")))),AND(AND(D8="retain",E8="protocol_report"),L8<>"",NOT(OR(EXACT(L8,"substantive_difference"),EXACT(L8,"minor_presentation"),EXACT(L8,"version_timing"),EXACT(L8,"non_inconsistency"),EXACT(L8,"indeterminate"))))),"CHECK FIELDS",IF(AND(F8<>"",NOT(OR(EXACT(F8,"no"),EXACT(F8,"primary_done")))),"CHECK COMPLETE",IF(EXACT(F8,"primary_done"),"PRIMARY READY","PRIMARY DRAFT")))))),"CHECK INPUT / KEY") | H8: confirmed_issue | I8: minor_presentation | J8: unlikely | K8: =IF(AND(OR(D8="retain",D8=""),OR(E8="report_internal_inconsistency",E8="plan_material")),"","not_applicable") | L8: =IF(AND(OR(D8="retain",D8=""),E8="protocol_report"),"","not_applicable") | R8: eTable 4 'Sedative infusion': 320 (70.6) and 333 (72.1) under headers n = 477/484, while the note says 'number / total (%)' and other rows print totals (e.g., colloids 100/454, 107/464). 320/477 = 67.1%, 333/484 = 68.8%; only denominators 453 and 462 reproduce the printed values. Undisclosed available-case denominators; minor.
A9: 2018::jama.2018.14280::C008 | B9: Analgesic-infusion percentages omit effective denominators | C9: DOC-004, Supplement 3, eTable 4, Analgesic infusion. | D9: retain | E9: statistical_results | F9: primary_done | G9: =IFERROR(IF(LEN(TRIM(CLEAN(SUBSTITUTE(Setup!$B$2,CHAR(160)," "))))=0,"CHECK REVIEWER ID",IF(OR(A9="",COUNTIF($A$2:$A$24,A9)<>1,LEFT(A9,LEN("2018::jama.2018.14280::"))<>"2018::jama.2018.14280::"),"CHECK KEY",IF(OR(AND(NOT(AND(D9="retain",E9="statistical_results")),H9<>"",NOT(EXACT(H9,"not_applicable"))),AND(NOT(AND(D9="retain",E9="statistical_results")),I9<>"",NOT(EXACT(I9,"not_applicable"))),AND(NOT(AND(D9="retain",E9="statistical_results")),J9<>"",NOT(EXACT(J9,"not_applicable"))),AND(NOT(AND(D9="retain",OR(E9="report_internal_inconsistency",E9="plan_material"))),K9<>"",NOT(EXACT(K9,"not_applicable"))),AND(NOT(AND(D9="retain",E9="protocol_report")),L9<>"",NOT(EXACT(L9,"not_applicable")))),"CLEAR INACTIVE VALUES",IF(OR(NOT(OR(EXACT(D9,"retain"),EXACT(D9,"exclude"),EXACT(D9,"discuss"))),NOT(OR(EXACT(E9,"statistical_results"),EXACT(E9,"report_internal_inconsistency"),EXACT(E9,"plan_material"),EXACT(E9,"protocol_report"))),AND(AND(D9="retain",E9="statistical_results"),NOT(OR(EXACT(H9,"confirmed_issue"),EXACT(H9,"probable_issue"),EXACT(H9,"not_issue"),EXACT(H9,"indeterminate")))),AND(AND(D9="retain",E9="statistical_results"),NOT(OR(EXACT(I9,"substantive"),EXACT(I9,"minor_presentation"),EXACT(I9,"indeterminate")))),AND(AND(D9="retain",E9="statistical_results"),J9<>"",NOT(OR(EXACT(J9,"direct"),EXACT(J9,"possible"),EXACT(J9,"unlikely"),EXACT(J9,"unknown")))),AND(AND(D9="retain",OR(E9="report_internal_inconsistency",E9="plan_material")),NOT(OR(EXACT(K9,"substantive_inconsistency"),EXACT(K9,"minor_presentation"),EXACT(K9,"non_inconsistency"),EXACT(K9,"indeterminate")))),AND(AND(D9="retain",E9="protocol_report"),L9<>"",NOT(OR(EXACT(L9,"substantive_difference"),EXACT(L9,"minor_presentation"),EXACT(L9,"version_timing"),EXACT(L9,"non_inconsistency"),EXACT(L9,"indeterminate"))))),"CHECK FIELDS",IF(AND(F9<>"",NOT(OR(EXACT(F9,"no"),EXACT(F9,"primary_done")))),"CHECK COMPLETE",IF(EXACT(F9,"primary_done"),"PRIMARY READY","PRIMARY DRAFT")))))),"CHECK INPUT / KEY") | H9: confirmed_issue | I9: minor_presentation | J9: unlikely | K9: =IF(AND(OR(D9="retain",D9=""),OR(E9="report_internal_inconsistency",E9="plan_material")),"","not_applicable") | L9: =IF(AND(OR(D9="retain",D9=""),E9="protocol_report"),"","not_applicable") | R9: eTable 4 'Analgesic infusion': 277 (61.1) and 273 (59.1) under headers n = 477/484, while the note says 'number / total (%)' and other rows print totals (e.g., colloids 100/454, 107/464). 277/477 = 58.1%, 273/484 = 56.4%; only 453 and 462 reproduce them. Undisclosed available-case denominators; minor.
A10: 2018::jama.2018.14280::C009 | B10: Neuromuscular-blockade percentages omit effective denominators | C10: DOC-004, Supplement 3, eTable 4, Neuromuscular blockade. | D10: retain | E10: statistical_results | F10: primary_done | G10: =IFERROR(IF(LEN(TRIM(CLEAN(SUBSTITUTE(Setup!$B$2,CHAR(160)," "))))=0,"CHECK REVIEWER ID",IF(OR(A10="",COUNTIF($A$2:$A$24,A10)<>1,LEFT(A10,LEN("2018::jama.2018.14280::"))<>"2018::jama.2018.14280::"),"CHECK KEY",IF(OR(AND(NOT(AND(D10="retain",E10="statistical_results")),H10<>"",NOT(EXACT(H10,"not_applicable"))),AND(NOT(AND(D10="retain",E10="statistical_results")),I10<>"",NOT(EXACT(I10,"not_applicable"))),AND(NOT(AND(D10="retain",E10="statistical_results")),J10<>"",NOT(EXACT(J10,"not_applicable"))),AND(NOT(AND(D10="retain",OR(E10="report_internal_inconsistency",E10="plan_material"))),K10<>"",NOT(EXACT(K10,"not_applicable"))),AND(NOT(AND(D10="retain",E10="protocol_report")),L10<>"",NOT(EXACT(L10,"not_applicable")))),"CLEAR INACTIVE VALUES",IF(OR(NOT(OR(EXACT(D10,"retain"),EXACT(D10,"exclude"),EXACT(D10,"discuss"))),NOT(OR(EXACT(E10,"statistical_results"),EXACT(E10,"report_internal_inconsistency"),EXACT(E10,"plan_material"),EXACT(E10,"protocol_report"))),AND(AND(D10="retain",E10="statistical_results"),NOT(OR(EXACT(H10,"confirmed_issue"),EXACT(H10,"probable_issue"),EXACT(H10,"not_issue"),EXACT(H10,"indeterminate")))),AND(AND(D10="retain",E10="statistical_results"),NOT(OR(EXACT(I10,"substantive"),EXACT(I10,"minor_presentation"),EXACT(I10,"indeterminate")))),AND(AND(D10="retain",E10="statistical_results"),J10<>"",NOT(OR(EXACT(J10,"direct"),EXACT(J10,"possible"),EXACT(J10,"unlikely"),EXACT(J10,"unknown")))),AND(AND(D10="retain",OR(E10="report_internal_inconsistency",E10="plan_material")),NOT(OR(EXACT(K10,"substantive_inconsistency"),EXACT(K10,"minor_presentation"),EXACT(K10,"non_inconsistency"),EXACT(K10,"indeterminate")))),AND(AND(D10="retain",E10="protocol_report"),L10<>"",NOT(OR(EXACT(L10,"substantive_difference"),EXACT(L10,"minor_presentation"),EXACT(L10,"version_timing"),EXACT(L10,"non_inconsistency"),EXACT(L10,"indeterminate"))))),"CHECK FIELDS",IF(AND(F10<>"",NOT(OR(EXACT(F10,"no"),EXACT(F10,"primary_done")))),"CHECK COMPLETE",IF(EXACT(F10,"primary_done"),"PRIMARY READY","PRIMARY DRAFT")))))),"CHECK INPUT / KEY") | H10: confirmed_issue | I10: minor_presentation | J10: unlikely | K10: =IF(AND(OR(D10="retain",D10=""),OR(E10="report_internal_inconsistency",E10="plan_material")),"","not_applicable") | L10: =IF(AND(OR(D10="retain",D10=""),E10="protocol_report"),"","not_applicable") | R10: eTable 4 'Neuromuscular blockade': 53 (11.7) and 60 (13.0) under headers n = 477/484, while the note says 'number / total (%)' and other rows print totals (e.g., colloids 100/454, 107/464). 53/477 = 11.1%, 60/484 = 12.4%; denominators 452-454 and 460-463 reproduce them. Undisclosed available-case denominators; minor.
A11: 2018::jama.2018.14280::C010 | B11: Vasopressor-use percentages omit effective denominators | C11: DOC-004, Supplement 3, eTable 4, Use of vasopressors. | D11: retain | E11: statistical_results | F11: primary_done | G11: =IFERROR(IF(LEN(TRIM(CLEAN(SUBSTITUTE(Setup!$B$2,CHAR(160)," "))))=0,"CHECK REVIEWER ID",IF(OR(A11="",COUNTIF($A$2:$A$24,A11)<>1,LEFT(A11,LEN("2018::jama.2018.14280::"))<>"2018::jama.2018.14280::"),"CHECK KEY",IF(OR(AND(NOT(AND(D11="retain",E11="statistical_results")),H11<>"",NOT(EXACT(H11,"not_applicable"))),AND(NOT(AND(D11="retain",E11="statistical_results")),I11<>"",NOT(EXACT(I11,"not_applicable"))),AND(NOT(AND(D11="retain",E11="statistical_results")),J11<>"",NOT(EXACT(J11,"not_applicable"))),AND(NOT(AND(D11="retain",OR(E11="report_internal_inconsistency",E11="plan_material"))),K11<>"",NOT(EXACT(K11,"not_applicable"))),AND(NOT(AND(D11="retain",E11="protocol_report")),L11<>"",NOT(EXACT(L11,"not_applicable")))),"CLEAR INACTIVE VALUES",IF(OR(NOT(OR(EXACT(D11,"retain"),EXACT(D11,"exclude"),EXACT(D11,"discuss"))),NOT(OR(EXACT(E11,"statistical_results"),EXACT(E11,"report_internal_inconsistency"),EXACT(E11,"plan_material"),EXACT(E11,"protocol_report"))),AND(AND(D11="retain",E11="statistical_results"),NOT(OR(EXACT(H11,"confirmed_issue"),EXACT(H11,"probable_issue"),EXACT(H11,"not_issue"),EXACT(H11,"indeterminate")))),AND(AND(D11="retain",E11="statistical_results"),NOT(OR(EXACT(I11,"substantive"),EXACT(I11,"minor_presentation"),EXACT(I11,"indeterminate")))),AND(AND(D11="retain",E11="statistical_results"),J11<>"",NOT(OR(EXACT(J11,"direct"),EXACT(J11,"possible"),EXACT(J11,"unlikely"),EXACT(J11,"unknown")))),AND(AND(D11="retain",OR(E11="report_internal_inconsistency",E11="plan_material")),NOT(OR(EXACT(K11,"substantive_inconsistency"),EXACT(K11,"minor_presentation"),EXACT(K11,"non_inconsistency"),EXACT(K11,"indeterminate")))),AND(AND(D11="retain",E11="protocol_report"),L11<>"",NOT(OR(EXACT(L11,"substantive_difference"),EXACT(L11,"minor_presentation"),EXACT(L11,"version_timing"),EXACT(L11,"non_inconsistency"),EXACT(L11,"indeterminate"))))),"CHECK FIELDS",IF(AND(F11<>"",NOT(OR(EXACT(F11,"no"),EXACT(F11,"primary_done")))),"CHECK COMPLETE",IF(EXACT(F11,"primary_done"),"PRIMARY READY","PRIMARY DRAFT")))))),"CHECK INPUT / KEY") | H11: confirmed_issue | I11: minor_presentation | J11: unlikely | K11: =IF(AND(OR(D11="retain",D11=""),OR(E11="report_internal_inconsistency",E11="plan_material")),"","not_applicable") | L11: =IF(AND(OR(D11="retain",D11=""),E11="protocol_report"),"","not_applicable") | R11: eTable 4 'Use of vasopressors': 363 (80.0) and 353 (76.4) under headers n = 477/484, while the note says 'number / total (%)' and other rows print totals (e.g., colloids 100/454, 107/464). 363/477 = 76.1%, 353/484 = 72.9%; only 454 and 462 reproduce them. Undisclosed available-case denominators; minor.
A12: 2018::jama.2018.14280::C011 | B12: Mortality effect-measure wording conflicts with Table 2 and the SAP | C12: DOC-001 Statistical Analysis and Table 2/footnotes; DOC-003 SAP secondary outcomes. | D12: retain | E12: report_internal_inconsistency | F12: primary_done | G12: =IFERROR(IF(LEN(TRIM(CLEAN(SUBSTITUTE(Setup!$B$2,CHAR(160)," "))))=0,"CHECK REVIEWER ID",IF(OR(A12="",COUNTIF($A$2:$A$24,A12)<>1,LEFT(A12,LEN("2018::jama.2018.14280::"))<>"2018::jama.2018.14280::"),"CHECK KEY",IF(OR(AND(NOT(AND(D12="retain",E12="statistical_results")),H12<>"",NOT(EXACT(H12,"not_applicable"))),AND(NOT(AND(D12="retain",E12="statistical_results")),I12<>"",NOT(EXACT(I12,"not_applicable"))),AND(NOT(AND(D12="retain",E12="statistical_results")),J12<>"",NOT(EXACT(J12,"not_applicable"))),AND(NOT(AND(D12="retain",OR(E12="report_internal_inconsistency",E12="plan_material"))),K12<>"",NOT(EXACT(K12,"not_applicable"))),AND(NOT(AND(D12="retain",E12="protocol_report")),L12<>"",NOT(EXACT(L12,"not_applicable")))),"CLEAR INACTIVE VALUES",IF(OR(NOT(OR(EXACT(D12,"retain"),EXACT(D12,"exclude"),EXACT(D12,"discuss"))),NOT(OR(EXACT(E12,"statistical_results"),EXACT(E12,"report_internal_inconsistency"),EXACT(E12,"plan_material"),EXACT(E12,"protocol_report"))),AND(AND(D12="retain",E12="statistical_results"),NOT(OR(EXACT(H12,"confirmed_issue"),EXACT(H12,"probable_issue"),EXACT(H12,"not_issue"),EXACT(H12,"indeterminate")))),AND(AND(D12="retain",E12="statistical_results"),NOT(OR(EXACT(I12,"substantive"),EXACT(I12,"minor_presentation"),EXACT(I12,"indeterminate")))),AND(AND(D12="retain",E12="statistical_results"),J12<>"",NOT(OR(EXACT(J12,"direct"),EXACT(J12,"possible"),EXACT(J12,"unlikely"),EXACT(J12,"unknown")))),AND(AND(D12="retain",OR(E12="report_internal_inconsistency",E12="plan_material")),NOT(OR(EXACT(K12,"substantive_inconsistency"),EXACT(K12,"minor_presentation"),EXACT(K12,"non_inconsistency"),EXACT(K12,"indeterminate")))),AND(AND(D12="retain",E12="protocol_report"),L12<>"",NOT(OR(EXACT(L12,"substantive_difference"),EXACT(L12,"minor_presentation"),EXACT(L12,"version_timing"),EXACT(L12,"non_inconsistency"),EXACT(L12,"indeterminate"))))),"CHECK FIELDS",IF(AND(F12<>"",NOT(OR(EXACT(F12,"no"),EXACT(F12,"primary_done")))),"CHECK COMPLETE",IF(EXACT(F12,"primary_done"),"PRIMARY READY","PRIMARY DRAFT")))))),"CHECK INPUT / KEY") | H12: =IF(AND(OR(D12="retain",D12=""),E12="statistical_results"),"","not_applicable") | I12: =IF(AND(OR(D12="retain",D12=""),E12="statistical_results"),"","not_applicable") | J12: =IF(AND(OR(D12="retain",D12=""),E12="statistical_results"),"","not_applicable") | K12: minor_presentation | L12: =IF(AND(OR(D12="retain",D12=""),E12="protocol_report"),"","not_applicable") | R12: Methods p.4: 'ICU and hospital length of stay and mortality rates were compared using Kaplan-Meier survival curves and reported as hazard ratios ... Cox'. Table 2 reports ICU/hospital mortality as RRs (note c), only 28/90-day mortality as HRs, and LOS as mean differences (note a); the SAP matches the table. Overbroad Methods sentence; minor.
A13: 2018::jama.2018.14280::C012 | B13: ICU-mortality RR does not reproduce from printed risks | C13: DOC-001, Table 2, ICU mortality and footnote c. | D13: retain | E13: statistical_results | F13: primary_done | G13: =IFERROR(IF(LEN(TRIM(CLEAN(SUBSTITUTE(Setup!$B$2,CHAR(160)," "))))=0,"CHECK REVIEWER ID",IF(OR(A13="",COUNTIF($A$2:$A$24,A13)<>1,LEFT(A13,LEN("2018::jama.2018.14280::"))<>"2018::jama.2018.14280::"),"CHECK KEY",IF(OR(AND(NOT(AND(D13="retain",E13="statistical_results")),H13<>"",NOT(EXACT(H13,"not_applicable"))),AND(NOT(AND(D13="retain",E13="statistical_results")),I13<>"",NOT(EXACT(I13,"not_applicable"))),AND(NOT(AND(D13="retain",E13="statistical_results")),J13<>"",NOT(EXACT(J13,"not_applicable"))),AND(NOT(AND(D13="retain",OR(E13="report_internal_inconsistency",E13="plan_material"))),K13<>"",NOT(EXACT(K13,"not_applicable"))),AND(NOT(AND(D13="retain",E13="protocol_report")),L13<>"",NOT(EXACT(L13,"not_applicable")))),"CLEAR INACTIVE VALUES",IF(OR(NOT(OR(EXACT(D13,"retain"),EXACT(D13,"exclude"),EXACT(D13,"discuss"))),NOT(OR(EXACT(E13,"statistical_results"),EXACT(E13,"report_internal_inconsistency"),EXACT(E13,"plan_material"),EXACT(E13,"protocol_report"))),AND(AND(D13="retain",E13="statistical_results"),NOT(OR(EXACT(H13,"confirmed_issue"),EXACT(H13,"probable_issue"),EXACT(H13,"not_issue"),EXACT(H13,"indeterminate")))),AND(AND(D13="retain",E13="statistical_results"),NOT(OR(EXACT(I13,"substantive"),EXACT(I13,"minor_presentation"),EXACT(I13,"indeterminate")))),AND(AND(D13="retain",E13="statistical_results"),J13<>"",NOT(OR(EXACT(J13,"direct"),EXACT(J13,"possible"),EXACT(J13,"unlikely"),EXACT(J13,"unknown")))),AND(AND(D13="retain",OR(E13="report_internal_inconsistency",E13="plan_material")),NOT(OR(EXACT(K13,"substantive_inconsistency"),EXACT(K13,"minor_presentation"),EXACT(K13,"non_inconsistency"),EXACT(K13,"indeterminate")))),AND(AND(D13="retain",E13="protocol_report"),L13<>"",NOT(OR(EXACT(L13,"substantive_difference"),EXACT(L13,"minor_presentation"),EXACT(L13,"version_timing"),EXACT(L13,"non_inconsistency"),EXACT(L13,"indeterminate"))))),"CHECK FIELDS",IF(AND(F13<>"",NOT(OR(EXACT(F13,"no"),EXACT(F13,"primary_done")))),"CHECK COMPLETE",IF(EXACT(F13,"primary_done"),"PRIMARY READY","PRIMARY DRAFT")))))),"CHECK INPUT / KEY") | H13: confirmed_issue | I13: substantive | J13: direct | K13: =IF(AND(OR(D13="retain",D13=""),OR(E13="report_internal_inconsistency",E13="plan_material")),"","not_applicable") | L13: =IF(AND(OR(D13="retain",D13=""),E13="protocol_report"),"","not_applicable") | R13: Table 2 ICU mortality: 132/450 vs 115/458; printed RR 1.11 (0.96-1.27), P = 0.15. Crude RR = 1.17 (Wald 0.94-1.45); chi-square P = 0.15 matches the printed P. Across all 10 RR rows the printed RRs differ from the crude ratios and the CIs are about half the valid width, though note c and Methods describe no adjustment. RR and CI not reproducible.
A14: 2018::jama.2018.14280::C013 | B14: Hospital-mortality RR does not reproduce from printed risks | C14: DOC-001, Table 2, hospital mortality and footnote c. | D14: retain | E14: statistical_results | F14: primary_done | G14: =IFERROR(IF(LEN(TRIM(CLEAN(SUBSTITUTE(Setup!$B$2,CHAR(160)," "))))=0,"CHECK REVIEWER ID",IF(OR(A14="",COUNTIF($A$2:$A$24,A14)<>1,LEFT(A14,LEN("2018::jama.2018.14280::"))<>"2018::jama.2018.14280::"),"CHECK KEY",IF(OR(AND(NOT(AND(D14="retain",E14="statistical_results")),H14<>"",NOT(EXACT(H14,"not_applicable"))),AND(NOT(AND(D14="retain",E14="statistical_results")),I14<>"",NOT(EXACT(I14,"not_applicable"))),AND(NOT(AND(D14="retain",E14="statistical_results")),J14<>"",NOT(EXACT(J14,"not_applicable"))),AND(NOT(AND(D14="retain",OR(E14="report_internal_inconsistency",E14="plan_material"))),K14<>"",NOT(EXACT(K14,"not_applicable"))),AND(NOT(AND(D14="retain",E14="protocol_report")),L14<>"",NOT(EXACT(L14,"not_applicable")))),"CLEAR INACTIVE VALUES",IF(OR(NOT(OR(EXACT(D14,"retain"),EXACT(D14,"exclude"),EXACT(D14,"discuss"))),NOT(OR(EXACT(E14,"statistical_results"),EXACT(E14,"report_internal_inconsistency"),EXACT(E14,"plan_material"),EXACT(E14,"protocol_report"))),AND(AND(D14="retain",E14="statistical_results"),NOT(OR(EXACT(H14,"confirmed_issue"),EXACT(H14,"probable_issue"),EXACT(H14,"not_issue"),EXACT(H14,"indeterminate")))),AND(AND(D14="retain",E14="statistical_results"),NOT(OR(EXACT(I14,"substantive"),EXACT(I14,"minor_presentation"),EXACT(I14,"indeterminate")))),AND(AND(D14="retain",E14="statistical_results"),J14<>"",NOT(OR(EXACT(J14,"direct"),EXACT(J14,"possible"),EXACT(J14,"unlikely"),EXACT(J14,"unknown")))),AND(AND(D14="retain",OR(E14="report_internal_inconsistency",E14="plan_material")),NOT(OR(EXACT(K14,"substantive_inconsistency"),EXACT(K14,"minor_presentation"),EXACT(K14,"non_inconsistency"),EXACT(K14,"indeterminate")))),AND(AND(D14="retain",E14="protocol_report"),L14<>"",NOT(OR(EXACT(L14,"substantive_difference"),EXACT(L14,"minor_presentation"),EXACT(L14,"version_timing"),EXACT(L14,"non_inconsistency"),EXACT(L14,"indeterminate"))))),"CHECK FIELDS",IF(AND(F14<>"",NOT(OR(EXACT(F14,"no"),EXACT(F14,"primary_done")))),"CHECK COMPLETE",IF(EXACT(F14,"primary_done"),"PRIMARY READY","PRIMARY DRAFT")))))),"CHECK INPUT / KEY") | H14: confirmed_issue | I14: substantive | J14: direct | K14: =IF(AND(OR(D14="retain",D14=""),OR(E14="report_internal_inconsistency",E14="plan_material")),"","not_applicable") | L14: =IF(AND(OR(D14="retain",D14=""),E14="protocol_report"),"","not_applicable") | R14: Table 2 Hospital mortality: 151/477 vs 140/484; printed RR 1.06 (0.93-1.22), P = 0.35. Crude RR = 1.09 (Wald 0.90-1.33); chi-square P = 0.36 matches the printed P. Across all 10 RR rows the printed RRs differ from the crude ratios and the CIs are about half the valid width, though note c and Methods describe no adjustment. RR and CI not reproducible.
A15: 2018::jama.2018.14280::C014 | B15: ARDS RR does not reproduce from printed risks | C15: DOC-001, Table 2, Development of ARDS and footnote c. | D15: retain | E15: statistical_results | F15: primary_done | G15: =IFERROR(IF(LEN(TRIM(CLEAN(SUBSTITUTE(Setup!$B$2,CHAR(160)," "))))=0,"CHECK REVIEWER ID",IF(OR(A15="",COUNTIF($A$2:$A$24,A15)<>1,LEFT(A15,LEN("2018::jama.2018.14280::"))<>"2018::jama.2018.14280::"),"CHECK KEY",IF(OR(AND(NOT(AND(D15="retain",E15="statistical_results")),H15<>"",NOT(EXACT(H15,"not_applicable"))),AND(NOT(AND(D15="retain",E15="statistical_results")),I15<>"",NOT(EXACT(I15,"not_applicable"))),AND(NOT(AND(D15="retain",E15="statistical_results")),J15<>"",NOT(EXACT(J15,"not_applicable"))),AND(NOT(AND(D15="retain",OR(E15="report_internal_inconsistency",E15="plan_material"))),K15<>"",NOT(EXACT(K15,"not_applicable"))),AND(NOT(AND(D15="retain",E15="protocol_report")),L15<>"",NOT(EXACT(L15,"not_applicable")))),"CLEAR INACTIVE VALUES",IF(OR(NOT(OR(EXACT(D15,"retain"),EXACT(D15,"exclude"),EXACT(D15,"discuss"))),NOT(OR(EXACT(E15,"statistical_results"),EXACT(E15,"report_internal_inconsistency"),EXACT(E15,"plan_material"),EXACT(E15,"protocol_report"))),AND(AND(D15="retain",E15="statistical_results"),NOT(OR(EXACT(H15,"confirmed_issue"),EXACT(H15,"probable_issue"),EXACT(H15,"not_issue"),EXACT(H15,"indeterminate")))),AND(AND(D15="retain",E15="statistical_results"),NOT(OR(EXACT(I15,"substantive"),EXACT(I15,"minor_presentation"),EXACT(I15,"indeterminate")))),AND(AND(D15="retain",E15="statistical_results"),J15<>"",NOT(OR(EXACT(J15,"direct"),EXACT(J15,"possible"),EXACT(J15,"unlikely"),EXACT(J15,"unknown")))),AND(AND(D15="retain",OR(E15="report_internal_inconsistency",E15="plan_material")),NOT(OR(EXACT(K15,"substantive_inconsistency"),EXACT(K15,"minor_presentation"),EXACT(K15,"non_inconsistency"),EXACT(K15,"indeterminate")))),AND(AND(D15="retain",E15="protocol_report"),L15<>"",NOT(OR(EXACT(L15,"substantive_difference"),EXACT(L15,"minor_presentation"),EXACT(L15,"version_timing"),EXACT(L15,"non_inconsistency"),EXACT(L15,"indeterminate"))))),"CHECK FIELDS",IF(AND(F15<>"",NOT(OR(EXACT(F15,"no"),EXACT(F15,"primary_done")))),"CHECK COMPLETE",IF(EXACT(F15,"primary_done"),"PRIMARY READY","PRIMARY DRAFT")))))),"CHECK INPUT / KEY") | H15: confirmed_issue | I15: substantive | J15: direct | K15: =IF(AND(OR(D15="retain",D15=""),OR(E15="report_internal_inconsistency",E15="plan_material")),"","not_applicable") | L15: =IF(AND(OR(D15="retain",D15=""),E15="protocol_report"),"","not_applicable") | R15: Table 2 Development of ARDS: 17/448 vs 23/462; printed RR 0.86 (0.59-1.24), P = 0.38. Crude RR = 0.76 (Wald 0.41-1.41); chi-square P = 0.38 matches the printed P. Across all 10 RR rows the printed RRs differ from the crude ratios and the CIs are about half the valid width, though note c and Methods describe no adjustment. RR and CI not reproducible.
A16: 2018::jama.2018.14280::C015 | B16: Pneumonia RR does not reproduce from printed risks | C16: DOC-001, Table 2, Development of pneumonia and footnote c. | D16: retain | E16: statistical_results | F16: primary_done | G16: =IFERROR(IF(LEN(TRIM(CLEAN(SUBSTITUTE(Setup!$B$2,CHAR(160)," "))))=0,"CHECK REVIEWER ID",IF(OR(A16="",COUNTIF($A$2:$A$24,A16)<>1,LEFT(A16,LEN("2018::jama.2018.14280::"))<>"2018::jama.2018.14280::"),"CHECK KEY",IF(OR(AND(NOT(AND(D16="retain",E16="statistical_results")),H16<>"",NOT(EXACT(H16,"not_applicable"))),AND(NOT(AND(D16="retain",E16="statistical_results")),I16<>"",NOT(EXACT(I16,"not_applicable"))),AND(NOT(AND(D16="retain",E16="statistical_results")),J16<>"",NOT(EXACT(J16,"not_applicable"))),AND(NOT(AND(D16="retain",OR(E16="report_internal_inconsistency",E16="plan_material"))),K16<>"",NOT(EXACT(K16,"not_applicable"))),AND(NOT(AND(D16="retain",E16="protocol_report")),L16<>"",NOT(EXACT(L16,"not_applicable")))),"CLEAR INACTIVE VALUES",IF(OR(NOT(OR(EXACT(D16,"retain"),EXACT(D16,"exclude"),EXACT(D16,"discuss"))),NOT(OR(EXACT(E16,"statistical_results"),EXACT(E16,"report_internal_inconsistency"),EXACT(E16,"plan_material"),EXACT(E16,"protocol_report"))),AND(AND(D16="retain",E16="statistical_results"),NOT(OR(EXACT(H16,"confirmed_issue"),EXACT(H16,"probable_issue"),EXACT(H16,"not_issue"),EXACT(H16,"indeterminate")))),AND(AND(D16="retain",E16="statistical_results"),NOT(OR(EXACT(I16,"substantive"),EXACT(I16,"minor_presentation"),EXACT(I16,"indeterminate")))),AND(AND(D16="retain",E16="statistical_results"),J16<>"",NOT(OR(EXACT(J16,"direct"),EXACT(J16,"possible"),EXACT(J16,"unlikely"),EXACT(J16,"unknown")))),AND(AND(D16="retain",OR(E16="report_internal_inconsistency",E16="plan_material")),NOT(OR(EXACT(K16,"substantive_inconsistency"),EXACT(K16,"minor_presentation"),EXACT(K16,"non_inconsistency"),EXACT(K16,"indeterminate")))),AND(AND(D16="retain",E16="protocol_report"),L16<>"",NOT(OR(EXACT(L16,"substantive_difference"),EXACT(L16,"minor_presentation"),EXACT(L16,"version_timing"),EXACT(L16,"non_inconsistency"),EXACT(L16,"indeterminate"))))),"CHECK FIELDS",IF(AND(F16<>"",NOT(OR(EXACT(F16,"no"),EXACT(F16,"primary_done")))),"CHECK COMPLETE",IF(EXACT(F16,"primary_done"),"PRIMARY READY","PRIMARY DRAFT")))))),"CHECK INPUT / KEY") | H16: confirmed_issue | I16: substantive | J16: direct | K16: =IF(AND(OR(D16="retain",D16=""),OR(E16="report_internal_inconsistency",E16="plan_material")),"","not_applicable") | L16: =IF(AND(OR(D16="retain",D16=""),E16="protocol_report"),"","not_applicable") | R16: Table 2 Development of pneumonia: 19/450 vs 17/462; printed RR 1.07 (0.78-1.47), P = 0.67. Crude RR = 1.15 (Wald 0.60-2.18); chi-square P = 0.67 matches the printed P. Across all 10 RR rows the printed RRs differ from the crude ratios and the CIs are about half the valid width, though note c and Methods describe no adjustment. RR and CI not reproducible.
A17: 2018::jama.2018.14280::C016 | B17: Pneumothorax RR does not reproduce from printed risks | C17: DOC-001, Table 2, Pneumothorax and footnote c. | D17: retain | E17: statistical_results | F17: primary_done | G17: =IFERROR(IF(LEN(TRIM(CLEAN(SUBSTITUTE(Setup!$B$2,CHAR(160)," "))))=0,"CHECK REVIEWER ID",IF(OR(A17="",COUNTIF($A$2:$A$24,A17)<>1,LEFT(A17,LEN("2018::jama.2018.14280::"))<>"2018::jama.2018.14280::"),"CHECK KEY",IF(OR(AND(NOT(AND(D17="retain",E17="statistical_results")),H17<>"",NOT(EXACT(H17,"not_applicable"))),AND(NOT(AND(D17="retain",E17="statistical_results")),I17<>"",NOT(EXACT(I17,"not_applicable"))),AND(NOT(AND(D17="retain",E17="statistical_results")),J17<>"",NOT(EXACT(J17,"not_applicable"))),AND(NOT(AND(D17="retain",OR(E17="report_internal_inconsistency",E17="plan_material"))),K17<>"",NOT(EXACT(K17,"not_applicable"))),AND(NOT(AND(D17="retain",E17="protocol_report")),L17<>"",NOT(EXACT(L17,"not_applicable")))),"CLEAR INACTIVE VALUES",IF(OR(NOT(OR(EXACT(D17,"retain"),EXACT(D17,"exclude"),EXACT(D17,"discuss"))),NOT(OR(EXACT(E17,"statistical_results"),EXACT(E17,"report_internal_inconsistency"),EXACT(E17,"plan_material"),EXACT(E17,"protocol_report"))),AND(AND(D17="retain",E17="statistical_results"),NOT(OR(EXACT(H17,"confirmed_issue"),EXACT(H17,"probable_issue"),EXACT(H17,"not_issue"),EXACT(H17,"indeterminate")))),AND(AND(D17="retain",E17="statistical_results"),NOT(OR(EXACT(I17,"substantive"),EXACT(I17,"minor_presentation"),EXACT(I17,"indeterminate")))),AND(AND(D17="retain",E17="statistical_results"),J17<>"",NOT(OR(EXACT(J17,"direct"),EXACT(J17,"possible"),EXACT(J17,"unlikely"),EXACT(J17,"unknown")))),AND(AND(D17="retain",OR(E17="report_internal_inconsistency",E17="plan_material")),NOT(OR(EXACT(K17,"substantive_inconsistency"),EXACT(K17,"minor_presentation"),EXACT(K17,"non_inconsistency"),EXACT(K17,"indeterminate")))),AND(AND(D17="retain",E17="protocol_report"),L17<>"",NOT(OR(EXACT(L17,"substantive_difference"),EXACT(L17,"minor_presentation"),EXACT(L17,"version_timing"),EXACT(L17,"non_inconsistency"),EXACT(L17,"indeterminate"))))),"CHECK FIELDS",IF(AND(F17<>"",NOT(OR(EXACT(F17,"no"),EXACT(F17,"primary_done")))),"CHECK COMPLETE",IF(EXACT(F17,"primary_done"),"PRIMARY READY","PRIMARY DRAFT")))))),"CHECK INPUT / KEY") | H17: confirmed_issue | I17: substantive | J17: direct | K17: =IF(AND(OR(D17="retain",D17=""),OR(E17="report_internal_inconsistency",E17="plan_material")),"","not_applicable") | L17: =IF(AND(OR(D17="retain",D17=""),E17="protocol_report"),"","not_applicable") | R17: Table 2 Pneumothorax: 8/448 vs 6/462; printed RR 1.16 (0.73-1.84), P = 0.55. Crude RR = 1.37 (Wald 0.48-3.93); chi-square P = 0.55 matches the printed P. Across all 10 RR rows the printed RRs differ from the crude ratios and the CIs are about half the valid width, though note c and Methods describe no adjustment. RR and CI not reproducible.
A18: 2018::jama.2018.14280::C017 | B18: Atelectasis RR does not reproduce from printed risks | C18: DOC-001, Table 2, Atelectasis and footnote c. | D18: retain | E18: statistical_results | F18: primary_done | G18: =IFERROR(IF(LEN(TRIM(CLEAN(SUBSTITUTE(Setup!$B$2,CHAR(160)," "))))=0,"CHECK REVIEWER ID",IF(OR(A18="",COUNTIF($A$2:$A$24,A18)<>1,LEFT(A18,LEN("2018::jama.2018.14280::"))<>"2018::jama.2018.14280::"),"CHECK KEY",IF(OR(AND(NOT(AND(D18="retain",E18="statistical_results")),H18<>"",NOT(EXACT(H18,"not_applicable"))),AND(NOT(AND(D18="retain",E18="statistical_results")),I18<>"",NOT(EXACT(I18,"not_applicable"))),AND(NOT(AND(D18="retain",E18="statistical_results")),J18<>"",NOT(EXACT(J18,"not_applicable"))),AND(NOT(AND(D18="retain",OR(E18="report_internal_inconsistency",E18="plan_material"))),K18<>"",NOT(EXACT(K18,"not_applicable"))),AND(NOT(AND(D18="retain",E18="protocol_report")),L18<>"",NOT(EXACT(L18,"not_applicable")))),"CLEAR INACTIVE VALUES",IF(OR(NOT(OR(EXACT(D18,"retain"),EXACT(D18,"exclude"),EXACT(D18,"discuss"))),NOT(OR(EXACT(E18,"statistical_results"),EXACT(E18,"report_internal_inconsistency"),EXACT(E18,"plan_material"),EXACT(E18,"protocol_report"))),AND(AND(D18="retain",E18="statistical_results"),NOT(OR(EXACT(H18,"confirmed_issue"),EXACT(H18,"probable_issue"),EXACT(H18,"not_issue"),EXACT(H18,"indeterminate")))),AND(AND(D18="retain",E18="statistical_results"),NOT(OR(EXACT(I18,"substantive"),EXACT(I18,"minor_presentation"),EXACT(I18,"indeterminate")))),AND(AND(D18="retain",E18="statistical_results"),J18<>"",NOT(OR(EXACT(J18,"direct"),EXACT(J18,"possible"),EXACT(J18,"unlikely"),EXACT(J18,"unknown")))),AND(AND(D18="retain",OR(E18="report_internal_inconsistency",E18="plan_material")),NOT(OR(EXACT(K18,"substantive_inconsistency"),EXACT(K18,"minor_presentation"),EXACT(K18,"non_inconsistency"),EXACT(K18,"indeterminate")))),AND(AND(D18="retain",E18="protocol_report"),L18<>"",NOT(OR(EXACT(L18,"substantive_difference"),EXACT(L18,"minor_presentation"),EXACT(L18,"version_timing"),EXACT(L18,"non_inconsistency"),EXACT(L18,"indeterminate"))))),"CHECK FIELDS",IF(AND(F18<>"",NOT(OR(EXACT(F18,"no"),EXACT(F18,"primary_done")))),"CHECK COMPLETE",IF(EXACT(F18,"primary_done"),"PRIMARY READY","PRIMARY DRAFT")))))),"CHECK INPUT / KEY") | H18: confirmed_issue | I18: substantive | J18: direct | K18: =IF(AND(OR(D18="retain",D18=""),OR(E18="report_internal_inconsistency",E18="plan_material")),"","not_applicable") | L18: =IF(AND(OR(D18="retain",D18=""),E18="protocol_report"),"","not_applicable") | R18: Table 2 Atelectasis: 51/449 vs 52/464; printed RR 1.00 (0.81-1.23), P = 0.94. Crude RR = 1.01 (Wald 0.70-1.46); chi-square P = 0.94 matches the printed P. Across all 10 RR rows the printed RRs differ from the crude ratios and the CIs are about half the valid width, though note c and Methods describe no adjustment. RR and CI not reproducible.
A19: 2018::jama.2018.14280::C018 | B19: Extrapulmonary-infection RR does not reproduce from printed risks | C19: DOC-001, Table 2, Extrapulmonary infection and footnote c. | D19: retain | E19: statistical_results | F19: primary_done | G19: =IFERROR(IF(LEN(TRIM(CLEAN(SUBSTITUTE(Setup!$B$2,CHAR(160)," "))))=0,"CHECK REVIEWER ID",IF(OR(A19="",COUNTIF($A$2:$A$24,A19)<>1,LEFT(A19,LEN("2018::jama.2018.14280::"))<>"2018::jama.2018.14280::"),"CHECK KEY",IF(OR(AND(NOT(AND(D19="retain",E19="statistical_results")),H19<>"",NOT(EXACT(H19,"not_applicable"))),AND(NOT(AND(D19="retain",E19="statistical_results")),I19<>"",NOT(EXACT(I19,"not_applicable"))),AND(NOT(AND(D19="retain",E19="statistical_results")),J19<>"",NOT(EXACT(J19,"not_applicable"))),AND(NOT(AND(D19="retain",OR(E19="report_internal_inconsistency",E19="plan_material"))),K19<>"",NOT(EXACT(K19,"not_applicable"))),AND(NOT(AND(D19="retain",E19="protocol_report")),L19<>"",NOT(EXACT(L19,"not_applicable")))),"CLEAR INACTIVE VALUES",IF(OR(NOT(OR(EXACT(D19,"retain"),EXACT(D19,"exclude"),EXACT(D19,"discuss"))),NOT(OR(EXACT(E19,"statistical_results"),EXACT(E19,"report_internal_inconsistency"),EXACT(E19,"plan_material"),EXACT(E19,"protocol_report"))),AND(AND(D19="retain",E19="statistical_results"),NOT(OR(EXACT(H19,"confirmed_issue"),EXACT(H19,"probable_issue"),EXACT(H19,"not_issue"),EXACT(H19,"indeterminate")))),AND(AND(D19="retain",E19="statistical_results"),NOT(OR(EXACT(I19,"substantive"),EXACT(I19,"minor_presentation"),EXACT(I19,"indeterminate")))),AND(AND(D19="retain",E19="statistical_results"),J19<>"",NOT(OR(EXACT(J19,"direct"),EXACT(J19,"possible"),EXACT(J19,"unlikely"),EXACT(J19,"unknown")))),AND(AND(D19="retain",OR(E19="report_internal_inconsistency",E19="plan_material")),NOT(OR(EXACT(K19,"substantive_inconsistency"),EXACT(K19,"minor_presentation"),EXACT(K19,"non_inconsistency"),EXACT(K19,"indeterminate")))),AND(AND(D19="retain",E19="protocol_report"),L19<>"",NOT(OR(EXACT(L19,"substantive_difference"),EXACT(L19,"minor_presentation"),EXACT(L19,"version_timing"),EXACT(L19,"non_inconsistency"),EXACT(L19,"indeterminate"))))),"CHECK FIELDS",IF(AND(F19<>"",NOT(OR(EXACT(F19,"no"),EXACT(F19,"primary_done")))),"CHECK COMPLETE",IF(EXACT(F19,"primary_done"),"PRIMARY READY","PRIMARY DRAFT")))))),"CHECK INPUT / KEY") | H19: confirmed_issue | I19: substantive | J19: direct | K19: =IF(AND(OR(D19="retain",D19=""),OR(E19="report_internal_inconsistency",E19="plan_material")),"","not_applicable") | L19: =IF(AND(OR(D19="retain",D19=""),E19="protocol_report"),"","not_applicable") | R19: Table 2 Extrapulmonary infection: 20/448 vs 28/463; printed RR 0.84 (0.60-1.18), P = 0.28. Crude RR = 0.74 (Wald 0.42-1.29); chi-square P = 0.28 matches the printed P. Across all 10 RR rows the printed RRs differ from the crude ratios and the CIs are about half the valid width, though note c and Methods describe no adjustment. RR and CI not reproducible.
A20: 2018::jama.2018.14280::C019 | B20: Extrapulmonary-sepsis RR does not reproduce from printed risks | C20: DOC-001, Table 2, Extrapulmonary sepsis and footnote c. | D20: retain | E20: statistical_results | F20: primary_done | G20: =IFERROR(IF(LEN(TRIM(CLEAN(SUBSTITUTE(Setup!$B$2,CHAR(160)," "))))=0,"CHECK REVIEWER ID",IF(OR(A20="",COUNTIF($A$2:$A$24,A20)<>1,LEFT(A20,LEN("2018::jama.2018.14280::"))<>"2018::jama.2018.14280::"),"CHECK KEY",IF(OR(AND(NOT(AND(D20="retain",E20="statistical_results")),H20<>"",NOT(EXACT(H20,"not_applicable"))),AND(NOT(AND(D20="retain",E20="statistical_results")),I20<>"",NOT(EXACT(I20,"not_applicable"))),AND(NOT(AND(D20="retain",E20="statistical_results")),J20<>"",NOT(EXACT(J20,"not_applicable"))),AND(NOT(AND(D20="retain",OR(E20="report_internal_inconsistency",E20="plan_material"))),K20<>"",NOT(EXACT(K20,"not_applicable"))),AND(NOT(AND(D20="retain",E20="protocol_report")),L20<>"",NOT(EXACT(L20,"not_applicable")))),"CLEAR INACTIVE VALUES",IF(OR(NOT(OR(EXACT(D20,"retain"),EXACT(D20,"exclude"),EXACT(D20,"discuss"))),NOT(OR(EXACT(E20,"statistical_results"),EXACT(E20,"report_internal_inconsistency"),EXACT(E20,"plan_material"),EXACT(E20,"protocol_report"))),AND(AND(D20="retain",E20="statistical_results"),NOT(OR(EXACT(H20,"confirmed_issue"),EXACT(H20,"probable_issue"),EXACT(H20,"not_issue"),EXACT(H20,"indeterminate")))),AND(AND(D20="retain",E20="statistical_results"),NOT(OR(EXACT(I20,"substantive"),EXACT(I20,"minor_presentation"),EXACT(I20,"indeterminate")))),AND(AND(D20="retain",E20="statistical_results"),J20<>"",NOT(OR(EXACT(J20,"direct"),EXACT(J20,"possible"),EXACT(J20,"unlikely"),EXACT(J20,"unknown")))),AND(AND(D20="retain",OR(E20="report_internal_inconsistency",E20="plan_material")),NOT(OR(EXACT(K20,"substantive_inconsistency"),EXACT(K20,"minor_presentation"),EXACT(K20,"non_inconsistency"),EXACT(K20,"indeterminate")))),AND(AND(D20="retain",E20="protocol_report"),L20<>"",NOT(OR(EXACT(L20,"substantive_difference"),EXACT(L20,"minor_presentation"),EXACT(L20,"version_timing"),EXACT(L20,"non_inconsistency"),EXACT(L20,"indeterminate"))))),"CHECK FIELDS",IF(AND(F20<>"",NOT(OR(EXACT(F20,"no"),EXACT(F20,"primary_done")))),"CHECK COMPLETE",IF(EXACT(F20,"primary_done"),"PRIMARY READY","PRIMARY DRAFT")))))),"CHECK INPUT / KEY") | H20: confirmed_issue | I20: substantive | J20: direct | K20: =IF(AND(OR(D20="retain",D20=""),OR(E20="report_internal_inconsistency",E20="plan_material")),"","not_applicable") | L20: =IF(AND(OR(D20="retain",D20=""),E20="protocol_report"),"","not_applicable") | R20: Table 2 Extrapulmonary sepsis: 12/448 vs 16/463; printed RR 0.87 (0.56-1.33), P = 0.50. Crude RR = 0.78 (Wald 0.37-1.62); chi-square P = 0.50 matches the printed P. Across all 10 RR rows the printed RRs differ from the crude ratios and the CIs are about half the valid width, though note c and Methods describe no adjustment. RR and CI not reproducible.
A21: 2018::jama.2018.14280::C020 | B21: Delirium RR does not reproduce from printed risks | C21: DOC-001, Table 2, Delirium and footnote c. | D21: retain | E21: statistical_results | F21: primary_done | G21: =IFERROR(IF(LEN(TRIM(CLEAN(SUBSTITUTE(Setup!$B$2,CHAR(160)," "))))=0,"CHECK REVIEWER ID",IF(OR(A21="",COUNTIF($A$2:$A$24,A21)<>1,LEFT(A21,LEN("2018::jama.2018.14280::"))<>"2018::jama.2018.14280::"),"CHECK KEY",IF(OR(AND(NOT(AND(D21="retain",E21="statistical_results")),H21<>"",NOT(EXACT(H21,"not_applicable"))),AND(NOT(AND(D21="retain",E21="statistical_results")),I21<>"",NOT(EXACT(I21,"not_applicable"))),AND(NOT(AND(D21="retain",E21="statistical_results")),J21<>"",NOT(EXACT(J21,"not_applicable"))),AND(NOT(AND(D21="retain",OR(E21="report_internal_inconsistency",E21="plan_material"))),K21<>"",NOT(EXACT(K21,"not_applicable"))),AND(NOT(AND(D21="retain",E21="protocol_report")),L21<>"",NOT(EXACT(L21,"not_applicable")))),"CLEAR INACTIVE VALUES",IF(OR(NOT(OR(EXACT(D21,"retain"),EXACT(D21,"exclude"),EXACT(D21,"discuss"))),NOT(OR(EXACT(E21,"statistical_results"),EXACT(E21,"report_internal_inconsistency"),EXACT(E21,"plan_material"),EXACT(E21,"protocol_report"))),AND(AND(D21="retain",E21="statistical_results"),NOT(OR(EXACT(H21,"confirmed_issue"),EXACT(H21,"probable_issue"),EXACT(H21,"not_issue"),EXACT(H21,"indeterminate")))),AND(AND(D21="retain",E21="statistical_results"),NOT(OR(EXACT(I21,"substantive"),EXACT(I21,"minor_presentation"),EXACT(I21,"indeterminate")))),AND(AND(D21="retain",E21="statistical_results"),J21<>"",NOT(OR(EXACT(J21,"direct"),EXACT(J21,"possible"),EXACT(J21,"unlikely"),EXACT(J21,"unknown")))),AND(AND(D21="retain",OR(E21="report_internal_inconsistency",E21="plan_material")),NOT(OR(EXACT(K21,"substantive_inconsistency"),EXACT(K21,"minor_presentation"),EXACT(K21,"non_inconsistency"),EXACT(K21,"indeterminate")))),AND(AND(D21="retain",E21="protocol_report"),L21<>"",NOT(OR(EXACT(L21,"substantive_difference"),EXACT(L21,"minor_presentation"),EXACT(L21,"version_timing"),EXACT(L21,"non_inconsistency"),EXACT(L21,"indeterminate"))))),"CHECK FIELDS",IF(AND(F21<>"",NOT(OR(EXACT(F21,"no"),EXACT(F21,"primary_done")))),"CHECK COMPLETE",IF(EXACT(F21,"primary_done"),"PRIMARY READY","PRIMARY DRAFT")))))),"CHECK INPUT / KEY") | H21: confirmed_issue | I21: substantive | J21: direct | K21: =IF(AND(OR(D21="retain",D21=""),OR(E21="report_internal_inconsistency",E21="plan_material")),"","not_applicable") | L21: =IF(AND(OR(D21="retain",D21=""),E21="protocol_report"),"","not_applicable") | R21: Table 2 Delirium: 149/343 vs 132/361; printed RR 1.15 (0.99-1.34), P = 0.06. Crude RR = 1.19 (Wald 0.99-1.42); chi-square P = 0.06 matches the printed P. Across all 10 RR rows the printed RRs differ from the crude ratios and the CIs are about half the valid width, though note c and Methods describe no adjustment. RR and CI not reproducible.
A22: 2018::jama.2018.14280::C021 | B22: Tracheostomy RR does not reproduce from printed risks | C22: DOC-001, Table 2, Need for tracheostomy and footnote c. | D22: retain | E22: statistical_results | F22: primary_done | G22: =IFERROR(IF(LEN(TRIM(CLEAN(SUBSTITUTE(Setup!$B$2,CHAR(160)," "))))=0,"CHECK REVIEWER ID",IF(OR(A22="",COUNTIF($A$2:$A$24,A22)<>1,LEFT(A22,LEN("2018::jama.2018.14280::"))<>"2018::jama.2018.14280::"),"CHECK KEY",IF(OR(AND(NOT(AND(D22="retain",E22="statistical_results")),H22<>"",NOT(EXACT(H22,"not_applicable"))),AND(NOT(AND(D22="retain",E22="statistical_results")),I22<>"",NOT(EXACT(I22,"not_applicable"))),AND(NOT(AND(D22="retain",E22="statistical_results")),J22<>"",NOT(EXACT(J22,"not_applicable"))),AND(NOT(AND(D22="retain",OR(E22="report_internal_inconsistency",E22="plan_material"))),K22<>"",NOT(EXACT(K22,"not_applicable"))),AND(NOT(AND(D22="retain",E22="protocol_report")),L22<>"",NOT(EXACT(L22,"not_applicable")))),"CLEAR INACTIVE VALUES",IF(OR(NOT(OR(EXACT(D22,"retain"),EXACT(D22,"exclude"),EXACT(D22,"discuss"))),NOT(OR(EXACT(E22,"statistical_results"),EXACT(E22,"report_internal_inconsistency"),EXACT(E22,"plan_material"),EXACT(E22,"protocol_report"))),AND(AND(D22="retain",E22="statistical_results"),NOT(OR(EXACT(H22,"confirmed_issue"),EXACT(H22,"probable_issue"),EXACT(H22,"not_issue"),EXACT(H22,"indeterminate")))),AND(AND(D22="retain",E22="statistical_results"),NOT(OR(EXACT(I22,"substantive"),EXACT(I22,"minor_presentation"),EXACT(I22,"indeterminate")))),AND(AND(D22="retain",E22="statistical_results"),J22<>"",NOT(OR(EXACT(J22,"direct"),EXACT(J22,"possible"),EXACT(J22,"unlikely"),EXACT(J22,"unknown")))),AND(AND(D22="retain",OR(E22="report_internal_inconsistency",E22="plan_material")),NOT(OR(EXACT(K22,"substantive_inconsistency"),EXACT(K22,"minor_presentation"),EXACT(K22,"non_inconsistency"),EXACT(K22,"indeterminate")))),AND(AND(D22="retain",E22="protocol_report"),L22<>"",NOT(OR(EXACT(L22,"substantive_difference"),EXACT(L22,"minor_presentation"),EXACT(L22,"version_timing"),EXACT(L22,"non_inconsistency"),EXACT(L22,"indeterminate"))))),"CHECK FIELDS",IF(AND(F22<>"",NOT(OR(EXACT(F22,"no"),EXACT(F22,"primary_done")))),"CHECK COMPLETE",IF(EXACT(F22,"primary_done"),"PRIMARY READY","PRIMARY DRAFT")))))),"CHECK INPUT / KEY") | H22: confirmed_issue | I22: substantive | J22: direct | K22: =IF(AND(OR(D22="retain",D22=""),OR(E22="report_internal_inconsistency",E22="plan_material")),"","not_applicable") | L22: =IF(AND(OR(D22="retain",D22=""),E22="protocol_report"),"","not_applicable") | R22: Table 2 Need for tracheostomy: 54/477 vs 52/484; printed RR 1.03 (0.84-1.26), P = 0.78. Crude RR = 1.05 (Wald 0.74-1.51); chi-square P = 0.78 matches the printed P. Across all 10 RR rows the printed RRs differ from the crude ratios and the CIs are about half the valid width, though note c and Methods describe no adjustment. RR and CI not reproducible.
A23: 2018::jama.2018.14280::C022 | B23: The same subgroup intervals are labelled IQR and 95% CI | C23: DOC-001, Subgroups and Exploratory Analyses; DOC-004, Supplement 3 eTable 5. | D23: retain | E23: report_internal_inconsistency | F23: primary_done | G23: =IFERROR(IF(LEN(TRIM(CLEAN(SUBSTITUTE(Setup!$B$2,CHAR(160)," "))))=0,"CHECK REVIEWER ID",IF(OR(A23="",COUNTIF($A$2:$A$24,A23)<>1,LEFT(A23,LEN("2018::jama.2018.14280::"))<>"2018::jama.2018.14280::"),"CHECK KEY",IF(OR(AND(NOT(AND(D23="retain",E23="statistical_results")),H23<>"",NOT(EXACT(H23,"not_applicable"))),AND(NOT(AND(D23="retain",E23="statistical_results")),I23<>"",NOT(EXACT(I23,"not_applicable"))),AND(NOT(AND(D23="retain",E23="statistical_results")),J23<>"",NOT(EXACT(J23,"not_applicable"))),AND(NOT(AND(D23="retain",OR(E23="report_internal_inconsistency",E23="plan_material"))),K23<>"",NOT(EXACT(K23,"not_applicable"))),AND(NOT(AND(D23="retain",E23="protocol_report")),L23<>"",NOT(EXACT(L23,"not_applicable")))),"CLEAR INACTIVE VALUES",IF(OR(NOT(OR(EXACT(D23,"retain"),EXACT(D23,"exclude"),EXACT(D23,"discuss"))),NOT(OR(EXACT(E23,"statistical_results"),EXACT(E23,"report_internal_inconsistency"),EXACT(E23,"plan_material"),EXACT(E23,"protocol_report"))),AND(AND(D23="retain",E23="statistical_results"),NOT(OR(EXACT(H23,"confirmed_issue"),EXACT(H23,"probable_issue"),EXACT(H23,"not_issue"),EXACT(H23,"indeterminate")))),AND(AND(D23="retain",E23="statistical_results"),NOT(OR(EXACT(I23,"substantive"),EXACT(I23,"minor_presentation"),EXACT(I23,"indeterminate")))),AND(AND(D23="retain",E23="statistical_results"),J23<>"",NOT(OR(EXACT(J23,"direct"),EXACT(J23,"possible"),EXACT(J23,"unlikely"),EXACT(J23,"unknown")))),AND(AND(D23="retain",OR(E23="report_internal_inconsistency",E23="plan_material")),NOT(OR(EXACT(K23,"substantive_inconsistency"),EXACT(K23,"minor_presentation"),EXACT(K23,"non_inconsistency"),EXACT(K23,"indeterminate")))),AND(AND(D23="retain",E23="protocol_report"),L23<>"",NOT(OR(EXACT(L23,"substantive_difference"),EXACT(L23,"minor_presentation"),EXACT(L23,"version_timing"),EXACT(L23,"non_inconsistency"),EXACT(L23,"indeterminate"))))),"CHECK FIELDS",IF(AND(F23<>"",NOT(OR(EXACT(F23,"no"),EXACT(F23,"primary_done")))),"CHECK COMPLETE",IF(EXACT(F23,"primary_done"),"PRIMARY READY","PRIMARY DRAFT")))))),"CHECK INPUT / KEY") | H23: =IF(AND(OR(D23="retain",D23=""),E23="statistical_results"),"","not_applicable") | I23: =IF(AND(OR(D23="retain",D23=""),E23="statistical_results"),"","not_applicable") | J23: =IF(AND(OR(D23="retain",D23=""),E23="statistical_results"),"","not_applicable") | K23: minor_presentation | L23: =IF(AND(OR(D23="retain",D23=""),E23="protocol_report"),"","not_applicable") | R23: Results p.6 (subgroups): inside-ICU mean difference -2.50 '[IQR, -4.63 to -0.36]' and outside-ICU 1.45 '[IQR, -0.52 to 3.43]'. eTable 5 gives the same values as 'Mean Difference (95% CI)'. An IQR is not a meaningful interval for a mean difference; the text label is wrong and the intended 95% CIs are clear from the supplement. Minor.
A24: 2018::jama.2018.14280::C023 | B24: Enrollment completion dates differ by two days | C24: DOC-001 abstract and Results/Patients; DOC-003 SAP abstract and introduction. | D24: retain | E24: protocol_report | F24: primary_done | G24: =IFERROR(IF(LEN(TRIM(CLEAN(SUBSTITUTE(Setup!$B$2,CHAR(160)," "))))=0,"CHECK REVIEWER ID",IF(OR(A24="",COUNTIF($A$2:$A$24,A24)<>1,LEFT(A24,LEN("2018::jama.2018.14280::"))<>"2018::jama.2018.14280::"),"CHECK KEY",IF(OR(AND(NOT(AND(D24="retain",E24="statistical_results")),H24<>"",NOT(EXACT(H24,"not_applicable"))),AND(NOT(AND(D24="retain",E24="statistical_results")),I24<>"",NOT(EXACT(I24,"not_applicable"))),AND(NOT(AND(D24="retain",E24="statistical_results")),J24<>"",NOT(EXACT(J24,"not_applicable"))),AND(NOT(AND(D24="retain",OR(E24="report_internal_inconsistency",E24="plan_material"))),K24<>"",NOT(EXACT(K24,"not_applicable"))),AND(NOT(AND(D24="retain",E24="protocol_report")),L24<>"",NOT(EXACT(L24,"not_applicable")))),"CLEAR INACTIVE VALUES",IF(OR(NOT(OR(EXACT(D24,"retain"),EXACT(D24,"exclude"),EXACT(D24,"discuss"))),NOT(OR(EXACT(E24,"statistical_results"),EXACT(E24,"report_internal_inconsistency"),EXACT(E24,"plan_material"),EXACT(E24,"protocol_report"))),AND(AND(D24="retain",E24="statistical_results"),NOT(OR(EXACT(H24,"confirmed_issue"),EXACT(H24,"probable_issue"),EXACT(H24,"not_issue"),EXACT(H24,"indeterminate")))),AND(AND(D24="retain",E24="statistical_results"),NOT(OR(EXACT(I24,"substantive"),EXACT(I24,"minor_presentation"),EXACT(I24,"indeterminate")))),AND(AND(D24="retain",E24="statistical_results"),J24<>"",NOT(OR(EXACT(J24,"direct"),EXACT(J24,"possible"),EXACT(J24,"unlikely"),EXACT(J24,"unknown")))),AND(AND(D24="retain",OR(E24="report_internal_inconsistency",E24="plan_material")),NOT(OR(EXACT(K24,"substantive_inconsistency"),EXACT(K24,"minor_presentation"),EXACT(K24,"non_inconsistency"),EXACT(K24,"indeterminate")))),AND(AND(D24="retain",E24="protocol_report"),L24<>"",NOT(OR(EXACT(L24,"substantive_difference"),EXACT(L24,"minor_presentation"),EXACT(L24,"version_timing"),EXACT(L24,"non_inconsistency"),EXACT(L24,"indeterminate"))))),"CHECK FIELDS",IF(AND(F24<>"",NOT(OR(EXACT(F24,"no"),EXACT(F24,"primary_done")))),"CHECK COMPLETE",IF(EXACT(F24,"primary_done"),"PRIMARY READY","PRIMARY DRAFT")))))),"CHECK INPUT / KEY") | H24: =IF(AND(OR(D24="retain",D24=""),E24="statistical_results"),"","not_applicable") | I24: =IF(AND(OR(D24="retain",D24=""),E24="statistical_results"),"","not_applicable") | J24: =IF(AND(OR(D24="retain",D24=""),E24="statistical_results"),"","not_applicable") | K24: =IF(AND(OR(D24="retain",D24=""),OR(E24="report_internal_inconsistency",E24="plan_material")),"","not_applicable") | L24: minor_presentation | R24: Article (abstract and Results) gives enrollment through August 20, 2017; the SAP/study update (supplement 2, abstract and introduction) says enrollment was complete on August 22, 2017. Two-day discrepancy in a factual trial date; may reflect last randomization vs administrative closure. No bearing on analysis.

Sheet C_jama.2018.14282
A1: Candidate key | B1: Candidate title | C1: Source location | D1: Disposition | E1: Review domain (AI suggestion; editable) | F1: Complete | G1: Validation hint | H1: Statistcal_or_numerical issue | I1: Substantiveness | J1: Downstream impact | K1: Report-internal or planning-material inconsistency | L1: Protocol interpretation | R1: Notes (optional)
A2: 2018::jama.2018.14282::C001 | B2: Standard-arm men percentage does not reconcile | C2: DOC-001 Table 1 — PDF p. 4 | D2: retain | E2: statistical_results | F2: primary_done | G2: =IFERROR(IF(LEN(TRIM(CLEAN(SUBSTITUTE(Setup!$B$2,CHAR(160)," "))))=0,"CHECK REVIEWER ID",IF(OR(A2="",COUNTIF($A$2:$A$29,A2)<>1,LEFT(A2,LEN("2018::jama.2018.14282::"))<>"2018::jama.2018.14282::"),"CHECK KEY",IF(OR(AND(NOT(AND(D2="retain",E2="statistical_results")),H2<>"",NOT(EXACT(H2,"not_applicable"))),AND(NOT(AND(D2="retain",E2="statistical_results")),I2<>"",NOT(EXACT(I2,"not_applicable"))),AND(NOT(AND(D2="retain",E2="statistical_results")),J2<>"",NOT(EXACT(J2,"not_applicable"))),AND(NOT(AND(D2="retain",OR(E2="report_internal_inconsistency",E2="plan_material"))),K2<>"",NOT(EXACT(K2,"not_applicable"))),AND(NOT(AND(D2="retain",E2="protocol_report")),L2<>"",NOT(EXACT(L2,"not_applicable")))),"CLEAR INACTIVE VALUES",IF(OR(NOT(OR(EXACT(D2,"retain"),EXACT(D2,"exclude"),EXACT(D2,"discuss"))),NOT(OR(EXACT(E2,"statistical_results"),EXACT(E2,"report_internal_inconsistency"),EXACT(E2,"plan_material"),EXACT(E2,"protocol_report"))),AND(AND(D2="retain",E2="statistical_results"),NOT(OR(EXACT(H2,"confirmed_issue"),EXACT(H2,"probable_issue"),EXACT(H2,"not_issue"),EXACT(H2,"indeterminate")))),AND(AND(D2="retain",E2="statistical_results"),NOT(OR(EXACT(I2,"substantive"),EXACT(I2,"minor_presentation"),EXACT(I2,"indeterminate")))),AND(AND(D2="retain",E2="statistical_results"),J2<>"",NOT(OR(EXACT(J2,"direct"),EXACT(J2,"possible"),EXACT(J2,"unlikely"),EXACT(J2,"unknown")))),AND(AND(D2="retain",OR(E2="report_internal_inconsistency",E2="plan_material")),NOT(OR(EXACT(K2,"substantive_inconsistency"),EXACT(K2,"minor_presentation"),EXACT(K2,"non_inconsistency"),EXACT(K2,"indeterminate")))),AND(AND(D2="retain",E2="protocol_report"),L2<>"",NOT(OR(EXACT(L2,"substantive_difference"),EXACT(L2,"minor_presentation"),EXACT(L2,"version_timing"),EXACT(L2,"non_inconsistency"),EXACT(L2,"indeterminate"))))),"CHECK FIELDS",IF(AND(F2<>"",NOT(OR(EXACT(F2,"no"),EXACT(F2,"primary_done")))),"CHECK COMPLETE",IF(EXACT(F2,"primary_done"),"PRIMARY READY","PRIMARY DRAFT")))))),"CHECK INPUT / KEY") | H2: confirmed_issue | I2: minor_presentation | J2: unlikely | K2: =IF(AND(OR(D2="retain",D2=""),OR(E2="report_internal_inconsistency",E2="plan_material")),"","not_applicable") | L2: =IF(AND(OR(D2="retain",D2=""),E2="protocol_report"),"","not_applicable") | R2: Table 1, standard arm, men: 247 (63.6) with n = 388. 247/388 = 63.66%, which rounds to 63.7. The printed value matches truncation, but other cells in the same table use ordinary rounding (e.g., 270/388 = 69.59 shown as 69.6), so no single convention applies. Last-digit discrepancy; negligible.
A3: 2018::jama.2018.14282::C002 | B3: Standard-arm women percentage does not reconcile | C3: DOC-001 Table 1 — PDF p. 4 | D3: retain | E3: statistical_results | F3: primary_done | G3: =IFERROR(IF(LEN(TRIM(CLEAN(SUBSTITUTE(Setup!$B$2,CHAR(160)," "))))=0,"CHECK REVIEWER ID",IF(OR(A3="",COUNTIF($A$2:$A$29,A3)<>1,LEFT(A3,LEN("2018::jama.2018.14282::"))<>"2018::jama.2018.14282::"),"CHECK KEY",IF(OR(AND(NOT(AND(D3="retain",E3="statistical_results")),H3<>"",NOT(EXACT(H3,"not_applicable"))),AND(NOT(AND(D3="retain",E3="statistical_results")),I3<>"",NOT(EXACT(I3,"not_applicable"))),AND(NOT(AND(D3="retain",E3="statistical_results")),J3<>"",NOT(EXACT(J3,"not_applicable"))),AND(NOT(AND(D3="retain",OR(E3="report_internal_inconsistency",E3="plan_material"))),K3<>"",NOT(EXACT(K3,"not_applicable"))),AND(NOT(AND(D3="retain",E3="protocol_report")),L3<>"",NOT(EXACT(L3,"not_applicable")))),"CLEAR INACTIVE VALUES",IF(OR(NOT(OR(EXACT(D3,"retain"),EXACT(D3,"exclude"),EXACT(D3,"discuss"))),NOT(OR(EXACT(E3,"statistical_results"),EXACT(E3,"report_internal_inconsistency"),EXACT(E3,"plan_material"),EXACT(E3,"protocol_report"))),AND(AND(D3="retain",E3="statistical_results"),NOT(OR(EXACT(H3,"confirmed_issue"),EXACT(H3,"probable_issue"),EXACT(H3,"not_issue"),EXACT(H3,"indeterminate")))),AND(AND(D3="retain",E3="statistical_results"),NOT(OR(EXACT(I3,"substantive"),EXACT(I3,"minor_presentation"),EXACT(I3,"indeterminate")))),AND(AND(D3="retain",E3="statistical_results"),J3<>"",NOT(OR(EXACT(J3,"direct"),EXACT(J3,"possible"),EXACT(J3,"unlikely"),EXACT(J3,"unknown")))),AND(AND(D3="retain",OR(E3="report_internal_inconsistency",E3="plan_material")),NOT(OR(EXACT(K3,"substantive_inconsistency"),EXACT(K3,"minor_presentation"),EXACT(K3,"non_inconsistency"),EXACT(K3,"indeterminate")))),AND(AND(D3="retain",E3="protocol_report"),L3<>"",NOT(OR(EXACT(L3,"substantive_difference"),EXACT(L3,"minor_presentation"),EXACT(L3,"version_timing"),EXACT(L3,"non_inconsistency"),EXACT(L3,"indeterminate"))))),"CHECK FIELDS",IF(AND(F3<>"",NOT(OR(EXACT(F3,"no"),EXACT(F3,"primary_done")))),"CHECK COMPLETE",IF(EXACT(F3,"primary_done"),"PRIMARY READY","PRIMARY DRAFT")))))),"CHECK INPUT / KEY") | H3: confirmed_issue | I3: minor_presentation | J3: unlikely | K3: =IF(AND(OR(D3="retain",D3=""),OR(E3="report_internal_inconsistency",E3="plan_material")),"","not_applicable") | L3: =IF(AND(OR(D3="retain",D3=""),E3="protocol_report"),"","not_applicable") | R3: Table 1, standard arm, women: 141 (36.4) with n = 388. 141/388 = 36.34%, which rounds to 36.3. The printed value matches the complement of the paired category (100 - 63.6), but other cells in the same table use ordinary rounding (e.g., 270/388 = 69.59 shown as 69.6), so no single convention applies. Last-digit discrepancy; negligible.
A4: 2018::jama.2018.14282::C003 | B4: Standard-arm heart-failure percentage does not reconcile | C4: DOC-001 Table 1 — PDF p. 4 | D4: retain | E4: statistical_results | F4: primary_done | G4: =IFERROR(IF(LEN(TRIM(CLEAN(SUBSTITUTE(Setup!$B$2,CHAR(160)," "))))=0,"CHECK REVIEWER ID",IF(OR(A4="",COUNTIF($A$2:$A$29,A4)<>1,LEFT(A4,LEN("2018::jama.2018.14282::"))<>"2018::jama.2018.14282::"),"CHECK KEY",IF(OR(AND(NOT(AND(D4="retain",E4="statistical_results")),H4<>"",NOT(EXACT(H4,"not_applicable"))),AND(NOT(AND(D4="retain",E4="statistical_results")),I4<>"",NOT(EXACT(I4,"not_applicable"))),AND(NOT(AND(D4="retain",E4="statistical_results")),J4<>"",NOT(EXACT(J4,"not_applicable"))),AND(NOT(AND(D4="retain",OR(E4="report_internal_inconsistency",E4="plan_material"))),K4<>"",NOT(EXACT(K4,"not_applicable"))),AND(NOT(AND(D4="retain",E4="protocol_report")),L4<>"",NOT(EXACT(L4,"not_applicable")))),"CLEAR INACTIVE VALUES",IF(OR(NOT(OR(EXACT(D4,"retain"),EXACT(D4,"exclude"),EXACT(D4,"discuss"))),NOT(OR(EXACT(E4,"statistical_results"),EXACT(E4,"report_internal_inconsistency"),EXACT(E4,"plan_material"),EXACT(E4,"protocol_report"))),AND(AND(D4="retain",E4="statistical_results"),NOT(OR(EXACT(H4,"confirmed_issue"),EXACT(H4,"probable_issue"),EXACT(H4,"not_issue"),EXACT(H4,"indeterminate")))),AND(AND(D4="retain",E4="statistical_results"),NOT(OR(EXACT(I4,"substantive"),EXACT(I4,"minor_presentation"),EXACT(I4,"indeterminate")))),AND(AND(D4="retain",E4="statistical_results"),J4<>"",NOT(OR(EXACT(J4,"direct"),EXACT(J4,"possible"),EXACT(J4,"unlikely"),EXACT(J4,"unknown")))),AND(AND(D4="retain",OR(E4="report_internal_inconsistency",E4="plan_material")),NOT(OR(EXACT(K4,"substantive_inconsistency"),EXACT(K4,"minor_presentation"),EXACT(K4,"non_inconsistency"),EXACT(K4,"indeterminate")))),AND(AND(D4="retain",E4="protocol_report"),L4<>"",NOT(OR(EXACT(L4,"substantive_difference"),EXACT(L4,"minor_presentation"),EXACT(L4,"version_timing"),EXACT(L4,"non_inconsistency"),EXACT(L4,"indeterminate"))))),"CHECK FIELDS",IF(AND(F4<>"",NOT(OR(EXACT(F4,"no"),EXACT(F4,"primary_done")))),"CHECK COMPLETE",IF(EXACT(F4,"primary_done"),"PRIMARY READY","PRIMARY DRAFT")))))),"CHECK INPUT / KEY") | H4: confirmed_issue | I4: minor_presentation | J4: unlikely | K4: =IF(AND(OR(D4="retain",D4=""),OR(E4="report_internal_inconsistency",E4="plan_material")),"","not_applicable") | L4: =IF(AND(OR(D4="retain",D4=""),E4="protocol_report"),"","not_applicable") | R4: Table 1, standard arm, heart failure: 27 (6.9) with n = 388. 27/388 = 6.96%, which rounds to 7.0. The printed value matches truncation, but other cells in the same table use ordinary rounding (e.g., 270/388 = 69.59 shown as 69.6), so no single convention applies. Last-digit discrepancy; negligible.
A5: 2018::jama.2018.14282::C004 | B5: High-flow liver-disease percentage conflicts with displayed count | C5: DOC-001 Table 1 — PDF p. 4 | D5: retain | E5: statistical_results | F5: primary_done | G5: =IFERROR(IF(LEN(TRIM(CLEAN(SUBSTITUTE(Setup!$B$2,CHAR(160)," "))))=0,"CHECK REVIEWER ID",IF(OR(A5="",COUNTIF($A$2:$A$29,A5)<>1,LEFT(A5,LEN("2018::jama.2018.14282::"))<>"2018::jama.2018.14282::"),"CHECK KEY",IF(OR(AND(NOT(AND(D5="retain",E5="statistical_results")),H5<>"",NOT(EXACT(H5,"not_applicable"))),AND(NOT(AND(D5="retain",E5="statistical_results")),I5<>"",NOT(EXACT(I5,"not_applicable"))),AND(NOT(AND(D5="retain",E5="statistical_results")),J5<>"",NOT(EXACT(J5,"not_applicable"))),AND(NOT(AND(D5="retain",OR(E5="report_internal_inconsistency",E5="plan_material"))),K5<>"",NOT(EXACT(K5,"not_applicable"))),AND(NOT(AND(D5="retain",E5="protocol_report")),L5<>"",NOT(EXACT(L5,"not_applicable")))),"CLEAR INACTIVE VALUES",IF(OR(NOT(OR(EXACT(D5,"retain"),EXACT(D5,"exclude"),EXACT(D5,"discuss"))),NOT(OR(EXACT(E5,"statistical_results"),EXACT(E5,"report_internal_inconsistency"),EXACT(E5,"plan_material"),EXACT(E5,"protocol_report"))),AND(AND(D5="retain",E5="statistical_results"),NOT(OR(EXACT(H5,"confirmed_issue"),EXACT(H5,"probable_issue"),EXACT(H5,"not_issue"),EXACT(H5,"indeterminate")))),AND(AND(D5="retain",E5="statistical_results"),NOT(OR(EXACT(I5,"substantive"),EXACT(I5,"minor_presentation"),EXACT(I5,"indeterminate")))),AND(AND(D5="retain",E5="statistical_results"),J5<>"",NOT(OR(EXACT(J5,"direct"),EXACT(J5,"possible"),EXACT(J5,"unlikely"),EXACT(J5,"unknown")))),AND(AND(D5="retain",OR(E5="report_internal_inconsistency",E5="plan_material")),NOT(OR(EXACT(K5,"substantive_inconsistency"),EXACT(K5,"minor_presentation"),EXACT(K5,"non_inconsistency"),EXACT(K5,"indeterminate")))),AND(AND(D5="retain",E5="protocol_report"),L5<>"",NOT(OR(EXACT(L5,"substantive_difference"),EXACT(L5,"minor_presentation"),EXACT(L5,"version_timing"),EXACT(L5,"non_inconsistency"),EXACT(L5,"indeterminate"))))),"CHECK FIELDS",IF(AND(F5<>"",NOT(OR(EXACT(F5,"no"),EXACT(F5,"primary_done")))),"CHECK COMPLETE",IF(EXACT(F5,"primary_done"),"PRIMARY READY","PRIMARY DRAFT")))))),"CHECK INPUT / KEY") | H5: confirmed_issue | I5: minor_presentation | J5: unlikely | K5: =IF(AND(OR(D5="retain",D5=""),OR(E5="report_internal_inconsistency",E5="plan_material")),"","not_applicable") | L5: =IF(AND(OR(D5="retain",D5=""),E5="protocol_report"),"","not_applicable") | R5: Table 1 high-flow arm, liver comorbidity: 45 (13.3). 45/388 = 11.6%; 13.3% would need about 52 patients (or a denominator of about 338). The value is wrong by 1.7 points and which of count or percentage is correct cannot be determined. Balance interpretation (vs 56 [14.4%] in the standard arm) is little affected. Minor.
A6: 2018::jama.2018.14282::C005 | B6: Standard-arm kidney-disease percentage conflicts with displayed count | C6: DOC-001 Table 1 — PDF p. 4 | D6: retain | E6: statistical_results | F6: primary_done | G6: =IFERROR(IF(LEN(TRIM(CLEAN(SUBSTITUTE(Setup!$B$2,CHAR(160)," "))))=0,"CHECK REVIEWER ID",IF(OR(A6="",COUNTIF($A$2:$A$29,A6)<>1,LEFT(A6,LEN("2018::jama.2018.14282::"))<>"2018::jama.2018.14282::"),"CHECK KEY",IF(OR(AND(NOT(AND(D6="retain",E6="statistical_results")),H6<>"",NOT(EXACT(H6,"not_applicable"))),AND(NOT(AND(D6="retain",E6="statistical_results")),I6<>"",NOT(EXACT(I6,"not_applicable"))),AND(NOT(AND(D6="retain",E6="statistical_results")),J6<>"",NOT(EXACT(J6,"not_applicable"))),AND(NOT(AND(D6="retain",OR(E6="report_internal_inconsistency",E6="plan_material"))),K6<>"",NOT(EXACT(K6,"not_applicable"))),AND(NOT(AND(D6="retain",E6="protocol_report")),L6<>"",NOT(EXACT(L6,"not_applicable")))),"CLEAR INACTIVE VALUES",IF(OR(NOT(OR(EXACT(D6,"retain"),EXACT(D6,"exclude"),EXACT(D6,"discuss"))),NOT(OR(EXACT(E6,"statistical_results"),EXACT(E6,"report_internal_inconsistency"),EXACT(E6,"plan_material"),EXACT(E6,"protocol_report"))),AND(AND(D6="retain",E6="statistical_results"),NOT(OR(EXACT(H6,"confirmed_issue"),EXACT(H6,"probable_issue"),EXACT(H6,"not_issue"),EXACT(H6,"indeterminate")))),AND(AND(D6="retain",E6="statistical_results"),NOT(OR(EXACT(I6,"substantive"),EXACT(I6,"minor_presentation"),EXACT(I6,"indeterminate")))),AND(AND(D6="retain",E6="statistical_results"),J6<>"",NOT(OR(EXACT(J6,"direct"),EXACT(J6,"possible"),EXACT(J6,"unlikely"),EXACT(J6,"unknown")))),AND(AND(D6="retain",OR(E6="report_internal_inconsistency",E6="plan_material")),NOT(OR(EXACT(K6,"substantive_inconsistency"),EXACT(K6,"minor_presentation"),EXACT(K6,"non_inconsistency"),EXACT(K6,"indeterminate")))),AND(AND(D6="retain",E6="protocol_report"),L6<>"",NOT(OR(EXACT(L6,"substantive_difference"),EXACT(L6,"minor_presentation"),EXACT(L6,"version_timing"),EXACT(L6,"non_inconsistency"),EXACT(L6,"indeterminate"))))),"CHECK FIELDS",IF(AND(F6<>"",NOT(OR(EXACT(F6,"no"),EXACT(F6,"primary_done")))),"CHECK COMPLETE",IF(EXACT(F6,"primary_done"),"PRIMARY READY","PRIMARY DRAFT")))))),"CHECK INPUT / KEY") | H6: confirmed_issue | I6: minor_presentation | J6: unlikely | K6: =IF(AND(OR(D6="retain",D6=""),OR(E6="report_internal_inconsistency",E6="plan_material")),"","not_applicable") | L6: =IF(AND(OR(D6="retain",D6=""),E6="protocol_report"),"","not_applicable") | R6: Table 1 standard arm, kidney disease: 69 (20.4). 69/388 = 17.8%; 20.4% would need about 79 patients. With the high-flow arm at 73 (18.8%), the printed percentages imply more kidney disease in the standard arm while the counts imply fewer. Error larger than rounding; correct value unrecoverable. Baseline descriptor; minor.
A7: 2018::jama.2018.14282::C006 | B7: Standard-arm nontransplant immunosuppression percentage does not reconcile | C7: DOC-001 Table 1 — PDF p. 4 | D7: retain | E7: statistical_results | F7: primary_done | G7: =IFERROR(IF(LEN(TRIM(CLEAN(SUBSTITUTE(Setup!$B$2,CHAR(160)," "))))=0,"CHECK REVIEWER ID",IF(OR(A7="",COUNTIF($A$2:$A$29,A7)<>1,LEFT(A7,LEN("2018::jama.2018.14282::"))<>"2018::jama.2018.14282::"),"CHECK KEY",IF(OR(AND(NOT(AND(D7="retain",E7="statistical_results")),H7<>"",NOT(EXACT(H7,"not_applicable"))),AND(NOT(AND(D7="retain",E7="statistical_results")),I7<>"",NOT(EXACT(I7,"not_applicable"))),AND(NOT(AND(D7="retain",E7="statistical_results")),J7<>"",NOT(EXACT(J7,"not_applicable"))),AND(NOT(AND(D7="retain",OR(E7="report_internal_inconsistency",E7="plan_material"))),K7<>"",NOT(EXACT(K7,"not_applicable"))),AND(NOT(AND(D7="retain",E7="protocol_report")),L7<>"",NOT(EXACT(L7,"not_applicable")))),"CLEAR INACTIVE VALUES",IF(OR(NOT(OR(EXACT(D7,"retain"),EXACT(D7,"exclude"),EXACT(D7,"discuss"))),NOT(OR(EXACT(E7,"statistical_results"),EXACT(E7,"report_internal_inconsistency"),EXACT(E7,"plan_material"),EXACT(E7,"protocol_report"))),AND(AND(D7="retain",E7="statistical_results"),NOT(OR(EXACT(H7,"confirmed_issue"),EXACT(H7,"probable_issue"),EXACT(H7,"not_issue"),EXACT(H7,"indeterminate")))),AND(AND(D7="retain",E7="statistical_results"),NOT(OR(EXACT(I7,"substantive"),EXACT(I7,"minor_presentation"),EXACT(I7,"indeterminate")))),AND(AND(D7="retain",E7="statistical_results"),J7<>"",NOT(OR(EXACT(J7,"direct"),EXACT(J7,"possible"),EXACT(J7,"unlikely"),EXACT(J7,"unknown")))),AND(AND(D7="retain",OR(E7="report_internal_inconsistency",E7="plan_material")),NOT(OR(EXACT(K7,"substantive_inconsistency"),EXACT(K7,"minor_presentation"),EXACT(K7,"non_inconsistency"),EXACT(K7,"indeterminate")))),AND(AND(D7="retain",E7="protocol_report"),L7<>"",NOT(OR(EXACT(L7,"substantive_difference"),EXACT(L7,"minor_presentation"),EXACT(L7,"version_timing"),EXACT(L7,"non_inconsistency"),EXACT(L7,"indeterminate"))))),"CHECK FIELDS",IF(AND(F7<>"",NOT(OR(EXACT(F7,"no"),EXACT(F7,"primary_done")))),"CHECK COMPLETE",IF(EXACT(F7,"primary_done"),"PRIMARY READY","PRIMARY DRAFT")))))),"CHECK INPUT / KEY") | H7: confirmed_issue | I7: minor_presentation | J7: unlikely | K7: =IF(AND(OR(D7="retain",D7=""),OR(E7="report_internal_inconsistency",E7="plan_material")),"","not_applicable") | L7: =IF(AND(OR(D7="retain",D7=""),E7="protocol_report"),"","not_applicable") | R7: Table 1, standard arm, immunosuppressive drugs for non-transplant reasons: 98 (25.2) with n = 388. 98/388 = 25.26%, which rounds to 25.3. The printed value matches truncation, but other cells in the same table use ordinary rounding (e.g., 270/388 = 69.59 shown as 69.6), so no single convention applies. Last-digit discrepancy; negligible.
A8: 2018::jama.2018.14282::C007 | B8: High-flow ≥3-days-after-ICU-admission percentage does not reconcile | C8: DOC-001 Table 1 — PDF p. 4 | D8: retain | E8: statistical_results | F8: primary_done | G8: =IFERROR(IF(LEN(TRIM(CLEAN(SUBSTITUTE(Setup!$B$2,CHAR(160)," "))))=0,"CHECK REVIEWER ID",IF(OR(A8="",COUNTIF($A$2:$A$29,A8)<>1,LEFT(A8,LEN("2018::jama.2018.14282::"))<>"2018::jama.2018.14282::"),"CHECK KEY",IF(OR(AND(NOT(AND(D8="retain",E8="statistical_results")),H8<>"",NOT(EXACT(H8,"not_applicable"))),AND(NOT(AND(D8="retain",E8="statistical_results")),I8<>"",NOT(EXACT(I8,"not_applicable"))),AND(NOT(AND(D8="retain",E8="statistical_results")),J8<>"",NOT(EXACT(J8,"not_applicable"))),AND(NOT(AND(D8="retain",OR(E8="report_internal_inconsistency",E8="plan_material"))),K8<>"",NOT(EXACT(K8,"not_applicable"))),AND(NOT(AND(D8="retain",E8="protocol_report")),L8<>"",NOT(EXACT(L8,"not_applicable")))),"CLEAR INACTIVE VALUES",IF(OR(NOT(OR(EXACT(D8,"retain"),EXACT(D8,"exclude"),EXACT(D8,"discuss"))),NOT(OR(EXACT(E8,"statistical_results"),EXACT(E8,"report_internal_inconsistency"),EXACT(E8,"plan_material"),EXACT(E8,"protocol_report"))),AND(AND(D8="retain",E8="statistical_results"),NOT(OR(EXACT(H8,"confirmed_issue"),EXACT(H8,"probable_issue"),EXACT(H8,"not_issue"),EXACT(H8,"indeterminate")))),AND(AND(D8="retain",E8="statistical_results"),NOT(OR(EXACT(I8,"substantive"),EXACT(I8,"minor_presentation"),EXACT(I8,"indeterminate")))),AND(AND(D8="retain",E8="statistical_results"),J8<>"",NOT(OR(EXACT(J8,"direct"),EXACT(J8,"possible"),EXACT(J8,"unlikely"),EXACT(J8,"unknown")))),AND(AND(D8="retain",OR(E8="report_internal_inconsistency",E8="plan_material")),NOT(OR(EXACT(K8,"substantive_inconsistency"),EXACT(K8,"minor_presentation"),EXACT(K8,"non_inconsistency"),EXACT(K8,"indeterminate")))),AND(AND(D8="retain",E8="protocol_report"),L8<>"",NOT(OR(EXACT(L8,"substantive_difference"),EXACT(L8,"minor_presentation"),EXACT(L8,"version_timing"),EXACT(L8,"non_inconsistency"),EXACT(L8,"indeterminate"))))),"CHECK FIELDS",IF(AND(F8<>"",NOT(OR(EXACT(F8,"no"),EXACT(F8,"primary_done")))),"CHECK COMPLETE",IF(EXACT(F8,"primary_done"),"PRIMARY READY","PRIMARY DRAFT")))))),"CHECK INPUT / KEY") | H8: confirmed_issue | I8: minor_presentation | J8: unlikely | K8: =IF(AND(OR(D8="retain",D8=""),OR(E8="report_internal_inconsistency",E8="plan_material")),"","not_applicable") | L8: =IF(AND(OR(D8="retain",D8=""),E8="protocol_report"),"","not_applicable") | R8: Table 1, high-flow arm, randomized >=3 days after ICU admission: 20 (5.1) with n = 388. 20/388 = 5.15%, which rounds to 5.2. The printed value matches truncation, but other cells in the same table use ordinary rounding (e.g., 270/388 = 69.59 shown as 69.6), so no single convention applies. Last-digit discrepancy; negligible.
A9: 2018::jama.2018.14282::C008 | B9: Standard-arm ≥3-days-after-ICU-admission percentage does not reconcile | C9: DOC-001 Table 1 — PDF p. 4 | D9: retain | E9: statistical_results | F9: primary_done | G9: =IFERROR(IF(LEN(TRIM(CLEAN(SUBSTITUTE(Setup!$B$2,CHAR(160)," "))))=0,"CHECK REVIEWER ID",IF(OR(A9="",COUNTIF($A$2:$A$29,A9)<>1,LEFT(A9,LEN("2018::jama.2018.14282::"))<>"2018::jama.2018.14282::"),"CHECK KEY",IF(OR(AND(NOT(AND(D9="retain",E9="statistical_results")),H9<>"",NOT(EXACT(H9,"not_applicable"))),AND(NOT(AND(D9="retain",E9="statistical_results")),I9<>"",NOT(EXACT(I9,"not_applicable"))),AND(NOT(AND(D9="retain",E9="statistical_results")),J9<>"",NOT(EXACT(J9,"not_applicable"))),AND(NOT(AND(D9="retain",OR(E9="report_internal_inconsistency",E9="plan_material"))),K9<>"",NOT(EXACT(K9,"not_applicable"))),AND(NOT(AND(D9="retain",E9="protocol_report")),L9<>"",NOT(EXACT(L9,"not_applicable")))),"CLEAR INACTIVE VALUES",IF(OR(NOT(OR(EXACT(D9,"retain"),EXACT(D9,"exclude"),EXACT(D9,"discuss"))),NOT(OR(EXACT(E9,"statistical_results"),EXACT(E9,"report_internal_inconsistency"),EXACT(E9,"plan_material"),EXACT(E9,"protocol_report"))),AND(AND(D9="retain",E9="statistical_results"),NOT(OR(EXACT(H9,"confirmed_issue"),EXACT(H9,"probable_issue"),EXACT(H9,"not_issue"),EXACT(H9,"indeterminate")))),AND(AND(D9="retain",E9="statistical_results"),NOT(OR(EXACT(I9,"substantive"),EXACT(I9,"minor_presentation"),EXACT(I9,"indeterminate")))),AND(AND(D9="retain",E9="statistical_results"),J9<>"",NOT(OR(EXACT(J9,"direct"),EXACT(J9,"possible"),EXACT(J9,"unlikely"),EXACT(J9,"unknown")))),AND(AND(D9="retain",OR(E9="report_internal_inconsistency",E9="plan_material")),NOT(OR(EXACT(K9,"substantive_inconsistency"),EXACT(K9,"minor_presentation"),EXACT(K9,"non_inconsistency"),EXACT(K9,"indeterminate")))),AND(AND(D9="retain",E9="protocol_report"),L9<>"",NOT(OR(EXACT(L9,"substantive_difference"),EXACT(L9,"minor_presentation"),EXACT(L9,"version_timing"),EXACT(L9,"non_inconsistency"),EXACT(L9,"indeterminate"))))),"CHECK FIELDS",IF(AND(F9<>"",NOT(OR(EXACT(F9,"no"),EXACT(F9,"primary_done")))),"CHECK COMPLETE",IF(EXACT(F9,"primary_done"),"PRIMARY READY","PRIMARY DRAFT")))))),"CHECK INPUT / KEY") | H9: confirmed_issue | I9: minor_presentation | J9: unlikely | K9: =IF(AND(OR(D9="retain",D9=""),OR(E9="report_internal_inconsistency",E9="plan_material")),"","not_applicable") | L9: =IF(AND(OR(D9="retain",D9=""),E9="protocol_report"),"","not_applicable") | R9: Table 1, standard arm, randomized >=3 days after ICU admission: 20 (5.1) with n = 388. 20/388 = 5.15%, which rounds to 5.2. The printed value matches truncation, but other cells in the same table use ordinary rounding (e.g., 270/388 = 69.59 shown as 69.6), so no single convention applies. Last-digit discrepancy; negligible.
A10: 2018::jama.2018.14282::C009 | B10: Standard-arm vasopressor percentage does not reconcile | C10: DOC-001 Table 1 — PDF p. 4 | D10: retain | E10: statistical_results | F10: primary_done | G10: =IFERROR(IF(LEN(TRIM(CLEAN(SUBSTITUTE(Setup!$B$2,CHAR(160)," "))))=0,"CHECK REVIEWER ID",IF(OR(A10="",COUNTIF($A$2:$A$29,A10)<>1,LEFT(A10,LEN("2018::jama.2018.14282::"))<>"2018::jama.2018.14282::"),"CHECK KEY",IF(OR(AND(NOT(AND(D10="retain",E10="statistical_results")),H10<>"",NOT(EXACT(H10,"not_applicable"))),AND(NOT(AND(D10="retain",E10="statistical_results")),I10<>"",NOT(EXACT(I10,"not_applicable"))),AND(NOT(AND(D10="retain",E10="statistical_results")),J10<>"",NOT(EXACT(J10,"not_applicable"))),AND(NOT(AND(D10="retain",OR(E10="report_internal_inconsistency",E10="plan_material"))),K10<>"",NOT(EXACT(K10,"not_applicable"))),AND(NOT(AND(D10="retain",E10="protocol_report")),L10<>"",NOT(EXACT(L10,"not_applicable")))),"CLEAR INACTIVE VALUES",IF(OR(NOT(OR(EXACT(D10,"retain"),EXACT(D10,"exclude"),EXACT(D10,"discuss"))),NOT(OR(EXACT(E10,"statistical_results"),EXACT(E10,"report_internal_inconsistency"),EXACT(E10,"plan_material"),EXACT(E10,"protocol_report"))),AND(AND(D10="retain",E10="statistical_results"),NOT(OR(EXACT(H10,"confirmed_issue"),EXACT(H10,"probable_issue"),EXACT(H10,"not_issue"),EXACT(H10,"indeterminate")))),AND(AND(D10="retain",E10="statistical_results"),NOT(OR(EXACT(I10,"substantive"),EXACT(I10,"minor_presentation"),EXACT(I10,"indeterminate")))),AND(AND(D10="retain",E10="statistical_results"),J10<>"",NOT(OR(EXACT(J10,"direct"),EXACT(J10,"possible"),EXACT(J10,"unlikely"),EXACT(J10,"unknown")))),AND(AND(D10="retain",OR(E10="report_internal_inconsistency",E10="plan_material")),NOT(OR(EXACT(K10,"substantive_inconsistency"),EXACT(K10,"minor_presentation"),EXACT(K10,"non_inconsistency"),EXACT(K10,"indeterminate")))),AND(AND(D10="retain",E10="protocol_report"),L10<>"",NOT(OR(EXACT(L10,"substantive_difference"),EXACT(L10,"minor_presentation"),EXACT(L10,"version_timing"),EXACT(L10,"non_inconsistency"),EXACT(L10,"indeterminate"))))),"CHECK FIELDS",IF(AND(F10<>"",NOT(OR(EXACT(F10,"no"),EXACT(F10,"primary_done")))),"CHECK COMPLETE",IF(EXACT(F10,"primary_done"),"PRIMARY READY","PRIMARY DRAFT")))))),"CHECK INPUT / KEY") | H10: confirmed_issue | I10: minor_presentation | J10: unlikely | K10: =IF(AND(OR(D10="retain",D10=""),OR(E10="report_internal_inconsistency",E10="plan_material")),"","not_applicable") | L10: =IF(AND(OR(D10="retain",D10=""),E10="protocol_report"),"","not_applicable") | R10: Table 1, standard arm, vasopressors at randomization: 39 (10.0) with n = 388. 39/388 = 10.05%, which rounds to 10.1. The printed value matches truncation, but other cells in the same table use ordinary rounding (e.g., 270/388 = 69.59 shown as 69.6), so no single convention applies. Last-digit discrepancy; negligible.
A11: 2018::jama.2018.14282::C010 | B11: High-flow do-not-intubate percentage does not reconcile | C11: DOC-001 Table 1 — PDF p. 4 | D11: retain | E11: statistical_results | F11: primary_done | G11: =IFERROR(IF(LEN(TRIM(CLEAN(SUBSTITUTE(Setup!$B$2,CHAR(160)," "))))=0,"CHECK REVIEWER ID",IF(OR(A11="",COUNTIF($A$2:$A$29,A11)<>1,LEFT(A11,LEN("2018::jama.2018.14282::"))<>"2018::jama.2018.14282::"),"CHECK KEY",IF(OR(AND(NOT(AND(D11="retain",E11="statistical_results")),H11<>"",NOT(EXACT(H11,"not_applicable"))),AND(NOT(AND(D11="retain",E11="statistical_results")),I11<>"",NOT(EXACT(I11,"not_applicable"))),AND(NOT(AND(D11="retain",E11="statistical_results")),J11<>"",NOT(EXACT(J11,"not_applicable"))),AND(NOT(AND(D11="retain",OR(E11="report_internal_inconsistency",E11="plan_material"))),K11<>"",NOT(EXACT(K11,"not_applicable"))),AND(NOT(AND(D11="retain",E11="protocol_report")),L11<>"",NOT(EXACT(L11,"not_applicable")))),"CLEAR INACTIVE VALUES",IF(OR(NOT(OR(EXACT(D11,"retain"),EXACT(D11,"exclude"),EXACT(D11,"discuss"))),NOT(OR(EXACT(E11,"statistical_results"),EXACT(E11,"report_internal_inconsistency"),EXACT(E11,"plan_material"),EXACT(E11,"protocol_report"))),AND(AND(D11="retain",E11="statistical_results"),NOT(OR(EXACT(H11,"confirmed_issue"),EXACT(H11,"probable_issue"),EXACT(H11,"not_issue"),EXACT(H11,"indeterminate")))),AND(AND(D11="retain",E11="statistical_results"),NOT(OR(EXACT(I11,"substantive"),EXACT(I11,"minor_presentation"),EXACT(I11,"indeterminate")))),AND(AND(D11="retain",E11="statistical_results"),J11<>"",NOT(OR(EXACT(J11,"direct"),EXACT(J11,"possible"),EXACT(J11,"unlikely"),EXACT(J11,"unknown")))),AND(AND(D11="retain",OR(E11="report_internal_inconsistency",E11="plan_material")),NOT(OR(EXACT(K11,"substantive_inconsistency"),EXACT(K11,"minor_presentation"),EXACT(K11,"non_inconsistency"),EXACT(K11,"indeterminate")))),AND(AND(D11="retain",E11="protocol_report"),L11<>"",NOT(OR(EXACT(L11,"substantive_difference"),EXACT(L11,"minor_presentation"),EXACT(L11,"version_timing"),EXACT(L11,"non_inconsistency"),EXACT(L11,"indeterminate"))))),"CHECK FIELDS",IF(AND(F11<>"",NOT(OR(EXACT(F11,"no"),EXACT(F11,"primary_done")))),"CHECK COMPLETE",IF(EXACT(F11,"primary_done"),"PRIMARY READY","PRIMARY DRAFT")))))),"CHECK INPUT / KEY") | H11: confirmed_issue | I11: minor_presentation | J11: unlikely | K11: =IF(AND(OR(D11="retain",D11=""),OR(E11="report_internal_inconsistency",E11="plan_material")),"","not_applicable") | L11: =IF(AND(OR(D11="retain",D11=""),E11="protocol_report"),"","not_applicable") | R11: Table 1, high-flow arm, do not intubate: 13 (3.3) with n = 388. 13/388 = 3.35%, which rounds to 3.4. The printed value matches truncation, but other cells in the same table use ordinary rounding (e.g., 270/388 = 69.59 shown as 69.6), so no single convention applies. Last-digit discrepancy; negligible.
A12: 2018::jama.2018.14282::C011 | B12: High-flow do-not-resuscitate percentage does not reconcile | C12: DOC-001 Table 1 — PDF p. 4 | D12: retain | E12: statistical_results | F12: primary_done | G12: =IFERROR(IF(LEN(TRIM(CLEAN(SUBSTITUTE(Setup!$B$2,CHAR(160)," "))))=0,"CHECK REVIEWER ID",IF(OR(A12="",COUNTIF($A$2:$A$29,A12)<>1,LEFT(A12,LEN("2018::jama.2018.14282::"))<>"2018::jama.2018.14282::"),"CHECK KEY",IF(OR(AND(NOT(AND(D12="retain",E12="statistical_results")),H12<>"",NOT(EXACT(H12,"not_applicable"))),AND(NOT(AND(D12="retain",E12="statistical_results")),I12<>"",NOT(EXACT(I12,"not_applicable"))),AND(NOT(AND(D12="retain",E12="statistical_results")),J12<>"",NOT(EXACT(J12,"not_applicable"))),AND(NOT(AND(D12="retain",OR(E12="report_internal_inconsistency",E12="plan_material"))),K12<>"",NOT(EXACT(K12,"not_applicable"))),AND(NOT(AND(D12="retain",E12="protocol_report")),L12<>"",NOT(EXACT(L12,"not_applicable")))),"CLEAR INACTIVE VALUES",IF(OR(NOT(OR(EXACT(D12,"retain"),EXACT(D12,"exclude"),EXACT(D12,"discuss"))),NOT(OR(EXACT(E12,"statistical_results"),EXACT(E12,"report_internal_inconsistency"),EXACT(E12,"plan_material"),EXACT(E12,"protocol_report"))),AND(AND(D12="retain",E12="statistical_results"),NOT(OR(EXACT(H12,"confirmed_issue"),EXACT(H12,"probable_issue"),EXACT(H12,"not_issue"),EXACT(H12,"indeterminate")))),AND(AND(D12="retain",E12="statistical_results"),NOT(OR(EXACT(I12,"substantive"),EXACT(I12,"minor_presentation"),EXACT(I12,"indeterminate")))),AND(AND(D12="retain",E12="statistical_results"),J12<>"",NOT(OR(EXACT(J12,"direct"),EXACT(J12,"possible"),EXACT(J12,"unlikely"),EXACT(J12,"unknown")))),AND(AND(D12="retain",OR(E12="report_internal_inconsistency",E12="plan_material")),NOT(OR(EXACT(K12,"substantive_inconsistency"),EXACT(K12,"minor_presentation"),EXACT(K12,"non_inconsistency"),EXACT(K12,"indeterminate")))),AND(AND(D12="retain",E12="protocol_report"),L12<>"",NOT(OR(EXACT(L12,"substantive_difference"),EXACT(L12,"minor_presentation"),EXACT(L12,"version_timing"),EXACT(L12,"non_inconsistency"),EXACT(L12,"indeterminate"))))),"CHECK FIELDS",IF(AND(F12<>"",NOT(OR(EXACT(F12,"no"),EXACT(F12,"primary_done")))),"CHECK COMPLETE",IF(EXACT(F12,"primary_done"),"PRIMARY READY","PRIMARY DRAFT")))))),"CHECK INPUT / KEY") | H12: confirmed_issue | I12: minor_presentation | J12: unlikely | K12: =IF(AND(OR(D12="retain",D12=""),OR(E12="report_internal_inconsistency",E12="plan_material")),"","not_applicable") | L12: =IF(AND(OR(D12="retain",D12=""),E12="protocol_report"),"","not_applicable") | R12: Table 1, high-flow arm, do not resuscitate: 3 (0.7) with n = 388. 3/388 = 0.77%, which rounds to 0.8. The printed value matches truncation, but other cells in the same table use ordinary rounding (e.g., 270/388 = 69.59 shown as 69.6), so no single convention applies. Last-digit discrepancy; negligible.
A13: 2018::jama.2018.14282::C012 | B13: Standard-arm do-not-resuscitate percentage does not reconcile | C13: DOC-001 Table 1 — PDF p. 4 | D13: retain | E13: statistical_results | F13: primary_done | G13: =IFERROR(IF(LEN(TRIM(CLEAN(SUBSTITUTE(Setup!$B$2,CHAR(160)," "))))=0,"CHECK REVIEWER ID",IF(OR(A13="",COUNTIF($A$2:$A$29,A13)<>1,LEFT(A13,LEN("2018::jama.2018.14282::"))<>"2018::jama.2018.14282::"),"CHECK KEY",IF(OR(AND(NOT(AND(D13="retain",E13="statistical_results")),H13<>"",NOT(EXACT(H13,"not_applicable"))),AND(NOT(AND(D13="retain",E13="statistical_results")),I13<>"",NOT(EXACT(I13,"not_applicable"))),AND(NOT(AND(D13="retain",E13="statistical_results")),J13<>"",NOT(EXACT(J13,"not_applicable"))),AND(NOT(AND(D13="retain",OR(E13="report_internal_inconsistency",E13="plan_material"))),K13<>"",NOT(EXACT(K13,"not_applicable"))),AND(NOT(AND(D13="retain",E13="protocol_report")),L13<>"",NOT(EXACT(L13,"not_applicable")))),"CLEAR INACTIVE VALUES",IF(OR(NOT(OR(EXACT(D13,"retain"),EXACT(D13,"exclude"),EXACT(D13,"discuss"))),NOT(OR(EXACT(E13,"statistical_results"),EXACT(E13,"report_internal_inconsistency"),EXACT(E13,"plan_material"),EXACT(E13,"protocol_report"))),AND(AND(D13="retain",E13="statistical_results"),NOT(OR(EXACT(H13,"confirmed_issue"),EXACT(H13,"probable_issue"),EXACT(H13,"not_issue"),EXACT(H13,"indeterminate")))),AND(AND(D13="retain",E13="statistical_results"),NOT(OR(EXACT(I13,"substantive"),EXACT(I13,"minor_presentation"),EXACT(I13,"indeterminate")))),AND(AND(D13="retain",E13="statistical_results"),J13<>"",NOT(OR(EXACT(J13,"direct"),EXACT(J13,"possible"),EXACT(J13,"unlikely"),EXACT(J13,"unknown")))),AND(AND(D13="retain",OR(E13="report_internal_inconsistency",E13="plan_material")),NOT(OR(EXACT(K13,"substantive_inconsistency"),EXACT(K13,"minor_presentation"),EXACT(K13,"non_inconsistency"),EXACT(K13,"indeterminate")))),AND(AND(D13="retain",E13="protocol_report"),L13<>"",NOT(OR(EXACT(L13,"substantive_difference"),EXACT(L13,"minor_presentation"),EXACT(L13,"version_timing"),EXACT(L13,"non_inconsistency"),EXACT(L13,"indeterminate"))))),"CHECK FIELDS",IF(AND(F13<>"",NOT(OR(EXACT(F13,"no"),EXACT(F13,"primary_done")))),"CHECK COMPLETE",IF(EXACT(F13,"primary_done"),"PRIMARY READY","PRIMARY DRAFT")))))),"CHECK INPUT / KEY") | H13: confirmed_issue | I13: minor_presentation | J13: unlikely | K13: =IF(AND(OR(D13="retain",D13=""),OR(E13="report_internal_inconsistency",E13="plan_material")),"","not_applicable") | L13: =IF(AND(OR(D13="retain",D13=""),E13="protocol_report"),"","not_applicable") | R13: Table 1, standard arm, do not resuscitate: 1 (0.2) with n = 388. 1/388 = 0.26%, which rounds to 0.3. The printed value matches truncation, but other cells in the same table use ordinary rounding (e.g., 270/388 = 69.59 shown as 69.6), so no single convention applies. Last-digit discrepancy; negligible.
... A26: 2018::jama.2018.14282::C025 | B26: Revised-superiority sample-size total conflicts with equal arm counts | C26: DOC-001 — PDF p. 3; DOC-002 completed published-protocol abstract sentence — PDF p. 91; DOC-002 statistical-plan comparator — PDF p. 103 | D26: retain | E26: statistical_results | F26: primary_done | G26: =IFERROR(IF(LEN(TRIM(CLEAN(SUBSTITUTE(Setup!$B$2,CHAR(160)," "))))=0,"CHECK REVIEWER ID",IF(OR(A26="",COUNTIF($A$2:$A$29,A26)<>1,LEFT(A26,LEN("2018::jama.2018.14282::"))<>"2018::jama.2018.14282::"),"CHECK KEY",IF(OR(AND(NOT(AND(D26="retain",E26="statistical_results")),H26<>"",NOT(EXACT(H26,"not_applicable"))),AND(NOT(AND(D26="retain",E26="statistical_results")),I26<>"",NOT(EXACT(I26,"not_applicable"))),AND(NOT(AND(D26="retain",E26="statistical_results")),J26<>"",NOT(EXACT(J26,"not_applicable"))),AND(NOT(AND(D26="retain",OR(E26="report_internal_inconsistency",E26="plan_material"))),K26<>"",NOT(EXACT(K26,"not_applicable"))),AND(NOT(AND(D26="retain",E26="protocol_report")),L26<>"",NOT(EXACT(L26,"not_applicable")))),"CLEAR INACTIVE VALUES",IF(OR(NOT(OR(EXACT(D26,"retain"),EXACT(D26,"exclude"),EXACT(D26,"discuss"))),NOT(OR(EXACT(E26,"statistical_results"),EXACT(E26,"report_internal_inconsistency"),EXACT(E26,"plan_material"),EXACT(E26,"protocol_report"))),AND(AND(D26="retain",E26="statistical_results"),NOT(OR(EXACT(H26,"confirmed_issue"),EXACT(H26,"probable_issue"),EXACT(H26,"not_issue"),EXACT(H26,"indeterminate")))),AND(AND(D26="retain",E26="statistical_results"),NOT(OR(EXACT(I26,"substantive"),EXACT(I26,"minor_presentation"),EXACT(I26,"indeterminate")))),AND(AND(D26="retain",E26="statistical_results"),J26<>"",NOT(OR(EXACT(J26,"direct"),EXACT(J26,"possible"),EXACT(J26,"unlikely"),EXACT(J26,"unknown")))),AND(AND(D26="retain",OR(E26="report_internal_inconsistency",E26="plan_material")),NOT(OR(EXACT(K26,"substantive_inconsistency"),EXACT(K26,"minor_presentation"),EXACT(K26,"non_inconsistency"),EXACT(K26,"indeterminate")))),AND(AND(D26="retain",E26="protocol_report"),L26<>"",NOT(OR(EXACT(L26,"substantive_difference"),EXACT(L26,"minor_presentation"),EXACT(L26,"version_timing"),EXACT(L26,"non_inconsistency"),EXACT(L26,"indeterminate"))))),"CHECK FIELDS",IF(AND(F26<>"",NOT(OR(EXACT(F26,"no"),EXACT(F26,"primary_done")))),"CHECK COMPLETE",IF(EXACT(F26,"primary_done"),"PRIMARY READY","PRIMARY DRAFT")))))),"CHECK INPUT / KEY") | H26: confirmed_issue | I26: minor_presentation | J26: unlikely | K26: =IF(AND(OR(D26="retain",D26=""),OR(E26="report_internal_inconsistency",E26="plan_material")),"","not_applicable") | L26: =IF(AND(OR(D26="retain",D26=""),E26="protocol_report"),"","not_applicable") | R26: Methods p.3: '779 patients (389 in each group) were required'. 389 + 389 = 778; the final SAP (supplement 1 p.103) and Results p.5 state 778 (389 per group). Arithmetic typo in the sample-size sentence; design unaffected. Minor.
A27: 2018::jama.2018.14282::C026 | B27: Noninferiority bound/sign wording conflicts with its explanatory axis | C27: DOC-002 Figure 4 — PDF p. 40; DOC-002 — PDF p. 42 | D27: retain | E27: plan_material | F27: primary_done | G27: =IFERROR(IF(LEN(TRIM(CLEAN(SUBSTITUTE(Setup!$B$2,CHAR(160)," "))))=0,"CHECK REVIEWER ID",IF(OR(A27="",COUNTIF($A$2:$A$29,A27)<>1,LEFT(A27,LEN("2018::jama.2018.14282::"))<>"2018::jama.2018.14282::"),"CHECK KEY",IF(OR(AND(NOT(AND(D27="retain",E27="statistical_results")),H27<>"",NOT(EXACT(H27,"not_applicable"))),AND(NOT(AND(D27="retain",E27="statistical_results")),I27<>"",NOT(EXACT(I27,"not_applicable"))),AND(NOT(AND(D27="retain",E27="statistical_results")),J27<>"",NOT(EXACT(J27,"not_applicable"))),AND(NOT(AND(D27="retain",OR(E27="report_internal_inconsistency",E27="plan_material"))),K27<>"",NOT(EXACT(K27,"not_applicable"))),AND(NOT(AND(D27="retain",E27="protocol_report")),L27<>"",NOT(EXACT(L27,"not_applicable")))),"CLEAR INACTIVE VALUES",IF(OR(NOT(OR(EXACT(D27,"retain"),EXACT(D27,"exclude"),EXACT(D27,"discuss"))),NOT(OR(EXACT(E27,"statistical_results"),EXACT(E27,"report_internal_inconsistency"),EXACT(E27,"plan_material"),EXACT(E27,"protocol_report"))),AND(AND(D27="retain",E27="statistical_results"),NOT(OR(EXACT(H27,"confirmed_issue"),EXACT(H27,"probable_issue"),EXACT(H27,"not_issue"),EXACT(H27,"indeterminate")))),AND(AND(D27="retain",E27="statistical_results"),NOT(OR(EXACT(I27,"substantive"),EXACT(I27,"minor_presentation"),EXACT(I27,"indeterminate")))),AND(AND(D27="retain",E27="statistical_results"),J27<>"",NOT(OR(EXACT(J27,"direct"),EXACT(J27,"possible"),EXACT(J27,"unlikely"),EXACT(J27,"unknown")))),AND(AND(D27="retain",OR(E27="report_internal_inconsistency",E27="plan_material")),NOT(OR(EXACT(K27,"substantive_inconsistency"),EXACT(K27,"minor_presentation"),EXACT(K27,"non_inconsistency"),EXACT(K27,"indeterminate")))),AND(AND(D27="retain",E27="protocol_report"),L27<>"",NOT(OR(EXACT(L27,"substantive_difference"),EXACT(L27,"minor_presentation"),EXACT(L27,"version_timing"),EXACT(L27,"non_inconsistency"),EXACT(L27,"indeterminate"))))),"CHECK FIELDS",IF(AND(F27<>"",NOT(OR(EXACT(F27,"no"),EXACT(F27,"primary_done")))),"CHECK COMPLETE",IF(EXACT(F27,"primary_done"),"PRIMARY READY","PRIMARY DRAFT")))))),"CHECK INPUT / KEY") | H27: =IF(AND(OR(D27="retain",D27=""),E27="statistical_results"),"","not_applicable") | I27: =IF(AND(OR(D27="retain",D27=""),E27="statistical_results"),"","not_applicable") | J27: =IF(AND(OR(D27="retain",D27=""),E27="statistical_results"),"","not_applicable") | K27: substantive_inconsistency | L27: =IF(AND(OR(D27="retain",D27=""),E27="protocol_report"),"","not_applicable") | R27: Initial protocol (supplement 1 p.40-42): Figure 4 shows a negative-side margin on a 'new minus control' efficacy scale, but p.42 states 'Non-inferiority of HFNO will thus be demonstrated if the lower boundary of the 95% CI is less than 9%'. For mortality, NI needs the upper bound < +9% (or lower bound > -9% on the efficacy scale). Rule misstated; later superseded by the superiority design.
A28: 2018::jama.2018.14282::C027 | B28: Primary-hypothesis intervention is labelled NIV while plans identify HFNO | C28: DOC-002 — PDF p. 52; DOC-002 — PDF p. 104 | D28: retain | E28: plan_material | F28: primary_done | G28: =IFERROR(IF(LEN(TRIM(CLEAN(SUBSTITUTE(Setup!$B$2,CHAR(160)," "))))=0,"CHECK REVIEWER ID",IF(OR(A28="",COUNTIF($A$2:$A$29,A28)<>1,LEFT(A28,LEN("2018::jama.2018.14282::"))<>"2018::jama.2018.14282::"),"CHECK KEY",IF(OR(AND(NOT(AND(D28="retain",E28="statistical_results")),H28<>"",NOT(EXACT(H28,"not_applicable"))),AND(NOT(AND(D28="retain",E28="statistical_results")),I28<>"",NOT(EXACT(I28,"not_applicable"))),AND(NOT(AND(D28="retain",E28="statistical_results")),J28<>"",NOT(EXACT(J28,"not_applicable"))),AND(NOT(AND(D28="retain",OR(E28="report_internal_inconsistency",E28="plan_material"))),K28<>"",NOT(EXACT(K28,"not_applicable"))),AND(NOT(AND(D28="retain",E28="protocol_report")),L28<>"",NOT(EXACT(L28,"not_applicable")))),"CLEAR INACTIVE VALUES",IF(OR(NOT(OR(EXACT(D28,"retain"),EXACT(D28,"exclude"),EXACT(D28,"discuss"))),NOT(OR(EXACT(E28,"statistical_results"),EXACT(E28,"report_internal_inconsistency"),EXACT(E28,"plan_material"),EXACT(E28,"protocol_report"))),AND(AND(D28="retain",E28="statistical_results"),NOT(OR(EXACT(H28,"confirmed_issue"),EXACT(H28,"probable_issue"),EXACT(H28,"not_issue"),EXACT(H28,"indeterminate")))),AND(AND(D28="retain",E28="statistical_results"),NOT(OR(EXACT(I28,"substantive"),EXACT(I28,"minor_presentation"),EXACT(I28,"indeterminate")))),AND(AND(D28="retain",E28="statistical_results"),J28<>"",NOT(OR(EXACT(J28,"direct"),EXACT(J28,"possible"),EXACT(J28,"unlikely"),EXACT(J28,"unknown")))),AND(AND(D28="retain",OR(E28="report_internal_inconsistency",E28="plan_material")),NOT(OR(EXACT(K28,"substantive_inconsistency"),EXACT(K28,"minor_presentation"),EXACT(K28,"non_inconsistency"),EXACT(K28,"indeterminate")))),AND(AND(D28="retain",E28="protocol_report"),L28<>"",NOT(OR(EXACT(L28,"substantive_difference"),EXACT(L28,"minor_presentation"),EXACT(L28,"version_timing"),EXACT(L28,"non_inconsistency"),EXACT(L28,"indeterminate"))))),"CHECK FIELDS",IF(AND(F28<>"",NOT(OR(EXACT(F28,"no"),EXACT(F28,"primary_done")))),"CHECK COMPLETE",IF(EXACT(F28,"primary_done"),"PRIMARY READY","PRIMARY DRAFT")))))),"CHECK INPUT / KEY") | H28: =IF(AND(OR(D28="retain",D28=""),E28="statistical_results"),"","not_applicable") | I28: =IF(AND(OR(D28="retain",D28=""),E28="statistical_results"),"","not_applicable") | J28: =IF(AND(OR(D28="retain",D28=""),E28="statistical_results"),"","not_applicable") | K28: minor_presentation | L28: =IF(AND(OR(D28="retain",D28=""),E28="protocol_report"),"","not_applicable") | R28: Initial protocol p.52 ('primary hypothesis is non inferiority of the NIV') and final SAP as published p.104 ('superiority of the NIV') name NIV as the experimental intervention, while the same paragraphs state hypotheses about HFNO vs standard oxygen. Evident carry-over label from an earlier NIV trial; the intended intervention (HFNO) is clear. Minor.
A29: 2018::jama.2018.14282::C028 | B29: Planned primary outcome alternates between day-28 vital status and hospital death | C29: DOC-002 — PDF p. 54; DOC-002 — PDF p. 82; DOC-002 — PDF p. 104 | D29: retain | E29: plan_material | F29: primary_done | G29: =IFERROR(IF(LEN(TRIM(CLEAN(SUBSTITUTE(Setup!$B$2,CHAR(160)," "))))=0,"CHECK REVIEWER ID",IF(OR(A29="",COUNTIF($A$2:$A$29,A29)<>1,LEFT(A29,LEN("2018::jama.2018.14282::"))<>"2018::jama.2018.14282::"),"CHECK KEY",IF(OR(AND(NOT(AND(D29="retain",E29="statistical_results")),H29<>"",NOT(EXACT(H29,"not_applicable"))),AND(NOT(AND(D29="retain",E29="statistical_results")),I29<>"",NOT(EXACT(I29,"not_applicable"))),AND(NOT(AND(D29="retain",E29="statistical_results")),J29<>"",NOT(EXACT(J29,"not_applicable"))),AND(NOT(AND(D29="retain",OR(E29="report_internal_inconsistency",E29="plan_material"))),K29<>"",NOT(EXACT(K29,"not_applicable"))),AND(NOT(AND(D29="retain",E29="protocol_report")),L29<>"",NOT(EXACT(L29,"not_applicable")))),"CLEAR INACTIVE VALUES",IF(OR(NOT(OR(EXACT(D29,"retain"),EXACT(D29,"exclude"),EXACT(D29,"discuss"))),NOT(OR(EXACT(E29,"statistical_results"),EXACT(E29,"report_internal_inconsistency"),EXACT(E29,"plan_material"),EXACT(E29,"protocol_report"))),AND(AND(D29="retain",E29="statistical_results"),NOT(OR(EXACT(H29,"confirmed_issue"),EXACT(H29,"probable_issue"),EXACT(H29,"not_issue"),EXACT(H29,"indeterminate")))),AND(AND(D29="retain",E29="statistical_results"),NOT(OR(EXACT(I29,"substantive"),EXACT(I29,"minor_presentation"),EXACT(I29,"indeterminate")))),AND(AND(D29="retain",E29="statistical_results"),J29<>"",NOT(OR(EXACT(J29,"direct"),EXACT(J29,"possible"),EXACT(J29,"unlikely"),EXACT(J29,"unknown")))),AND(AND(D29="retain",OR(E29="report_internal_inconsistency",E29="plan_material")),NOT(OR(EXACT(K29,"substantive_inconsistency"),EXACT(K29,"minor_presentation"),EXACT(K29,"non_inconsistency"),EXACT(K29,"indeterminate")))),AND(AND(D29="retain",E29="protocol_report"),L29<>"",NOT(OR(EXACT(L29,"substantive_difference"),EXACT(L29,"minor_presentation"),EXACT(L29,"version_timing"),EXACT(L29,"non_inconsistency"),EXACT(L29,"indeterminate"))))),"CHECK FIELDS",IF(AND(F29<>"",NOT(OR(EXACT(F29,"no"),EXACT(F29,"primary_done")))),"CHECK COMPLETE",IF(EXACT(F29,"primary_done"),"PRIMARY READY","PRIMARY DRAFT")))))),"CHECK INPUT / KEY") | H29: =IF(AND(OR(D29="retain",D29=""),E29="statistical_results"),"","not_applicable") | I29: =IF(AND(OR(D29="retain",D29=""),E29="statistical_results"),"","not_applicable") | J29: =IF(AND(OR(D29="retain",D29=""),E29="statistical_results"),"","not_applicable") | K29: minor_presentation | L29: =IF(AND(OR(D29="retain",D29=""),E29="protocol_report"),"","not_applicable") | R29: Initial protocol p.54, original SAP p.82 and final SAP p.104 all say patients are followed to day 28 and classified alive or dead, then that 'the relative risk of hospital death' will be estimated. Day-28 death and hospital death are different endpoints (hospital mortality is a separate secondary outcome). Primary outcome is otherwise consistently day-28 mortality. Minor wording conflict.

Sheet C_jama.2018.17075
A1: Candidate key | B1: Candidate title | C1: Source location | D1: Disposition | E1: Review domain (AI suggestion; editable) | F1: Complete | G1: Validation hint | H1: Statistcal_or_numerical issue | I1: Substantiveness | J1: Downstream impact | K1: Report-internal or planning-material inconsistency | L1: Protocol interpretation | R1: Notes (optional)
A2: 2018::jama.2018.17075::C001 | B2: Normothermia Injury Severity Score median is below its printed IQR lower endpoint | C2: jama_cooper_2018_oi_180132.pdf — PDF p. 5, Table 1, normothermia Injury Severity Score. | D2: retain | E2: statistical_results | F2: primary_done | G2: =IFERROR(IF(LEN(TRIM(CLEAN(SUBSTITUTE(Setup!$B$2,CHAR(160)," "))))=0,"CHECK REVIEWER ID",IF(OR(A2="",COUNTIF($A$2:$A$9,A2)<>1,LEFT(A2,LEN("2018::jama.2018.17075::"))<>"2018::jama.2018.17075::"),"CHECK KEY",IF(OR(AND(NOT(AND(D2="retain",E2="statistical_results")),H2<>"",NOT(EXACT(H2,"not_applicable"))),AND(NOT(AND(D2="retain",E2="statistical_results")),I2<>"",NOT(EXACT(I2,"not_applicable"))),AND(NOT(AND(D2="retain",E2="statistical_results")),J2<>"",NOT(EXACT(J2,"not_applicable"))),AND(NOT(AND(D2="retain",OR(E2="report_internal_inconsistency",E2="plan_material"))),K2<>"",NOT(EXACT(K2,"not_applicable"))),AND(NOT(AND(D2="retain",E2="protocol_report")),L2<>"",NOT(EXACT(L2,"not_applicable")))),"CLEAR INACTIVE VALUES",IF(OR(NOT(OR(EXACT(D2,"retain"),EXACT(D2,"exclude"),EXACT(D2,"discuss"))),NOT(OR(EXACT(E2,"statistical_results"),EXACT(E2,"report_internal_inconsistency"),EXACT(E2,"plan_material"),EXACT(E2,"protocol_report"))),AND(AND(D2="retain",E2="statistical_results"),NOT(OR(EXACT(H2,"confirmed_issue"),EXACT(H2,"probable_issue"),EXACT(H2,"not_issue"),EXACT(H2,"indeterminate")))),AND(AND(D2="retain",E2="statistical_results"),NOT(OR(EXACT(I2,"substantive"),EXACT(I2,"minor_presentation"),EXACT(I2,"indeterminate")))),AND(AND(D2="retain",E2="statistical_results"),J2<>"",NOT(OR(EXACT(J2,"direct"),EXACT(J2,"possible"),EXACT(J2,"unlikely"),EXACT(J2,"unknown")))),AND(AND(D2="retain",OR(E2="report_internal_inconsistency",E2="plan_material")),NOT(OR(EXACT(K2,"substantive_inconsistency"),EXACT(K2,"minor_presentation"),EXACT(K2,"non_inconsistency"),EXACT(K2,"indeterminate")))),AND(AND(D2="retain",E2="protocol_report"),L2<>"",NOT(OR(EXACT(L2,"substantive_difference"),EXACT(L2,"minor_presentation"),EXACT(L2,"version_timing"),EXACT(L2,"non_inconsistency"),EXACT(L2,"indeterminate"))))),"CHECK FIELDS",IF(AND(F2<>"",NOT(OR(EXACT(F2,"no"),EXACT(F2,"primary_done")))),"CHECK COMPLETE",IF(EXACT(F2,"primary_done"),"PRIMARY READY","PRIMARY DRAFT")))))),"CHECK INPUT / KEY") | H2: confirmed_issue | I2: substantive | J2: possible | K2: =IF(AND(OR(D2="retain",D2=""),OR(E2="report_internal_inconsistency",E2="plan_material")),"","not_applicable") | L2: =IF(AND(OR(D2="retain",D2=""),E2="protocol_report"),"","not_applicable") | R2: Table 1 normothermia Injury Severity Score: median (IQR) 20.0 (20.5-35.0). A median cannot lie below Q1, so at least one value is wrong. The as-treated eTable 10 reports ISS medians of 29 in both groups, which makes an ITT normothermia median of 20 (vs 26 for hypothermia) doubtful; the printed values suggest a 6-point baseline imbalance that may not exist.
A3: 2018::jama.2018.17075::C002 | B3: Primary risk difference has opposite signs in matched main-article locations | C3: jama_cooper_2018_oi_180132.pdf — PDF p. 1, abstract Results; PDF p. 5, Primary Outcome Results; PDF p. 7, Table 2 favorable outcome. | D3: retain | E3: statistical_results | F3: primary_done | G3: =IFERROR(IF(LEN(TRIM(CLEAN(SUBSTITUTE(Setup!$B$2,CHAR(160)," "))))=0,"CHECK REVIEWER ID",IF(OR(A3="",COUNTIF($A$2:$A$9,A3)<>1,LEFT(A3,LEN("2018::jama.2018.17075::"))<>"2018::jama.2018.17075::"),"CHECK KEY",IF(OR(AND(NOT(AND(D3="retain",E3="statistical_results")),H3<>"",NOT(EXACT(H3,"not_applicable"))),AND(NOT(AND(D3="retain",E3="statistical_results")),I3<>"",NOT(EXACT(I3,"not_applicable"))),AND(NOT(AND(D3="retain",E3="statistical_results")),J3<>"",NOT(EXACT(J3,"not_applicable"))),AND(NOT(AND(D3="retain",OR(E3="report_internal_inconsistency",E3="plan_material"))),K3<>"",NOT(EXACT(K3,"not_applicable"))),AND(NOT(AND(D3="retain",E3="protocol_report")),L3<>"",NOT(EXACT(L3,"not_applicable")))),"CLEAR INACTIVE VALUES",IF(OR(NOT(OR(EXACT(D3,"retain"),EXACT(D3,"exclude"),EXACT(D3,"discuss"))),NOT(OR(EXACT(E3,"statistical_results"),EXACT(E3,"report_internal_inconsistency"),EXACT(E3,"plan_material"),EXACT(E3,"protocol_report"))),AND(AND(D3="retain",E3="statistical_results"),NOT(OR(EXACT(H3,"confirmed_issue"),EXACT(H3,"probable_issue"),EXACT(H3,"not_issue"),EXACT(H3,"indeterminate")))),AND(AND(D3="retain",E3="statistical_results"),NOT(OR(EXACT(I3,"substantive"),EXACT(I3,"minor_presentation"),EXACT(I3,"indeterminate")))),AND(AND(D3="retain",E3="statistical_results"),J3<>"",NOT(OR(EXACT(J3,"direct"),EXACT(J3,"possible"),EXACT(J3,"unlikely"),EXACT(J3,"unknown")))),AND(AND(D3="retain",OR(E3="report_internal_inconsistency",E3="plan_material")),NOT(OR(EXACT(K3,"substantive_inconsistency"),EXACT(K3,"minor_presentation"),EXACT(K3,"non_inconsistency"),EXACT(K3,"indeterminate")))),AND(AND(D3="retain",E3="protocol_report"),L3<>"",NOT(OR(EXACT(L3,"substantive_difference"),EXACT(L3,"minor_presentation"),EXACT(L3,"version_timing"),EXACT(L3,"non_inconsistency"),EXACT(L3,"indeterminate"))))),"CHECK FIELDS",IF(AND(F3<>"",NOT(OR(EXACT(F3,"no"),EXACT(F3,"primary_done")))),"CHECK COMPLETE",IF(EXACT(F3,"primary_done"),"PRIMARY READY","PRIMARY DRAFT")))))),"CHECK INPUT / KEY") | H3: confirmed_issue | I3: minor_presentation | J3: possible | K3: =IF(AND(OR(D3="retain",D3=""),OR(E3="report_internal_inconsistency",E3="plan_material")),"","not_applicable") | L3: =IF(AND(OR(D3="retain",D3=""),E3="protocol_report"),"","not_applicable") | R3: Primary outcome: abstract gives risk difference 0.4% (95% CI -9.4% to 8.7%); Results p.5 and Table 2 give -0.4 with the same counts and CI. 117/240 - 111/226 = -0.365 pp (Wald CI -9.45 to 8.72), so the abstract sign is wrong. Interpretation (no difference) is unchanged, but the abstract estimate has the wrong direction. Domain changed to statistical_results.
A4: 2018::jama.2018.17075::C003 | B4: Intracranial-bleeding effect and P-value reporting conflicts with matched evidence | C4: jama_cooper_2018_oi_180132.pdf — PDF p. 7, Table 2, new or increased intracranial bleeding; joi180132supp2_prod.pdf — PDF p. 10, eTable 6, same outcome; jama_cooper_2018_oi_180132.pdf — PDF p. 3, Statistical Analysis. | D4: retain | E4: statistical_results | F4: primary_done | G4: =IFERROR(IF(LEN(TRIM(CLEAN(SUBSTITUTE(Setup!$B$2,CHAR(160)," "))))=0,"CHECK REVIEWER ID",IF(OR(A4="",COUNTIF($A$2:$A$9,A4)<>1,LEFT(A4,LEN("2018::jama.2018.17075::"))<>"2018::jama.2018.17075::"),"CHECK KEY",IF(OR(AND(NOT(AND(D4="retain",E4="statistical_results")),H4<>"",NOT(EXACT(H4,"not_applicable"))),AND(NOT(AND(D4="retain",E4="statistical_results")),I4<>"",NOT(EXACT(I4,"not_applicable"))),AND(NOT(AND(D4="retain",E4="statistical_results")),J4<>"",NOT(EXACT(J4,"not_applicable"))),AND(NOT(AND(D4="retain",OR(E4="report_internal_inconsistency",E4="plan_material"))),K4<>"",NOT(EXACT(K4,"not_applicable"))),AND(NOT(AND(D4="retain",E4="protocol_report")),L4<>"",NOT(EXACT(L4,"not_applicable")))),"CLEAR INACTIVE VALUES",IF(OR(NOT(OR(EXACT(D4,"retain"),EXACT(D4,"exclude"),EXACT(D4,"discuss"))),NOT(OR(EXACT(E4,"statistical_results"),EXACT(E4,"report_internal_inconsistency"),EXACT(E4,"plan_material"),EXACT(E4,"protocol_report"))),AND(AND(D4="retain",E4="statistical_results"),NOT(OR(EXACT(H4,"confirmed_issue"),EXACT(H4,"probable_issue"),EXACT(H4,"not_issue"),EXACT(H4,"indeterminate")))),AND(AND(D4="retain",E4="statistical_results"),NOT(OR(EXACT(I4,"substantive"),EXACT(I4,"minor_presentation"),EXACT(I4,"indeterminate")))),AND(AND(D4="retain",E4="statistical_results"),J4<>"",NOT(OR(EXACT(J4,"direct"),EXACT(J4,"possible"),EXACT(J4,"unlikely"),EXACT(J4,"unknown")))),AND(AND(D4="retain",OR(E4="report_internal_inconsistency",E4="plan_material")),NOT(OR(EXACT(K4,"substantive_inconsistency"),EXACT(K4,"minor_presentation"),EXACT(K4,"non_inconsistency"),EXACT(K4,"indeterminate")))),AND(AND(D4="retain",E4="protocol_report"),L4<>"",NOT(OR(EXACT(L4,"substantive_difference"),EXACT(L4,"minor_presentation"),EXACT(L4,"version_timing"),EXACT(L4,"non_inconsistency"),EXACT(L4,"indeterminate"))))),"CHECK FIELDS",IF(AND(F4<>"",NOT(OR(EXACT(F4,"no"),EXACT(F4,"primary_done")))),"CHECK COMPLETE",IF(EXACT(F4,"primary_done"),"PRIMARY READY","PRIMARY DRAFT")))))),"CHECK INPUT / KEY") | H4: confirmed_issue | I4: substantive | J4: direct | K4: =IF(AND(OR(D4="retain",D4=""),OR(E4="report_internal_inconsistency",E4="plan_material")),"","not_applicable") | L4: =IF(AND(OR(D4="retain",D4=""),E4="protocol_report"),"","not_applicable") | R4: Table 2 intracranial bleeding 47/260 vs 37/240: printed RR 1.23 (0.43-3.5), P = .70. From the counts RR = 1.17 (0.79-1.74), chi-square P = .43, which is what eTable 6 gives (P = .43) and what Table 2 prints in the adjacent extracranial row. The RR/CI/P of the two bleeding rows are swapped; the absolute differences are correct.
A5: 2018::jama.2018.17075::C004 | B5: Extracranial-bleeding effect and P-value reporting conflicts with matched evidence | C5: jama_cooper_2018_oi_180132.pdf — PDF p. 7, Table 2, new significant extracranial bleeding; joi180132supp2_prod.pdf — PDF p. 10, eTable 6, same outcome; jama_cooper_2018_oi_180132.pdf — PDF p. 3, Statistical Analysis. | D5: retain | E5: statistical_results | F5: primary_done | G5: =IFERROR(IF(LEN(TRIM(CLEAN(SUBSTITUTE(Setup!$B$2,CHAR(160)," "))))=0,"CHECK REVIEWER ID",IF(OR(A5="",COUNTIF($A$2:$A$9,A5)<>1,LEFT(A5,LEN("2018::jama.2018.17075::"))<>"2018::jama.2018.17075::"),"CHECK KEY",IF(OR(AND(NOT(AND(D5="retain",E5="statistical_results")),H5<>"",NOT(EXACT(H5,"not_applicable"))),AND(NOT(AND(D5="retain",E5="statistical_results")),I5<>"",NOT(EXACT(I5,"not_applicable"))),AND(NOT(AND(D5="retain",E5="statistical_results")),J5<>"",NOT(EXACT(J5,"not_applicable"))),AND(NOT(AND(D5="retain",OR(E5="report_internal_inconsistency",E5="plan_material"))),K5<>"",NOT(EXACT(K5,"not_applicable"))),AND(NOT(AND(D5="retain",E5="protocol_report")),L5<>"",NOT(EXACT(L5,"not_applicable")))),"CLEAR INACTIVE VALUES",IF(OR(NOT(OR(EXACT(D5,"retain"),EXACT(D5,"exclude"),EXACT(D5,"discuss"))),NOT(OR(EXACT(E5,"statistical_results"),EXACT(E5,"report_internal_inconsistency"),EXACT(E5,"plan_material"),EXACT(E5,"protocol_report"))),AND(AND(D5="retain",E5="statistical_results"),NOT(OR(EXACT(H5,"confirmed_issue"),EXACT(H5,"probable_issue"),EXACT(H5,"not_issue"),EXACT(H5,"indeterminate")))),AND(AND(D5="retain",E5="statistical_results"),NOT(OR(EXACT(I5,"substantive"),EXACT(I5,"minor_presentation"),EXACT(I5,"indeterminate")))),AND(AND(D5="retain",E5="statistical_results"),J5<>"",NOT(OR(EXACT(J5,"direct"),EXACT(J5,"possible"),EXACT(J5,"unlikely"),EXACT(J5,"unknown")))),AND(AND(D5="retain",OR(E5="report_internal_inconsistency",E5="plan_material")),NOT(OR(EXACT(K5,"substantive_inconsistency"),EXACT(K5,"minor_presentation"),EXACT(K5,"non_inconsistency"),EXACT(K5,"indeterminate")))),AND(AND(D5="retain",E5="protocol_report"),L5<>"",NOT(OR(EXACT(L5,"substantive_difference"),EXACT(L5,"minor_presentation"),EXACT(L5,"version_timing"),EXACT(L5,"non_inconsistency"),EXACT(L5,"indeterminate"))))),"CHECK FIELDS",IF(AND(F5<>"",NOT(OR(EXACT(F5,"no"),EXACT(F5,"primary_done")))),"CHECK COMPLETE",IF(EXACT(F5,"primary_done"),"PRIMARY READY","PRIMARY DRAFT")))))),"CHECK INPUT / KEY") | H5: confirmed_issue | I5: substantive | J5: direct | K5: =IF(AND(OR(D5="retain",D5=""),OR(E5="report_internal_inconsistency",E5="plan_material")),"","not_applicable") | L5: =IF(AND(OR(D5="retain",D5=""),E5="protocol_report"),"","not_applicable") | R5: Table 2 extracranial bleeding 8/260 vs 6/240: printed RR 1.17 (0.79-1.74), P = .43. From the counts RR = 1.23 (0.43-3.50), chi-square P = .70, matching eTable 6 (P = .70). Mirror image of C003: RR/CI/P transposed between the two bleeding rows. Printed CI is far too narrow for 14 events.
A6: 2018::jama.2018.17075::C005 | B6: As-treated evacuated-mass-lesion cell reverses count and percentage order | C6: joi180132supp2_prod.pdf — PDF p. 18, eTable 10, CT Marshall classification, evacuated mass lesion V, normothermia. | D6: retain | E6: statistical_results | F6: primary_done | G6: =IFERROR(IF(LEN(TRIM(CLEAN(SUBSTITUTE(Setup!$B$2,CHAR(160)," "))))=0,"CHECK REVIEWER ID",IF(OR(A6="",COUNTIF($A$2:$A$9,A6)<>1,LEFT(A6,LEN("2018::jama.2018.17075::"))<>"2018::jama.2018.17075::"),"CHECK KEY",IF(OR(AND(NOT(AND(D6="retain",E6="statistical_results")),H6<>"",NOT(EXACT(H6,"not_applicable"))),AND(NOT(AND(D6="retain",E6="statistical_results")),I6<>"",NOT(EXACT(I6,"not_applicable"))),AND(NOT(AND(D6="retain",E6="statistical_results")),J6<>"",NOT(EXACT(J6,"not_applicable"))),AND(NOT(AND(D6="retain",OR(E6="report_internal_inconsistency",E6="plan_material"))),K6<>"",NOT(EXACT(K6,"not_applicable"))),AND(NOT(AND(D6="retain",E6="protocol_report")),L6<>"",NOT(EXACT(L6,"not_applicable")))),"CLEAR INACTIVE VALUES",IF(OR(NOT(OR(EXACT(D6,"retain"),EXACT(D6,"exclude"),EXACT(D6,"discuss"))),NOT(OR(EXACT(E6,"statistical_results"),EXACT(E6,"report_internal_inconsistency"),EXACT(E6,"plan_material"),EXACT(E6,"protocol_report"))),AND(AND(D6="retain",E6="statistical_results"),NOT(OR(EXACT(H6,"confirmed_issue"),EXACT(H6,"probable_issue"),EXACT(H6,"not_issue"),EXACT(H6,"indeterminate")))),AND(AND(D6="retain",E6="statistical_results"),NOT(OR(EXACT(I6,"substantive"),EXACT(I6,"minor_presentation"),EXACT(I6,"indeterminate")))),AND(AND(D6="retain",E6="statistical_results"),J6<>"",NOT(OR(EXACT(J6,"direct"),EXACT(J6,"possible"),EXACT(J6,"unlikely"),EXACT(J6,"unknown")))),AND(AND(D6="retain",OR(E6="report_internal_inconsistency",E6="plan_material")),NOT(OR(EXACT(K6,"substantive_inconsistency"),EXACT(K6,"minor_presentation"),EXACT(K6,"non_inconsistency"),EXACT(K6,"indeterminate")))),AND(AND(D6="retain",E6="protocol_report"),L6<>"",NOT(OR(EXACT(L6,"substantive_difference"),EXACT(L6,"minor_presentation"),EXACT(L6,"version_timing"),EXACT(L6,"non_inconsistency"),EXACT(L6,"indeterminate"))))),"CHECK FIELDS",IF(AND(F6<>"",NOT(OR(EXACT(F6,"no"),EXACT(F6,"primary_done")))),"CHECK COMPLETE",IF(EXACT(F6,"primary_done"),"PRIMARY READY","PRIMARY DRAFT")))))),"CHECK INPUT / KEY") | H6: confirmed_issue | I6: minor_presentation | J6: unlikely | K6: =IF(AND(OR(D6="retain",D6=""),OR(E6="report_internal_inconsistency",E6="plan_material")),"","not_applicable") | L6: =IF(AND(OR(D6="retain",D6=""),E6="protocol_report"),"","not_applicable") | R6: eTable 10 (as-treated) normothermia, evacuated mass lesion V: '34.7 (68)' under No. (%), i.e., percentage and count reversed; 68/196 = 34.7%. With counts 3 + 108 + 15 + 68 + 2 = 196 the column closes. Formatting error; values recoverable. Domain changed to statistical_results.
A7: 2018::jama.2018.17075::C006 | B7: As-treated non-evacuated-mass-lesion cell reverses count and percentage order | C7: joi180132supp2_prod.pdf — PDF p. 18, eTable 10, CT Marshall classification, non-evacuated mass lesion VI, normothermia. | D7: retain | E7: statistical_results | F7: primary_done | G7: =IFERROR(IF(LEN(TRIM(CLEAN(SUBSTITUTE(Setup!$B$2,CHAR(160)," "))))=0,"CHECK REVIEWER ID",IF(OR(A7="",COUNTIF($A$2:$A$9,A7)<>1,LEFT(A7,LEN("2018::jama.2018.17075::"))<>"2018::jama.2018.17075::"),"CHECK KEY",IF(OR(AND(NOT(AND(D7="retain",E7="statistical_results")),H7<>"",NOT(EXACT(H7,"not_applicable"))),AND(NOT(AND(D7="retain",E7="statistical_results")),I7<>"",NOT(EXACT(I7,"not_applicable"))),AND(NOT(AND(D7="retain",E7="statistical_results")),J7<>"",NOT(EXACT(J7,"not_applicable"))),AND(NOT(AND(D7="retain",OR(E7="report_internal_inconsistency",E7="plan_material"))),K7<>"",NOT(EXACT(K7,"not_applicable"))),AND(NOT(AND(D7="retain",E7="protocol_report")),L7<>"",NOT(EXACT(L7,"not_applicable")))),"CLEAR INACTIVE VALUES",IF(OR(NOT(OR(EXACT(D7,"retain"),EXACT(D7,"exclude"),EXACT(D7,"discuss"))),NOT(OR(EXACT(E7,"statistical_results"),EXACT(E7,"report_internal_inconsistency"),EXACT(E7,"plan_material"),EXACT(E7,"protocol_report"))),AND(AND(D7="retain",E7="statistical_results"),NOT(OR(EXACT(H7,"confirmed_issue"),EXACT(H7,"probable_issue"),EXACT(H7,"not_issue"),EXACT(H7,"indeterminate")))),AND(AND(D7="retain",E7="statistical_results"),NOT(OR(EXACT(I7,"substantive"),EXACT(I7,"minor_presentation"),EXACT(I7,"indeterminate")))),AND(AND(D7="retain",E7="statistical_results"),J7<>"",NOT(OR(EXACT(J7,"direct"),EXACT(J7,"possible"),EXACT(J7,"unlikely"),EXACT(J7,"unknown")))),AND(AND(D7="retain",OR(E7="report_internal_inconsistency",E7="plan_material")),NOT(OR(EXACT(K7,"substantive_inconsistency"),EXACT(K7,"minor_presentation"),EXACT(K7,"non_inconsistency"),EXACT(K7,"indeterminate")))),AND(AND(D7="retain",E7="protocol_report"),L7<>"",NOT(OR(EXACT(L7,"substantive_difference"),EXACT(L7,"minor_presentation"),EXACT(L7,"version_timing"),EXACT(L7,"non_inconsistency"),EXACT(L7,"indeterminate"))))),"CHECK FIELDS",IF(AND(F7<>"",NOT(OR(EXACT(F7,"no"),EXACT(F7,"primary_done")))),"CHECK COMPLETE",IF(EXACT(F7,"primary_done"),"PRIMARY READY","PRIMARY DRAFT")))))),"CHECK INPUT / KEY") | H7: confirmed_issue | I7: minor_presentation | J7: unlikely | K7: =IF(AND(OR(D7="retain",D7=""),OR(E7="report_internal_inconsistency",E7="plan_material")),"","not_applicable") | L7: =IF(AND(OR(D7="retain",D7=""),E7="protocol_report"),"","not_applicable") | R7: eTable 10 normothermia, non-evacuated mass lesion VI: '1 (2)'. Literal 1/196 = 0.5%, not 2%, and a count of 1 leaves the CT categories summing to 195. Read as count 2 (1.0%), it fits: 2/196 = 1.0% and categories sum to 196. Same reversal as the cell above. Minor; domain changed to statistical_results.
A8: 2018::jama.2018.17075::C007 | B8: Adjusted odds-ratio confidence-interval string is malformed | C8: joi180132supp2_prod.pdf — PDF p. 22, post-hoc adequate-cooling Results, final sentence. | D8: retain | E8: statistical_results | F8: primary_done | G8: =IFERROR(IF(LEN(TRIM(CLEAN(SUBSTITUTE(Setup!$B$2,CHAR(160)," "))))=0,"CHECK REVIEWER ID",IF(OR(A8="",COUNTIF($A$2:$A$9,A8)<>1,LEFT(A8,LEN("2018::jama.2018.17075::"))<>"2018::jama.2018.17075::"),"CHECK KEY",IF(OR(AND(NOT(AND(D8="retain",E8="statistical_results")),H8<>"",NOT(EXACT(H8,"not_applicable"))),AND(NOT(AND(D8="retain",E8="statistical_results")),I8<>"",NOT(EXACT(I8,"not_applicable"))),AND(NOT(AND(D8="retain",E8="statistical_results")),J8<>"",NOT(EXACT(J8,"not_applicable"))),AND(NOT(AND(D8="retain",OR(E8="report_internal_inconsistency",E8="plan_material"))),K8<>"",NOT(EXACT(K8,"not_applicable"))),AND(NOT(AND(D8="retain",E8="protocol_report")),L8<>"",NOT(EXACT(L8,"not_applicable")))),"CLEAR INACTIVE VALUES",IF(OR(NOT(OR(EXACT(D8,"retain"),EXACT(D8,"exclude"),EXACT(D8,"discuss"))),NOT(OR(EXACT(E8,"statistical_results"),EXACT(E8,"report_internal_inconsistency"),EXACT(E8,"plan_material"),EXACT(E8,"protocol_report"))),AND(AND(D8="retain",E8="statistical_results"),NOT(OR(EXACT(H8,"confirmed_issue"),EXACT(H8,"probable_issue"),EXACT(H8,"not_issue"),EXACT(H8,"indeterminate")))),AND(AND(D8="retain",E8="statistical_results"),NOT(OR(EXACT(I8,"substantive"),EXACT(I8,"minor_presentation"),EXACT(I8,"indeterminate")))),AND(AND(D8="retain",E8="statistical_results"),J8<>"",NOT(OR(EXACT(J8,"direct"),EXACT(J8,"possible"),EXACT(J8,"unlikely"),EXACT(J8,"unknown")))),AND(AND(D8="retain",OR(E8="report_internal_inconsistency",E8="plan_material")),NOT(OR(EXACT(K8,"substantive_inconsistency"),EXACT(K8,"minor_presentation"),EXACT(K8,"non_inconsistency"),EXACT(K8,"indeterminate")))),AND(AND(D8="retain",E8="protocol_report"),L8<>"",NOT(OR(EXACT(L8,"substantive_difference"),EXACT(L8,"minor_presentation"),EXACT(L8,"version_timing"),EXACT(L8,"non_inconsistency"),EXACT(L8,"indeterminate"))))),"CHECK FIELDS",IF(AND(F8<>"",NOT(OR(EXACT(F8,"no"),EXACT(F8,"primary_done")))),"CHECK COMPLETE",IF(EXACT(F8,"primary_done"),"PRIMARY READY","PRIMARY DRAFT")))))),"CHECK INPUT / KEY") | H8: confirmed_issue | I8: minor_presentation | J8: unlikely | K8: =IF(AND(OR(D8="retain",D8=""),OR(E8="report_internal_inconsistency",E8="plan_material")),"","not_applicable") | L8: =IF(AND(OR(D8="retain",D8=""),E8="protocol_report"),"","not_applicable") | R8: Supplement post hoc adequate-cooling analysis prints 'adjusted odds ratio ... 0.95 (0.55-275 1.64) P = .84'. The stray '275' looks like an extraction/line-number artifact; sqrt(0.55 x 1.64) = 0.95, consistent with a CI of 0.55-1.64. Malformed string in an exploratory post hoc result; intended interval recoverable.
