Workbook

Sheet Setup
A1: Field | B1: Value
A2: reviewerId | B2: R_A
A3: reviewerName (optional)
A4: reviewerRole | B4: R_A
A5: year | B5: 2025

Sheet Checks
A1: Check | B1: Result
A2: Reviewer role | B2: =Setup!B4
A3: Candidates | B3: 109
A4: Primary ready rows | B4: =COUNTIF('C_jama.2024.24764'!$G$2:$G$6,"PRIMARY READY")+COUNTIF('C_jama.2024.27643'!$G$2:$G$17,"PRIMARY READY")+COUNTIF('C_jama.2025.15440'!$G$2:$G$2,"PRIMARY READY")+COUNTIF('C_jama.2025.16450'!$G$2:$G$7,"PRIMARY READY")+COUNTIF('C_jama.2025.19563'!$G$2:$G$14,"PRIMARY READY")+COUNTIF('C_jama.2025.19843'!$G$2:$G$8,"PRIMARY READY")+COUNTIF('C_jama.2025.20765'!$G$2:$G$20,"PRIMARY READY")+COUNTIF('C_jama.2025.24175'!$G$2:$G$15,"PRIMARY READY")+COUNTIF('C_jama.2025.4390'!$G$2:$G$14,"PRIMARY READY")+COUNTIF('C_jama.2025.7583'!$G$2:$G$5,"PRIMARY READY")+COUNTIF('C_jama.2025.7710'!$G$2:$G$4,"PRIMARY READY")+COUNTIF('C_jama.2025.9110'!$G$2:$G$4,"PRIMARY READY")+COUNTIF('C_jama.2025.9663'!$G$2:$G$6,"PRIMARY READY")
A5: Discuss / unresolved rows | B5: =COUNTIF('C_jama.2024.24764'!$D$2:$D$6,"discuss")+COUNTIF('C_jama.2024.27643'!$D$2:$D$17,"discuss")+COUNTIF('C_jama.2025.15440'!$D$2:$D$2,"discuss")+COUNTIF('C_jama.2025.16450'!$D$2:$D$7,"discuss")+COUNTIF('C_jama.2025.19563'!$D$2:$D$14,"discuss")+COUNTIF('C_jama.2025.19843'!$D$2:$D$8,"discuss")+COUNTIF('C_jama.2025.20765'!$D$2:$D$20,"discuss")+COUNTIF('C_jama.2025.24175'!$D$2:$D$15,"discuss")+COUNTIF('C_jama.2025.4390'!$D$2:$D$14,"discuss")+COUNTIF('C_jama.2025.7583'!$D$2:$D$5,"discuss")+COUNTIF('C_jama.2025.7710'!$D$2:$D$4,"discuss")+COUNTIF('C_jama.2025.9110'!$D$2:$D$4,"discuss")+COUNTIF('C_jama.2025.9663'!$D$2:$D$6,"discuss")
A6: Unfinished rows | B6: =B3-B4
A7: Workflow status | B7: =IF(B4=B3,"PRIMARY READY","ACTION NEEDED")
A8: Meaning | B8: PRIMARY READY means independent entry is complete. Discuss remains unresolved and is not counted as absence of error.
A9: Next action | B9: Inspect G on the C_ sheets. Save and deliver this file after review.

Sheet Papers
A1: Paper | B1: Review worksheet | C1: Candidates | D1: Note
A2: jama.2024.24764 | B2: C_jama.2024.24764 | C2: 5
A3: jama.2024.27643 | B3: C_jama.2024.27643 | C3: 16
A4: jama.2025.11178 | B4: C_jama.2025.11178 | C4: 0 | D4: Placeholder: workflow 1.6.2 output pending; no candidates in this version
A5: jama.2025.15185 | B5: C_jama.2025.15185 | C5: 0 | D5: Placeholder: workflow 1.6.2 output pending; no candidates in this version
A6: jama.2025.15440 | B6: C_jama.2025.15440 | C6: 1
A7: jama.2025.16450 | B7: C_jama.2025.16450 | C7: 6
A8: jama.2025.19563 | B8: C_jama.2025.19563 | C8: 13
A9: jama.2025.19843 | B9: C_jama.2025.19843 | C9: 7
A10: jama.2025.20765 | B10: C_jama.2025.20765 | C10: 19
A11: jama.2025.24175 | B11: C_jama.2025.24175 | C11: 14
A12: jama.2025.4390 | B12: C_jama.2025.4390 | C12: 13
A13: jama.2025.7583 | B13: C_jama.2025.7583 | C13: 4
A14: jama.2025.7710 | B14: C_jama.2025.7710 | C14: 3
A15: jama.2025.9110 | B15: C_jama.2025.9110 | C15: 3
A16: jama.2025.9663 | B16: C_jama.2025.9663 | C16: 5

Sheet C_jama.2024.24764
A1: Candidate key | B1: Candidate title | C1: Source location | D1: Disposition | E1: Review domain (AI suggestion; editable) | F1: Complete | G1: Validation hint | H1: Statistical_or_numerical issue | I1: Substantiveness | J1: Downstream impact | K1: Report-internal or planning-material inconsistency | L1: Protocol interpretation | R1: Notes (optional)
A2: 2025::jama.2024.24764::C001 | B2: Quality-of-life conclusion versus the day-7 index test | C2: REPORT jama_atherton_2025_oi_240145_1741627844.85412.pdf — main article abstract, PDF p. 1; REPORT jama_atherton_2025_oi_240145_1741627844.85412.pdf — main Secondary Outcomes, PDF p. 6; REPORT joi240145supp3_prod_1741627844.89412.pdf — results supplement eTable 3, day-7 index, later-time rows and interaction, PDF p. 4. Corroborating PLAN joi240145supp1_prod_1741627844.87412.pdf — SAP §§5.1–5.2, PDF p. 12. | D2: retain | E2: statistical_results | F2: primary_done | G2: =IFERROR(IF(LEN(TRIM(CLEAN(SUBSTITUTE(Setup!$B$2,CHAR(160)," "))))=0,"CHECK REVIEWER ID",IF(OR(A2="",COUNTIF($A$2:$A$6,A2)<>1,LEFT(A2,LEN("2025::jama.2024.24764::"))<>"2025::jama.2024.24764::"),"CHECK KEY",IF(OR(AND(NOT(AND(D2="retain",E2="statistical_results")),H2<>"",NOT(EXACT(H2,"not_applicable"))),AND(NOT(AND(D2="retain",E2="statistical_results")),I2<>"",NOT(EXACT(I2,"not_applicable"))),AND(NOT(AND(D2="retain",E2="statistical_results")),J2<>"",NOT(EXACT(J2,"not_applicable"))),AND(NOT(AND(D2="retain",OR(E2="report_internal_inconsistency",E2="plan_material"))),K2<>"",NOT(EXACT(K2,"not_applicable"))),AND(NOT(AND(D2="retain",E2="protocol_report")),L2<>"",NOT(EXACT(L2,"not_applicable")))),"CLEAR INACTIVE VALUES",IF(OR(NOT(OR(EXACT(D2,"retain"),EXACT(D2,"exclude"),EXACT(D2,"discuss"))),NOT(OR(EXACT(E2,"statistical_results"),EXACT(E2,"report_internal_inconsistency"),EXACT(E2,"plan_material"),EXACT(E2,"protocol_report"))),AND(AND(D2="retain",E2="statistical_results"),NOT(OR(EXACT(H2,"confirmed_issue"),EXACT(H2,"probable_issue"),EXACT(H2,"not_issue"),EXACT(H2,"indeterminate")))),AND(AND(D2="retain",E2="statistical_results"),NOT(OR(EXACT(I2,"substantive"),EXACT(I2,"minor_presentation"),EXACT(I2,"indeterminate")))),AND(AND(D2="retain",E2="statistical_results"),J2<>"",NOT(OR(EXACT(J2,"direct"),EXACT(J2,"possible"),EXACT(J2,"unlikely"),EXACT(J2,"unknown")))),AND(AND(D2="retain",OR(E2="report_internal_inconsistency",E2="plan_material")),NOT(OR(EXACT(K2,"substantive_inconsistency"),EXACT(K2,"minor_presentation"),EXACT(K2,"non_inconsistency"),EXACT(K2,"indeterminate")))),AND(AND(D2="retain",E2="protocol_report"),L2<>"",NOT(OR(EXACT(L2,"substantive_difference"),EXACT(L2,"minor_presentation"),EXACT(L2,"version_timing"),EXACT(L2,"non_inconsistency"),EXACT(L2,"indeterminate"))))),"CHECK FIELDS",IF(AND(F2<>"",NOT(OR(EXACT(F2,"no"),EXACT(F2,"primary_done")))),"CHECK COMPLETE",IF(EXACT(F2,"primary_done"),"PRIMARY READY","PRIMARY DRAFT")))))),"CHECK INPUT / KEY") | H2: confirmed_issue | I2: substantive | J2: possible | K2: =IF(AND(OR(D2="retain",D2=""),OR(E2="report_internal_inconsistency",E2="plan_material")),"","not_applicable") | L2: =IF(AND(OR(D2="retain",D2=""),E2="protocol_report"),"","not_applicable") | R2: Main p1 abstract (6 of 7 secondary outcomes not significant, incl. QoL) and p6 ('no differences in quality of life', citing eTables 2-4) vs supp3 eTable 3 p4: day-7 EQ-5D index -0.057 (-0.104 to -0.010), P=.02 favoring control; CI-implied P=0.017. SAP p26 names day 7 as a primary QoL time point and p12 uses alpha .05 without multiplicity correction. Interaction P=.10 does not remove the day-specific result. Card agrees.
A3: 2025::jama.2024.24764::C002 | B3: Planned hospital-stay differences versus reported geometric ratios | C3: PLAN joi240145supp1_prod_1741627844.87412.pdf — SAP §9.2, PDF p. 15, joi240145supp1_prod_1741627844.87412.pdf — SAP §9.6, PDF p. 25, joi240145supp1_prod_1741627844.87412.pdf — SAP Appendix D7 shell, PDF p. 42; PLAN joi240145supp4_prod_1741627844.90412.pdf — protocol UK definition, PDF p. 24, joi240145supp4_prod_1741627844.90412.pdf — protocol §14.2.2, PDF p. 39; REPORT jama_atherton_2025_oi_240145_1741627844.85412.pdf — main abstract, PDF p. 1, jama_atherton_2025_oi_240145_1741627844.85412.pdf — Statistical Analysis, PDF p. 4, jama_atherton_2025_oi_240145_1741627844.85412.pdf — Secondary Outcomes, PDF p. 6, jama_atherton_2025_oi_240145_1741627844.85412.pdf — Table 3 UK/pooled rows and footnote c, PDF p. 8. | D3: retain | E3: protocol_report | F3: primary_done | G3: =IFERROR(IF(LEN(TRIM(CLEAN(SUBSTITUTE(Setup!$B$2,CHAR(160)," "))))=0,"CHECK REVIEWER ID",IF(OR(A3="",COUNTIF($A$2:$A$6,A3)<>1,LEFT(A3,LEN("2025::jama.2024.24764::"))<>"2025::jama.2024.24764::"),"CHECK KEY",IF(OR(AND(NOT(AND(D3="retain",E3="statistical_results")),H3<>"",NOT(EXACT(H3,"not_applicable"))),AND(NOT(AND(D3="retain",E3="statistical_results")),I3<>"",NOT(EXACT(I3,"not_applicable"))),AND(NOT(AND(D3="retain",E3="statistical_results")),J3<>"",NOT(EXACT(J3,"not_applicable"))),AND(NOT(AND(D3="retain",OR(E3="report_internal_inconsistency",E3="plan_material"))),K3<>"",NOT(EXACT(K3,"not_applicable"))),AND(NOT(AND(D3="retain",E3="protocol_report")),L3<>"",NOT(EXACT(L3,"not_applicable")))),"CLEAR INACTIVE VALUES",IF(OR(NOT(OR(EXACT(D3,"retain"),EXACT(D3,"exclude"),EXACT(D3,"discuss"))),NOT(OR(EXACT(E3,"statistical_results"),EXACT(E3,"report_internal_inconsistency"),EXACT(E3,"plan_material"),EXACT(E3,"protocol_report"))),AND(AND(D3="retain",E3="statistical_results"),NOT(OR(EXACT(H3,"confirmed_issue"),EXACT(H3,"probable_issue"),EXACT(H3,"not_issue"),EXACT(H3,"indeterminate")))),AND(AND(D3="retain",E3="statistical_results"),NOT(OR(EXACT(I3,"substantive"),EXACT(I3,"minor_presentation"),EXACT(I3,"indeterminate")))),AND(AND(D3="retain",E3="statistical_results"),J3<>"",NOT(OR(EXACT(J3,"direct"),EXACT(J3,"possible"),EXACT(J3,"unlikely"),EXACT(J3,"unknown")))),AND(AND(D3="retain",OR(E3="report_internal_inconsistency",E3="plan_material")),NOT(OR(EXACT(K3,"substantive_inconsistency"),EXACT(K3,"minor_presentation"),EXACT(K3,"non_inconsistency"),EXACT(K3,"indeterminate")))),AND(AND(D3="retain",E3="protocol_report"),L3<>"",NOT(OR(EXACT(L3,"substantive_difference"),EXACT(L3,"minor_presentation"),EXACT(L3,"version_timing"),EXACT(L3,"non_inconsistency"),EXACT(L3,"indeterminate"))))),"CHECK FIELDS",IF(AND(F3<>"",NOT(OR(EXACT(F3,"no"),EXACT(F3,"primary_done")))),"CHECK COMPLETE",IF(EXACT(F3,"primary_done"),"PRIMARY READY","PRIMARY DRAFT")))))),"CHECK INPUT / KEY") | H3: =IF(AND(OR(D3="retain",D3=""),E3="statistical_results"),"","not_applicable") | I3: =IF(AND(OR(D3="retain",D3=""),E3="statistical_results"),"","not_applicable") | J3: =IF(AND(OR(D3="retain",D3=""),E3="statistical_results"),"","not_applicable") | K3: =IF(AND(OR(D3="retain",D3=""),OR(E3="report_internal_inconsistency",E3="plan_material")),"","not_applicable") | L3: substantive_difference | R3: SAP p25/p42: LOS analysed UK-only by linear mixed model as adjusted mean difference (days); protocol p39: if skewed, unadjusted median difference. Report p4/p6/p8: log-transformed, ratio of geometric means, for UK and also pooled UK+Australia (pooled result in abstract); no additive difference reported. Partly disclosed (skewness stated, p4); SAP p15 allows transformation only as a sensitivity analysis.
A4: 2025::jama.2024.24764::C003 | B4: Reported predicted-survival exclusion versus supplied eligibility criteria | C4: REPORT jama_atherton_2025_oi_240145_1741627844.85412.pdf — main Eligibility Criteria, PDF p. 2 and jama_atherton_2025_oi_240145_1741627844.85412.pdf — mortality interpretation, PDF p. 10; PLAN joi240145supp4_prod_1741627844.90412.pdf — protocol §§5.1–5.2, PDF p. 17, joi240145supp4_prod_1741627844.90412.pdf — Key Eligibility Criteria summary, PDF p. 8, and joi240145supp4_prod_1741627844.90412.pdf — amendment context, PDF p. 2. | D4: retain | E4: protocol_report | F4: primary_done | G4: =IFERROR(IF(LEN(TRIM(CLEAN(SUBSTITUTE(Setup!$B$2,CHAR(160)," "))))=0,"CHECK REVIEWER ID",IF(OR(A4="",COUNTIF($A$2:$A$6,A4)<>1,LEFT(A4,LEN("2025::jama.2024.24764::"))<>"2025::jama.2024.24764::"),"CHECK KEY",IF(OR(AND(NOT(AND(D4="retain",E4="statistical_results")),H4<>"",NOT(EXACT(H4,"not_applicable"))),AND(NOT(AND(D4="retain",E4="statistical_results")),I4<>"",NOT(EXACT(I4,"not_applicable"))),AND(NOT(AND(D4="retain",E4="statistical_results")),J4<>"",NOT(EXACT(J4,"not_applicable"))),AND(NOT(AND(D4="retain",OR(E4="report_internal_inconsistency",E4="plan_material"))),K4<>"",NOT(EXACT(K4,"not_applicable"))),AND(NOT(AND(D4="retain",E4="protocol_report")),L4<>"",NOT(EXACT(L4,"not_applicable")))),"CLEAR INACTIVE VALUES",IF(OR(NOT(OR(EXACT(D4,"retain"),EXACT(D4,"exclude"),EXACT(D4,"discuss"))),NOT(OR(EXACT(E4,"statistical_results"),EXACT(E4,"report_internal_inconsistency"),EXACT(E4,"plan_material"),EXACT(E4,"protocol_report"))),AND(AND(D4="retain",E4="statistical_results"),NOT(OR(EXACT(H4,"confirmed_issue"),EXACT(H4,"probable_issue"),EXACT(H4,"not_issue"),EXACT(H4,"indeterminate")))),AND(AND(D4="retain",E4="statistical_results"),NOT(OR(EXACT(I4,"substantive"),EXACT(I4,"minor_presentation"),EXACT(I4,"indeterminate")))),AND(AND(D4="retain",E4="statistical_results"),J4<>"",NOT(OR(EXACT(J4,"direct"),EXACT(J4,"possible"),EXACT(J4,"unlikely"),EXACT(J4,"unknown")))),AND(AND(D4="retain",OR(E4="report_internal_inconsistency",E4="plan_material")),NOT(OR(EXACT(K4,"substantive_inconsistency"),EXACT(K4,"minor_presentation"),EXACT(K4,"non_inconsistency"),EXACT(K4,"indeterminate")))),AND(AND(D4="retain",E4="protocol_report"),L4<>"",NOT(OR(EXACT(L4,"substantive_difference"),EXACT(L4,"minor_presentation"),EXACT(L4,"version_timing"),EXACT(L4,"non_inconsistency"),EXACT(L4,"indeterminate"))))),"CHECK FIELDS",IF(AND(F4<>"",NOT(OR(EXACT(F4,"no"),EXACT(F4,"primary_done")))),"CHECK COMPLETE",IF(EXACT(F4,"primary_done"),"PRIMARY READY","PRIMARY DRAFT")))))),"CHECK INPUT / KEY") | H4: =IF(AND(OR(D4="retain",D4=""),E4="statistical_results"),"","not_applicable") | I4: =IF(AND(OR(D4="retain",D4=""),E4="statistical_results"),"","not_applicable") | J4: =IF(AND(OR(D4="retain",D4=""),E4="statistical_results"),"","not_applicable") | K4: =IF(AND(OR(D4="retain",D4=""),OR(E4="report_internal_inconsistency",E4="plan_material")),"","not_applicable") | L4: substantive_difference | R4: Main p2 lists 'not expected to survive beyond 30 days' as an exclusion and p10 invokes it; protocol v4.0 §5.2 p17 and summary p8 list only two exclusions (abdominal surgery within 3 months; expected return to theatre). CONSORT ineligibility reasons (p5) also lack a survival category. Earlier protocol versions not supplied; v4.0 is the latest.
A5: 2025::jama.2024.24764::C004 | B5: Unstructured versus independent quality-of-life covariance | C5: PLAN joi240145supp1_prod_1741627844.87412.pdf — SAP §9.6 SF-12 and EQ-5D paragraphs, PDF p. 26; REPORT jama_atherton_2025_oi_240145_1741627844.85412.pdf — main Statistical Analysis, PDF p. 4; affected REPORT jama_atherton_2025_oi_240145_1741627844.85412.pdf — main Table 3 day-30 SF-12 rows, PDF p. 8, joi240145supp3_prod_1741627844.89412.pdf — results eTable 2, all PCS/MCS rows and interactions, PDF p. 3, joi240145supp3_prod_1741627844.89412.pdf — results eTable 3 index rows/interaction, PDF p. 4, and joi240145supp3_prod_1741627844.89412.pdf — results eTable 4 health rows/interaction, PDF p. 4. | D5: retain | E5: protocol_report | F5: primary_done | G5: =IFERROR(IF(LEN(TRIM(CLEAN(SUBSTITUTE(Setup!$B$2,CHAR(160)," "))))=0,"CHECK REVIEWER ID",IF(OR(A5="",COUNTIF($A$2:$A$6,A5)<>1,LEFT(A5,LEN("2025::jama.2024.24764::"))<>"2025::jama.2024.24764::"),"CHECK KEY",IF(OR(AND(NOT(AND(D5="retain",E5="statistical_results")),H5<>"",NOT(EXACT(H5,"not_applicable"))),AND(NOT(AND(D5="retain",E5="statistical_results")),I5<>"",NOT(EXACT(I5,"not_applicable"))),AND(NOT(AND(D5="retain",E5="statistical_results")),J5<>"",NOT(EXACT(J5,"not_applicable"))),AND(NOT(AND(D5="retain",OR(E5="report_internal_inconsistency",E5="plan_material"))),K5<>"",NOT(EXACT(K5,"not_applicable"))),AND(NOT(AND(D5="retain",E5="protocol_report")),L5<>"",NOT(EXACT(L5,"not_applicable")))),"CLEAR INACTIVE VALUES",IF(OR(NOT(OR(EXACT(D5,"retain"),EXACT(D5,"exclude"),EXACT(D5,"discuss"))),NOT(OR(EXACT(E5,"statistical_results"),EXACT(E5,"report_internal_inconsistency"),EXACT(E5,"plan_material"),EXACT(E5,"protocol_report"))),AND(AND(D5="retain",E5="statistical_results"),NOT(OR(EXACT(H5,"confirmed_issue"),EXACT(H5,"probable_issue"),EXACT(H5,"not_issue"),EXACT(H5,"indeterminate")))),AND(AND(D5="retain",E5="statistical_results"),NOT(OR(EXACT(I5,"substantive"),EXACT(I5,"minor_presentation"),EXACT(I5,"indeterminate")))),AND(AND(D5="retain",E5="statistical_results"),J5<>"",NOT(OR(EXACT(J5,"direct"),EXACT(J5,"possible"),EXACT(J5,"unlikely"),EXACT(J5,"unknown")))),AND(AND(D5="retain",OR(E5="report_internal_inconsistency",E5="plan_material")),NOT(OR(EXACT(K5,"substantive_inconsistency"),EXACT(K5,"minor_presentation"),EXACT(K5,"non_inconsistency"),EXACT(K5,"indeterminate")))),AND(AND(D5="retain",E5="protocol_report"),L5<>"",NOT(OR(EXACT(L5,"substantive_difference"),EXACT(L5,"minor_presentation"),EXACT(L5,"version_timing"),EXACT(L5,"non_inconsistency"),EXACT(L5,"indeterminate"))))),"CHECK FIELDS",IF(AND(F5<>"",NOT(OR(EXACT(F5,"no"),EXACT(F5,"primary_done")))),"CHECK COMPLETE",IF(EXACT(F5,"primary_done"),"PRIMARY READY","PRIMARY DRAFT")))))),"CHECK INPUT / KEY") | H5: =IF(AND(OR(D5="retain",D5=""),E5="statistical_results"),"","not_applicable") | I5: =IF(AND(OR(D5="retain",D5=""),E5="statistical_results"),"","not_applicable") | J5: =IF(AND(OR(D5="retain",D5=""),E5="statistical_results"),"","not_applicable") | K5: =IF(AND(OR(D5="retain",D5=""),OR(E5="report_internal_inconsistency",E5="plan_material")),"","not_applicable") | L5: substantive_difference | R5: SAP §9.6 p26: repeated-measures mixed model with unstructured covariance and robust sandwich SEs for SF-12, inherited by EQ-5D index and health. Main p4: 'an independent covariance structure was assumed'. Not disclosed as a change. Affects all QoL contrasts in Table 3 and eTables 2-4.
A6: 2025::jama.2024.24764::C005 | B6: SAP fixed-participant parameterization and adjusted contrasts | C6: PLAN joi240145supp1_prod_1741627844.87412.pdf — SAP §9.6 SF-12 fixed-parameter declaration, PDF p. 26; PLAN joi240145supp1_prod_1741627844.87412.pdf — same paragraph's assessment-time, baseline adjustment and time-specific contrast declarations, PDF p. 26; inherited PLAN joi240145supp1_prod_1741627844.87412.pdf — EQ-5D index/health methods paragraph, PDF p. 26. No REPORT location is a conflicting party. | D6: retain | E6: plan_material | F6: primary_done | G6: =IFERROR(IF(LEN(TRIM(CLEAN(SUBSTITUTE(Setup!$B$2,CHAR(160)," "))))=0,"CHECK REVIEWER ID",IF(OR(A6="",COUNTIF($A$2:$A$6,A6)<>1,LEFT(A6,LEN("2025::jama.2024.24764::"))<>"2025::jama.2024.24764::"),"CHECK KEY",IF(OR(AND(NOT(AND(D6="retain",E6="statistical_results")),H6<>"",NOT(EXACT(H6,"not_applicable"))),AND(NOT(AND(D6="retain",E6="statistical_results")),I6<>"",NOT(EXACT(I6,"not_applicable"))),AND(NOT(AND(D6="retain",E6="statistical_results")),J6<>"",NOT(EXACT(J6,"not_applicable"))),AND(NOT(AND(D6="retain",OR(E6="report_internal_inconsistency",E6="plan_material"))),K6<>"",NOT(EXACT(K6,"not_applicable"))),AND(NOT(AND(D6="retain",E6="protocol_report")),L6<>"",NOT(EXACT(L6,"not_applicable")))),"CLEAR INACTIVE VALUES",IF(OR(NOT(OR(EXACT(D6,"retain"),EXACT(D6,"exclude"),EXACT(D6,"discuss"))),NOT(OR(EXACT(E6,"statistical_results"),EXACT(E6,"report_internal_inconsistency"),EXACT(E6,"plan_material"),EXACT(E6,"protocol_report"))),AND(AND(D6="retain",E6="statistical_results"),NOT(OR(EXACT(H6,"confirmed_issue"),EXACT(H6,"probable_issue"),EXACT(H6,"not_issue"),EXACT(H6,"indeterminate")))),AND(AND(D6="retain",E6="statistical_results"),NOT(OR(EXACT(I6,"substantive"),EXACT(I6,"minor_presentation"),EXACT(I6,"indeterminate")))),AND(AND(D6="retain",E6="statistical_results"),J6<>"",NOT(OR(EXACT(J6,"direct"),EXACT(J6,"possible"),EXACT(J6,"unlikely"),EXACT(J6,"unknown")))),AND(AND(D6="retain",OR(E6="report_internal_inconsistency",E6="plan_material")),NOT(OR(EXACT(K6,"substantive_inconsistency"),EXACT(K6,"minor_presentation"),EXACT(K6,"non_inconsistency"),EXACT(K6,"indeterminate")))),AND(AND(D6="retain",E6="protocol_report"),L6<>"",NOT(OR(EXACT(L6,"substantive_difference"),EXACT(L6,"minor_presentation"),EXACT(L6,"version_timing"),EXACT(L6,"non_inconsistency"),EXACT(L6,"indeterminate"))))),"CHECK FIELDS",IF(AND(F6<>"",NOT(OR(EXACT(F6,"no"),EXACT(F6,"primary_done")))),"CHECK COMPLETE",IF(EXACT(F6,"primary_done"),"PRIMARY READY","PRIMARY DRAFT")))))),"CHECK INPUT / KEY") | H6: =IF(AND(OR(D6="retain",D6=""),E6="statistical_results"),"","not_applicable") | I6: =IF(AND(OR(D6="retain",D6=""),E6="statistical_results"),"","not_applicable") | J6: =IF(AND(OR(D6="retain",D6=""),E6="statistical_results"),"","not_applicable") | K6: minor_presentation | L6: =IF(AND(OR(D6="retain",D6=""),E6="protocol_report"),"","not_applicable") | R6: SAP §9.6 p26 lists 'participant' among parameters fitted as fixed effects together with treatment group and baseline score, and also includes baseline both as an assessment time and as a covariate. Read literally, participant fixed effects absorb the time-invariant treatment and baseline terms; the intended repeated-measures model (unstructured covariance) is nevertheless recognizable, so I rate it minor.

Sheet C_jama.2024.27643
A1: Candidate key | B1: Candidate title | C1: Source location | D1: Disposition | E1: Review domain (AI suggestion; editable) | F1: Complete | G1: Validation hint | H1: Statistical_or_numerical issue | I1: Substantiveness | J1: Downstream impact | K1: Report-internal or planning-material inconsistency | L1: Protocol interpretation | R1: Notes (optional)
A2: 2025::jama.2024.27643::C001 | B2: Muscle-strength outcome status | C2: Physical PDF pages; PLAN/REPORT roles are stated above and within the evidence. joi240158supp1_prod_1742927563.7611.pdf — PDF p. 112; joi240158supp1_prod_1742927563.7611.pdf — PDF p. 184; joi240158supp2_prod_1742927563.7711.pdf — PDF p. 76; joi240158supp2_prod_1742927563.7711.pdf — PDF p. 77; joi240158supp2_prod_1742927563.7711.pdf — PDF p. 78; joi240158supp2_prod_1742927563.7711.pdf — PDF p. 109; joi240158supp2_prod_1742927563.7711.pdf — PDF p. 110; joi240158supp2_prod_1742927563.7711.pdf — PDF p. 111; joi240158supp2_prod_1742927563.7711.pdf — PDF p. 112; jama_berry_2025_oi_240158_1742927563.7361.pdf — PDF p. 3; joi240158supp3_prod_1742927563.7911.pdf — PDF p. 5; joi240158supp3_prod_1742927563.7911.pdf — PDF p. 6; joi240158supp2_prod_1742927563.7711.pdf — PDF p. 104 | D2: retain | E2: protocol_report | F2: primary_done | G2: =IFERROR(IF(LEN(TRIM(CLEAN(SUBSTITUTE(Setup!$B$2,CHAR(160)," "))))=0,"CHECK REVIEWER ID",IF(OR(A2="",COUNTIF($A$2:$A$17,A2)<>1,LEFT(A2,LEN("2025::jama.2024.27643::"))<>"2025::jama.2024.27643::"),"CHECK KEY",IF(OR(AND(NOT(AND(D2="retain",E2="statistical_results")),H2<>"",NOT(EXACT(H2,"not_applicable"))),AND(NOT(AND(D2="retain",E2="statistical_results")),I2<>"",NOT(EXACT(I2,"not_applicable"))),AND(NOT(AND(D2="retain",E2="statistical_results")),J2<>"",NOT(EXACT(J2,"not_applicable"))),AND(NOT(AND(D2="retain",OR(E2="report_internal_inconsistency",E2="plan_material"))),K2<>"",NOT(EXACT(K2,"not_applicable"))),AND(NOT(AND(D2="retain",E2="protocol_report")),L2<>"",NOT(EXACT(L2,"not_applicable")))),"CLEAR INACTIVE VALUES",IF(OR(NOT(OR(EXACT(D2,"retain"),EXACT(D2,"exclude"),EXACT(D2,"discuss"))),NOT(OR(EXACT(E2,"statistical_results"),EXACT(E2,"report_internal_inconsistency"),EXACT(E2,"plan_material"),EXACT(E2,"protocol_report"))),AND(AND(D2="retain",E2="statistical_results"),NOT(OR(EXACT(H2,"confirmed_issue"),EXACT(H2,"probable_issue"),EXACT(H2,"not_issue"),EXACT(H2,"indeterminate")))),AND(AND(D2="retain",E2="statistical_results"),NOT(OR(EXACT(I2,"substantive"),EXACT(I2,"minor_presentation"),EXACT(I2,"indeterminate")))),AND(AND(D2="retain",E2="statistical_results"),J2<>"",NOT(OR(EXACT(J2,"direct"),EXACT(J2,"possible"),EXACT(J2,"unlikely"),EXACT(J2,"unknown")))),AND(AND(D2="retain",OR(E2="report_internal_inconsistency",E2="plan_material")),NOT(OR(EXACT(K2,"substantive_inconsistency"),EXACT(K2,"minor_presentation"),EXACT(K2,"non_inconsistency"),EXACT(K2,"indeterminate")))),AND(AND(D2="retain",E2="protocol_report"),L2<>"",NOT(OR(EXACT(L2,"substantive_difference"),EXACT(L2,"minor_presentation"),EXACT(L2,"version_timing"),EXACT(L2,"non_inconsistency"),EXACT(L2,"indeterminate"))))),"CHECK FIELDS",IF(AND(F2<>"",NOT(OR(EXACT(F2,"no"),EXACT(F2,"primary_done")))),"CHECK COMPLETE",IF(EXACT(F2,"primary_done"),"PRIMARY READY","PRIMARY DRAFT")))))),"CHECK INPUT / KEY") | H2: =IF(AND(OR(D2="retain",D2=""),E2="statistical_results"),"","not_applicable") | I2: =IF(AND(OR(D2="retain",D2=""),E2="statistical_results"),"","not_applicable") | J2: =IF(AND(OR(D2="retain",D2=""),E2="statistical_results"),"","not_applicable") | K2: =IF(AND(OR(D2="retain",D2=""),OR(E2="report_internal_inconsistency",E2="plan_material")),"","not_applicable") | L2: substantive_difference | R2: RSA C v3.0 p112 and v6.0 p184 (supp1) list HHD/grip muscle strength as a secondary efficacy endpoint; R-SAP v1.0 p76 and v3.0 p109-112 make CAFS, SVC, survival the key secondaries and HHD exploratory; article p3 and eMethods p5-6 report HHD as exploratory. Outcome-status change; the R-SAP governance table (supp2 p104) gives the SAP authority on analysis matters, but the later RSA v6.0 still lists HHD as secondary. Not disclosed.
A3: 2025::jama.2024.27643::C002 | B3: Plasma NfL prespecification | C3: Physical PDF pages; PLAN/REPORT roles are stated above and within the evidence. jama_berry_2025_oi_240158_1742927563.7361.pdf — PDF p. 3; joi240158supp3_prod_1742927563.7911.pdf — PDF p. 6; joi240158supp3_prod_1742927563.7911.pdf — PDF p. 11; joi240158supp2_prod_1742927563.7711.pdf — PDF p. 110; joi240158supp2_prod_1742927563.7711.pdf — PDF p. 112; joi240158supp2_prod_1742927563.7711.pdf — PDF p. 127; joi240158supp2_prod_1742927563.7711.pdf — PDF p. 114; jama_berry_2025_oi_240158_1742927563.7361.pdf — PDF p. 8; joi240158supp3_prod_1742927563.7911.pdf — PDF p. 17 | D3: retain | E3: protocol_report | F3: primary_done | G3: =IFERROR(IF(LEN(TRIM(CLEAN(SUBSTITUTE(Setup!$B$2,CHAR(160)," "))))=0,"CHECK REVIEWER ID",IF(OR(A3="",COUNTIF($A$2:$A$17,A3)<>1,LEFT(A3,LEN("2025::jama.2024.27643::"))<>"2025::jama.2024.27643::"),"CHECK KEY",IF(OR(AND(NOT(AND(D3="retain",E3="statistical_results")),H3<>"",NOT(EXACT(H3,"not_applicable"))),AND(NOT(AND(D3="retain",E3="statistical_results")),I3<>"",NOT(EXACT(I3,"not_applicable"))),AND(NOT(AND(D3="retain",E3="statistical_results")),J3<>"",NOT(EXACT(J3,"not_applicable"))),AND(NOT(AND(D3="retain",OR(E3="report_internal_inconsistency",E3="plan_material"))),K3<>"",NOT(EXACT(K3,"not_applicable"))),AND(NOT(AND(D3="retain",E3="protocol_report")),L3<>"",NOT(EXACT(L3,"not_applicable")))),"CLEAR INACTIVE VALUES",IF(OR(NOT(OR(EXACT(D3,"retain"),EXACT(D3,"exclude"),EXACT(D3,"discuss"))),NOT(OR(EXACT(E3,"statistical_results"),EXACT(E3,"report_internal_inconsistency"),EXACT(E3,"plan_material"),EXACT(E3,"protocol_report"))),AND(AND(D3="retain",E3="statistical_results"),NOT(OR(EXACT(H3,"confirmed_issue"),EXACT(H3,"probable_issue"),EXACT(H3,"not_issue"),EXACT(H3,"indeterminate")))),AND(AND(D3="retain",E3="statistical_results"),NOT(OR(EXACT(I3,"substantive"),EXACT(I3,"minor_presentation"),EXACT(I3,"indeterminate")))),AND(AND(D3="retain",E3="statistical_results"),J3<>"",NOT(OR(EXACT(J3,"direct"),EXACT(J3,"possible"),EXACT(J3,"unlikely"),EXACT(J3,"unknown")))),AND(AND(D3="retain",OR(E3="report_internal_inconsistency",E3="plan_material")),NOT(OR(EXACT(K3,"substantive_inconsistency"),EXACT(K3,"minor_presentation"),EXACT(K3,"non_inconsistency"),EXACT(K3,"indeterminate")))),AND(AND(D3="retain",E3="protocol_report"),L3<>"",NOT(OR(EXACT(L3,"substantive_difference"),EXACT(L3,"minor_presentation"),EXACT(L3,"version_timing"),EXACT(L3,"non_inconsistency"),EXACT(L3,"indeterminate"))))),"CHECK FIELDS",IF(AND(F3<>"",NOT(OR(EXACT(F3,"no"),EXACT(F3,"primary_done")))),"CHECK COMPLETE",IF(EXACT(F3,"primary_done"),"PRIMARY READY","PRIMARY DRAFT")))))),"CHECK INPUT / KEY") | H3: =IF(AND(OR(D3="retain",D3=""),E3="statistical_results"),"","not_applicable") | I3: =IF(AND(OR(D3="retain",D3=""),E3="statistical_results"),"","not_applicable") | J3: =IF(AND(OR(D3="retain",D3=""),E3="statistical_results"),"","not_applicable") | K3: =IF(AND(OR(D3="retain",D3=""),OR(E3="report_internal_inconsistency",E3="plan_material")),"","not_applicable") | L3: substantive_difference | R3: Article p3: 'plasma NfL was prespecified to occur in samples from this regimen only'; eMethods p6 ('Plasma NfL was added later as a post-hoc analysis') and p11 (PD SAP originally specified UCH-L1, so plasma NfL 'is considered post-hoc'). R-SAP v3.0 p110/p112 lists serum and CSF NfL, not plasma NfL. Article p8 presents plasma NfL -9.5%, P=.04 as a result. Disclosed as post hoc in the supplement only; the article text contradicts it.
A4: 2025::jama.2024.27643::C003 | B4: Unreported named planned primary/key-secondary analyses | C4: Physical PDF pages; PLAN/REPORT roles are stated above and within the evidence. joi240158supp2_prod_1742927563.7711.pdf — PDF p. 116; joi240158supp2_prod_1742927563.7711.pdf — PDF p. 117; jama_berry_2025_oi_240158_1742927563.7361.pdf — PDF p. 4; joi240158supp3_prod_1742927563.7911.pdf — PDF p. 15; joi240158supp3_prod_1742927563.7911.pdf — PDF p. 9; joi240158supp2_prod_1742927563.7711.pdf — PDF p. 119; jama_berry_2025_oi_240158_1742927563.7361.pdf — PDF p. 3; joi240158supp3_prod_1742927563.7911.pdf — PDF p. 10; joi240158supp3_prod_1742927563.7911.pdf — PDF p. 16; joi240158supp3_prod_1742927563.7911.pdf — PDF p. 17; joi240158supp2_prod_1742927563.7711.pdf — PDF p. 125; jama_berry_2025_oi_240158_1742927563.7361.pdf — PDF p. 8; joi240158supp2_prod_1742927563.7711.pdf — PDF p. 113; joi240158supp2_prod_1742927563.7711.pdf — PDF p. 121; jama_berry_2025_oi_240158_1742927563.7361.pdf — PDF p. 7; joi240158supp3_prod_1742927563.7911.pdf — PDF p. 12; joi240158supp2_prod_1742927563.7711.pdf — PDF p. 126; joi240158supp3_prod_1742927563.7911.pdf — PDF p. 13; joi240158supp3_prod_1742927563.7911.pdf — PDF p. 18; joi240158supp3_prod_1742927563.7911.pdf — PDF p. 19; joi240158supp3_prod_1742927563.7911.pdf — PDF p. 20; joi240158supp3_prod_1742927563.7911.pdf — PDF p. 25; joi240158supp3_prod_1742927563.7911.pdf — PDF p. 1 | D4: retain | E4: protocol_report | F4: primary_done | G4: =IFERROR(IF(LEN(TRIM(CLEAN(SUBSTITUTE(Setup!$B$2,CHAR(160)," "))))=0,"CHECK REVIEWER ID",IF(OR(A4="",COUNTIF($A$2:$A$17,A4)<>1,LEFT(A4,LEN("2025::jama.2024.27643::"))<>"2025::jama.2024.27643::"),"CHECK KEY",IF(OR(AND(NOT(AND(D4="retain",E4="statistical_results")),H4<>"",NOT(EXACT(H4,"not_applicable"))),AND(NOT(AND(D4="retain",E4="statistical_results")),I4<>"",NOT(EXACT(I4,"not_applicable"))),AND(NOT(AND(D4="retain",E4="statistical_results")),J4<>"",NOT(EXACT(J4,"not_applicable"))),AND(NOT(AND(D4="retain",OR(E4="report_internal_inconsistency",E4="plan_material"))),K4<>"",NOT(EXACT(K4,"not_applicable"))),AND(NOT(AND(D4="retain",E4="protocol_report")),L4<>"",NOT(EXACT(L4,"not_applicable")))),"CLEAR INACTIVE VALUES",IF(OR(NOT(OR(EXACT(D4,"retain"),EXACT(D4,"exclude"),EXACT(D4,"discuss"))),NOT(OR(EXACT(E4,"statistical_results"),EXACT(E4,"report_internal_inconsistency"),EXACT(E4,"plan_material"),EXACT(E4,"protocol_report"))),AND(AND(D4="retain",E4="statistical_results"),NOT(OR(EXACT(H4,"confirmed_issue"),EXACT(H4,"probable_issue"),EXACT(H4,"not_issue"),EXACT(H4,"indeterminate")))),AND(AND(D4="retain",E4="statistical_results"),NOT(OR(EXACT(I4,"substantive"),EXACT(I4,"minor_presentation"),EXACT(I4,"indeterminate")))),AND(AND(D4="retain",E4="statistical_results"),J4<>"",NOT(OR(EXACT(J4,"direct"),EXACT(J4,"possible"),EXACT(J4,"unlikely"),EXACT(J4,"unknown")))),AND(AND(D4="retain",OR(E4="report_internal_inconsistency",E4="plan_material")),NOT(OR(EXACT(K4,"substantive_inconsistency"),EXACT(K4,"minor_presentation"),EXACT(K4,"non_inconsistency"),EXACT(K4,"indeterminate")))),AND(AND(D4="retain",E4="protocol_report"),L4<>"",NOT(OR(EXACT(L4,"substantive_difference"),EXACT(L4,"minor_presentation"),EXACT(L4,"version_timing"),EXACT(L4,"non_inconsistency"),EXACT(L4,"indeterminate"))))),"CHECK FIELDS",IF(AND(F4<>"",NOT(OR(EXACT(F4,"no"),EXACT(F4,"primary_done")))),"CHECK COMPLETE",IF(EXACT(F4,"primary_done"),"PRIMARY READY","PRIMARY DRAFT")))))),"CHECK INPUT / KEY") | H4: =IF(AND(OR(D4="retain",D4=""),E4="statistical_results"),"","not_applicable") | I4: =IF(AND(OR(D4="retain",D4=""),E4="statistical_results"),"","not_applicable") | J4: =IF(AND(OR(D4="retain",D4=""),E4="statistical_results"),"","not_applicable") | K4: =IF(AND(OR(D4="retain",D4=""),OR(E4="report_internal_inconsistency",E4="plan_material")),"","not_applicable") | L4: substantive_difference | R4: R-SAP v3.0 pp116-126 plans ECM sensitivity and EPP supportive DRR analyses, joint-rank SVC, multiple-imputation and death-alone CAFS/SVC rank analyses, placebo-reference MI (50 imputations), death-alone survival, and early-disease/urate/bulbar-onset/site subgroups. Searched the full article and supp3: none reported (only FAS/ERO DRR, NfL-adjusted CAFS P=.88, week-24 PAV/death). eMethods p9 says prespecified sensitivity analyses were performed but gives no results.
A5: 2025::jama.2024.27643::C004 | B5: Adjusted planned CAFS versus reported Wilcoxon | C5: Physical PDF pages; PLAN/REPORT roles are stated above and within the evidence. joi240158supp2_prod_1742927563.7711.pdf — PDF p. 118; joi240158supp2_prod_1742927563.7711.pdf — PDF p. 119; jama_berry_2025_oi_240158_1742927563.7361.pdf — PDF p. 3; jama_berry_2025_oi_240158_1742927563.7361.pdf — PDF p. 4; joi240158supp3_prod_1742927563.7911.pdf — PDF p. 9; joi240158supp2_prod_1742927563.7711.pdf — PDF p. 84; joi240158supp2_prod_1742927563.7711.pdf — PDF p. 97 | D5: retain | E5: protocol_report | F5: primary_done | G5: =IFERROR(IF(LEN(TRIM(CLEAN(SUBSTITUTE(Setup!$B$2,CHAR(160)," "))))=0,"CHECK REVIEWER ID",IF(OR(A5="",COUNTIF($A$2:$A$17,A5)<>1,LEFT(A5,LEN("2025::jama.2024.27643::"))<>"2025::jama.2024.27643::"),"CHECK KEY",IF(OR(AND(NOT(AND(D5="retain",E5="statistical_results")),H5<>"",NOT(EXACT(H5,"not_applicable"))),AND(NOT(AND(D5="retain",E5="statistical_results")),I5<>"",NOT(EXACT(I5,"not_applicable"))),AND(NOT(AND(D5="retain",E5="statistical_results")),J5<>"",NOT(EXACT(J5,"not_applicable"))),AND(NOT(AND(D5="retain",OR(E5="report_internal_inconsistency",E5="plan_material"))),K5<>"",NOT(EXACT(K5,"not_applicable"))),AND(NOT(AND(D5="retain",E5="protocol_report")),L5<>"",NOT(EXACT(L5,"not_applicable")))),"CLEAR INACTIVE VALUES",IF(OR(NOT(OR(EXACT(D5,"retain"),EXACT(D5,"exclude"),EXACT(D5,"discuss"))),NOT(OR(EXACT(E5,"statistical_results"),EXACT(E5,"report_internal_inconsistency"),EXACT(E5,"plan_material"),EXACT(E5,"protocol_report"))),AND(AND(D5="retain",E5="statistical_results"),NOT(OR(EXACT(H5,"confirmed_issue"),EXACT(H5,"probable_issue"),EXACT(H5,"not_issue"),EXACT(H5,"indeterminate")))),AND(AND(D5="retain",E5="statistical_results"),NOT(OR(EXACT(I5,"substantive"),EXACT(I5,"minor_presentation"),EXACT(I5,"indeterminate")))),AND(AND(D5="retain",E5="statistical_results"),J5<>"",NOT(OR(EXACT(J5,"direct"),EXACT(J5,"possible"),EXACT(J5,"unlikely"),EXACT(J5,"unknown")))),AND(AND(D5="retain",OR(E5="report_internal_inconsistency",E5="plan_material")),NOT(OR(EXACT(K5,"substantive_inconsistency"),EXACT(K5,"minor_presentation"),EXACT(K5,"non_inconsistency"),EXACT(K5,"indeterminate")))),AND(AND(D5="retain",E5="protocol_report"),L5<>"",NOT(OR(EXACT(L5,"substantive_difference"),EXACT(L5,"minor_presentation"),EXACT(L5,"version_timing"),EXACT(L5,"non_inconsistency"),EXACT(L5,"indeterminate"))))),"CHECK FIELDS",IF(AND(F5<>"",NOT(OR(EXACT(F5,"no"),EXACT(F5,"primary_done")))),"CHECK COMPLETE",IF(EXACT(F5,"primary_done"),"PRIMARY READY","PRIMARY DRAFT")))))),"CHECK INPUT / KEY") | H5: =IF(AND(OR(D5="retain",D5=""),E5="statistical_results"),"","not_applicable") | I5: =IF(AND(OR(D5="retain",D5=""),E5="statistical_results"),"","not_applicable") | J5: =IF(AND(OR(D5="retain",D5=""),E5="statistical_results"),"","not_applicable") | K5: =IF(AND(OR(D5="retain",D5=""),OR(E5="report_internal_inconsistency",E5="plan_material")),"","not_applicable") | L5: substantive_difference | R5: R-SAP v3.0 (22 Jul 2022) p118-119: primary CAFS inference from a rank regression adjusted for onset time, delta-FRS, riluzole, edaravone (revision history p97 states the change to an adjusted analysis). Article p3-4: Wilcoxon rank-sum, mean ranks 143.9 vs 140.5, P=.51. The report matches the superseded R-SAP v1.0 p84 (npar1way Wilcoxon). Sequence is documented, so I did not use version_timing.
A6: 2025::jama.2024.27643::C005 | B6: Planned survival logrank result | C6: Physical PDF pages; PLAN/REPORT roles are stated above and within the evidence. joi240158supp2_prod_1742927563.7711.pdf — PDF p. 117; joi240158supp2_prod_1742927563.7711.pdf — PDF p. 121; joi240158supp2_prod_1742927563.7711.pdf — PDF p. 85; joi240158supp2_prod_1742927563.7711.pdf — PDF p. 86; jama_berry_2025_oi_240158_1742927563.7361.pdf — PDF p. 3; jama_berry_2025_oi_240158_1742927563.7361.pdf — PDF p. 4; jama_berry_2025_oi_240158_1742927563.7361.pdf — PDF p. 7; joi240158supp3_prod_1742927563.7911.pdf — PDF p. 10; joi240158supp2_prod_1742927563.7711.pdf — PDF p. 118 | D6: retain | E6: protocol_report | F6: primary_done | G6: =IFERROR(IF(LEN(TRIM(CLEAN(SUBSTITUTE(Setup!$B$2,CHAR(160)," "))))=0,"CHECK REVIEWER ID",IF(OR(A6="",COUNTIF($A$2:$A$17,A6)<>1,LEFT(A6,LEN("2025::jama.2024.27643::"))<>"2025::jama.2024.27643::"),"CHECK KEY",IF(OR(AND(NOT(AND(D6="retain",E6="statistical_results")),H6<>"",NOT(EXACT(H6,"not_applicable"))),AND(NOT(AND(D6="retain",E6="statistical_results")),I6<>"",NOT(EXACT(I6,"not_applicable"))),AND(NOT(AND(D6="retain",E6="statistical_results")),J6<>"",NOT(EXACT(J6,"not_applicable"))),AND(NOT(AND(D6="retain",OR(E6="report_internal_inconsistency",E6="plan_material"))),K6<>"",NOT(EXACT(K6,"not_applicable"))),AND(NOT(AND(D6="retain",E6="protocol_report")),L6<>"",NOT(EXACT(L6,"not_applicable")))),"CLEAR INACTIVE VALUES",IF(OR(NOT(OR(EXACT(D6,"retain"),EXACT(D6,"exclude"),EXACT(D6,"discuss"))),NOT(OR(EXACT(E6,"statistical_results"),EXACT(E6,"report_internal_inconsistency"),EXACT(E6,"plan_material"),EXACT(E6,"protocol_report"))),AND(AND(D6="retain",E6="statistical_results"),NOT(OR(EXACT(H6,"confirmed_issue"),EXACT(H6,"probable_issue"),EXACT(H6,"not_issue"),EXACT(H6,"indeterminate")))),AND(AND(D6="retain",E6="statistical_results"),NOT(OR(EXACT(I6,"substantive"),EXACT(I6,"minor_presentation"),EXACT(I6,"indeterminate")))),AND(AND(D6="retain",E6="statistical_results"),J6<>"",NOT(OR(EXACT(J6,"direct"),EXACT(J6,"possible"),EXACT(J6,"unlikely"),EXACT(J6,"unknown")))),AND(AND(D6="retain",OR(E6="report_internal_inconsistency",E6="plan_material")),NOT(OR(EXACT(K6,"substantive_inconsistency"),EXACT(K6,"minor_presentation"),EXACT(K6,"non_inconsistency"),EXACT(K6,"indeterminate")))),AND(AND(D6="retain",E6="protocol_report"),L6<>"",NOT(OR(EXACT(L6,"substantive_difference"),EXACT(L6,"minor_presentation"),EXACT(L6,"version_timing"),EXACT(L6,"non_inconsistency"),EXACT(L6,"indeterminate"))))),"CHECK FIELDS",IF(AND(F6<>"",NOT(OR(EXACT(F6,"no"),EXACT(F6,"primary_done")))),"CHECK COMPLETE",IF(EXACT(F6,"primary_done"),"PRIMARY READY","PRIMARY DRAFT")))))),"CHECK INPUT / KEY") | H6: =IF(AND(OR(D6="retain",D6=""),E6="statistical_results"),"","not_applicable") | I6: =IF(AND(OR(D6="retain",D6=""),E6="statistical_results"),"","not_applicable") | J6: =IF(AND(OR(D6="retain",D6=""),E6="statistical_results"),"","not_applicable") | K6: =IF(AND(OR(D6="retain",D6=""),OR(E6="report_internal_inconsistency",E6="plan_material")),"","not_applicable") | L6: substantive_difference | R6: R-SAP v3.0 p117 and p121 (and v1.0 p85-86): primary survival inference by Kaplan-Meier and logrank on pooled active vs placebo in FAS, with an unadjusted Cox HR if logrank is significant. Report (p3-4, Table 2 p7, eMethods p10-12): adjusted Cox HRs and P values only; KM curves shown but no logrank result.
A7: 2025::jama.2024.27643::C006 | B7: Survival covariate-set descriptions | C7: Physical PDF pages; PLAN/REPORT roles are stated above and within the evidence. jama_berry_2025_oi_240158_1742927563.7361.pdf — PDF p. 3; joi240158supp3_prod_1742927563.7911.pdf — PDF p. 10; jama_berry_2025_oi_240158_1742927563.7361.pdf — PDF p. 7; joi240158supp3_prod_1742927563.7911.pdf — PDF p. 12; joi240158supp2_prod_1742927563.7711.pdf — PDF p. 121 | D7: retain | E7: statistical_results | F7: primary_done | G7: =IFERROR(IF(LEN(TRIM(CLEAN(SUBSTITUTE(Setup!$B$2,CHAR(160)," "))))=0,"CHECK REVIEWER ID",IF(OR(A7="",COUNTIF($A$2:$A$17,A7)<>1,LEFT(A7,LEN("2025::jama.2024.27643::"))<>"2025::jama.2024.27643::"),"CHECK KEY",IF(OR(AND(NOT(AND(D7="retain",E7="statistical_results")),H7<>"",NOT(EXACT(H7,"not_applicable"))),AND(NOT(AND(D7="retain",E7="statistical_results")),I7<>"",NOT(EXACT(I7,"not_applicable"))),AND(NOT(AND(D7="retain",E7="statistical_results")),J7<>"",NOT(EXACT(J7,"not_applicable"))),AND(NOT(AND(D7="retain",OR(E7="report_internal_inconsistency",E7="plan_material"))),K7<>"",NOT(EXACT(K7,"not_applicable"))),AND(NOT(AND(D7="retain",E7="protocol_report")),L7<>"",NOT(EXACT(L7,"not_applicable")))),"CLEAR INACTIVE VALUES",IF(OR(NOT(OR(EXACT(D7,"retain"),EXACT(D7,"exclude"),EXACT(D7,"discuss"))),NOT(OR(EXACT(E7,"statistical_results"),EXACT(E7,"report_internal_inconsistency"),EXACT(E7,"plan_material"),EXACT(E7,"protocol_report"))),AND(AND(D7="retain",E7="statistical_results"),NOT(OR(EXACT(H7,"confirmed_issue"),EXACT(H7,"probable_issue"),EXACT(H7,"not_issue"),EXACT(H7,"indeterminate")))),AND(AND(D7="retain",E7="statistical_results"),NOT(OR(EXACT(I7,"substantive"),EXACT(I7,"minor_presentation"),EXACT(I7,"indeterminate")))),AND(AND(D7="retain",E7="statistical_results"),J7<>"",NOT(OR(EXACT(J7,"direct"),EXACT(J7,"possible"),EXACT(J7,"unlikely"),EXACT(J7,"unknown")))),AND(AND(D7="retain",OR(E7="report_internal_inconsistency",E7="plan_material")),NOT(OR(EXACT(K7,"substantive_inconsistency"),EXACT(K7,"minor_presentation"),EXACT(K7,"non_inconsistency"),EXACT(K7,"indeterminate")))),AND(AND(D7="retain",E7="protocol_report"),L7<>"",NOT(OR(EXACT(L7,"substantive_difference"),EXACT(L7,"minor_presentation"),EXACT(L7,"version_timing"),EXACT(L7,"non_inconsistency"),EXACT(L7,"indeterminate"))))),"CHECK FIELDS",IF(AND(F7<>"",NOT(OR(EXACT(F7,"no"),EXACT(F7,"primary_done")))),"CHECK COMPLETE",IF(EXACT(F7,"primary_done"),"PRIMARY READY","PRIMARY DRAFT")))))),"CHECK INPUT / KEY") | H7: confirmed_issue | I7: minor_presentation | J7: possible | K7: =IF(AND(OR(D7="retain",D7=""),OR(E7="report_internal_inconsistency",E7="plan_material")),"","not_applicable") | L7: =IF(AND(OR(D7="retain",D7=""),E7="protocol_report"),"","not_applicable") | R7: Article p3 and eMethods p10: Cox covariates = prebaseline slope, months since onset, riluzole, edaravone, age (5). Table 2 footnote b p7: age, sex, time since onset, prebaseline slope, riluzole, edaravone (6, adds sex). eMethods p12 (time-to-event) again omits sex. The report contradicts itself on the model behind the printed HRs; HR values themselves are unambiguous.
A8: 2025::jama.2024.27643::C007 | B8: Mortality component estimates | C8: Physical PDF pages; PLAN/REPORT roles are stated above and within the evidence. jama_berry_2025_oi_240158_1742927563.7361.pdf — PDF p. 4; joi240158supp3_prod_1742927563.7911.pdf — PDF p. 15 | D8: retain | E8: statistical_results | F8: primary_done | G8: =IFERROR(IF(LEN(TRIM(CLEAN(SUBSTITUTE(Setup!$B$2,CHAR(160)," "))))=0,"CHECK REVIEWER ID",IF(OR(A8="",COUNTIF($A$2:$A$17,A8)<>1,LEFT(A8,LEN("2025::jama.2024.27643::"))<>"2025::jama.2024.27643::"),"CHECK KEY",IF(OR(AND(NOT(AND(D8="retain",E8="statistical_results")),H8<>"",NOT(EXACT(H8,"not_applicable"))),AND(NOT(AND(D8="retain",E8="statistical_results")),I8<>"",NOT(EXACT(I8,"not_applicable"))),AND(NOT(AND(D8="retain",E8="statistical_results")),J8<>"",NOT(EXACT(J8,"not_applicable"))),AND(NOT(AND(D8="retain",OR(E8="report_internal_inconsistency",E8="plan_material"))),K8<>"",NOT(EXACT(K8,"not_applicable"))),AND(NOT(AND(D8="retain",E8="protocol_report")),L8<>"",NOT(EXACT(L8,"not_applicable")))),"CLEAR INACTIVE VALUES",IF(OR(NOT(OR(EXACT(D8,"retain"),EXACT(D8,"exclude"),EXACT(D8,"discuss"))),NOT(OR(EXACT(E8,"statistical_results"),EXACT(E8,"report_internal_inconsistency"),EXACT(E8,"plan_material"),EXACT(E8,"protocol_report"))),AND(AND(D8="retain",E8="statistical_results"),NOT(OR(EXACT(H8,"confirmed_issue"),EXACT(H8,"probable_issue"),EXACT(H8,"not_issue"),EXACT(H8,"indeterminate")))),AND(AND(D8="retain",E8="statistical_results"),NOT(OR(EXACT(I8,"substantive"),EXACT(I8,"minor_presentation"),EXACT(I8,"indeterminate")))),AND(AND(D8="retain",E8="statistical_results"),J8<>"",NOT(OR(EXACT(J8,"direct"),EXACT(J8,"possible"),EXACT(J8,"unlikely"),EXACT(J8,"unknown")))),AND(AND(D8="retain",OR(E8="report_internal_inconsistency",E8="plan_material")),NOT(OR(EXACT(K8,"substantive_inconsistency"),EXACT(K8,"minor_presentation"),EXACT(K8,"non_inconsistency"),EXACT(K8,"indeterminate")))),AND(AND(D8="retain",E8="protocol_report"),L8<>"",NOT(OR(EXACT(L8,"substantive_difference"),EXACT(L8,"minor_presentation"),EXACT(L8,"version_timing"),EXACT(L8,"non_inconsistency"),EXACT(L8,"indeterminate"))))),"CHECK FIELDS",IF(AND(F8<>"",NOT(OR(EXACT(F8,"no"),EXACT(F8,"primary_done")))),"CHECK COMPLETE",IF(EXACT(F8,"primary_done"),"PRIMARY READY","PRIMARY DRAFT")))))),"CHECK INPUT / KEY") | H8: confirmed_issue | I8: substantive | J8: direct | K8: =IF(AND(OR(D8="retain",D8=""),OR(E8="report_internal_inconsistency",E8="plan_material")),"","not_applicable") | L8: =IF(AND(OR(D8="retain",D8=""),E8="protocol_report"),"","not_applicable") | R8: Article p4 (citing eTable 2): mortality event rate 0.007/month shared placebo and 0.006/month CNM-Au8. eTable 2 p15: 0.010 (95% CrI 0.0054-0.0154) and 0.009 (0.0052-0.0150) for the same model. Differences of 30-33% are not rounding. Also noted: the article's ALSFRS-R slope CrIs (-1.176 to -0.892; -1.153 to -0.858) differ from eTable 2 (-1.181 to -0.894; -1.143 to -0.847).
A9: 2025::jama.2024.27643::C008 | B9: SVC change versus monthly rate | C9: Physical PDF pages; PLAN/REPORT roles are stated above and within the evidence. jama_berry_2025_oi_240158_1742927563.7361.pdf — PDF p. 4; joi240158supp3_prod_1742927563.7911.pdf — PDF p. 16; jama_berry_2025_oi_240158_1742927563.7361.pdf — PDF p. 3; joi240158supp3_prod_1742927563.7911.pdf — PDF p. 10; joi240158supp2_prod_1742927563.7711.pdf — PDF p. 119; joi240158supp2_prod_1742927563.7711.pdf — PDF p. 120; joi240158supp2_prod_1742927563.7711.pdf — PDF p. 121; joi240158supp2_prod_1742927563.7711.pdf — PDF p. 122; joi240158supp2_prod_1742927563.7711.pdf — PDF p. 123 | D9: retain | E9: statistical_results | F9: primary_done | G9: =IFERROR(IF(LEN(TRIM(CLEAN(SUBSTITUTE(Setup!$B$2,CHAR(160)," "))))=0,"CHECK REVIEWER ID",IF(OR(A9="",COUNTIF($A$2:$A$17,A9)<>1,LEFT(A9,LEN("2025::jama.2024.27643::"))<>"2025::jama.2024.27643::"),"CHECK KEY",IF(OR(AND(NOT(AND(D9="retain",E9="statistical_results")),H9<>"",NOT(EXACT(H9,"not_applicable"))),AND(NOT(AND(D9="retain",E9="statistical_results")),I9<>"",NOT(EXACT(I9,"not_applicable"))),AND(NOT(AND(D9="retain",E9="statistical_results")),J9<>"",NOT(EXACT(J9,"not_applicable"))),AND(NOT(AND(D9="retain",OR(E9="report_internal_inconsistency",E9="plan_material"))),K9<>"",NOT(EXACT(K9,"not_applicable"))),AND(NOT(AND(D9="retain",E9="protocol_report")),L9<>"",NOT(EXACT(L9,"not_applicable")))),"CLEAR INACTIVE VALUES",IF(OR(NOT(OR(EXACT(D9,"retain"),EXACT(D9,"exclude"),EXACT(D9,"discuss"))),NOT(OR(EXACT(E9,"statistical_results"),EXACT(E9,"report_internal_inconsistency"),EXACT(E9,"plan_material"),EXACT(E9,"protocol_report"))),AND(AND(D9="retain",E9="statistical_results"),NOT(OR(EXACT(H9,"confirmed_issue"),EXACT(H9,"probable_issue"),EXACT(H9,"not_issue"),EXACT(H9,"indeterminate")))),AND(AND(D9="retain",E9="statistical_results"),NOT(OR(EXACT(I9,"substantive"),EXACT(I9,"minor_presentation"),EXACT(I9,"indeterminate")))),AND(AND(D9="retain",E9="statistical_results"),J9<>"",NOT(OR(EXACT(J9,"direct"),EXACT(J9,"possible"),EXACT(J9,"unlikely"),EXACT(J9,"unknown")))),AND(AND(D9="retain",OR(E9="report_internal_inconsistency",E9="plan_material")),NOT(OR(EXACT(K9,"substantive_inconsistency"),EXACT(K9,"minor_presentation"),EXACT(K9,"non_inconsistency"),EXACT(K9,"indeterminate")))),AND(AND(D9="retain",E9="protocol_report"),L9<>"",NOT(OR(EXACT(L9,"substantive_difference"),EXACT(L9,"minor_presentation"),EXACT(L9,"version_timing"),EXACT(L9,"non_inconsistency"),EXACT(L9,"indeterminate"))))),"CHECK FIELDS",IF(AND(F9<>"",NOT(OR(EXACT(F9,"no"),EXACT(F9,"primary_done")))),"CHECK COMPLETE",IF(EXACT(F9,"primary_done"),"PRIMARY READY","PRIMARY DRAFT")))))),"CHECK INPUT / KEY") | H9: confirmed_issue | I9: substantive | J9: direct | K9: =IF(AND(OR(D9="retain",D9=""),OR(E9="report_internal_inconsistency",E9="plan_material")),"","not_applicable") | L9: =IF(AND(OR(D9="retain",D9=""),E9="protocol_report"),"","not_applicable") | R9: E changed to statistical_results: the problem is the unit of a numeric estimate. Article p4 gives -9.32 vs -8.53 'PPN per month' and difference -0.78 PPN/month; eTable 3A p16 gives the same numbers as 24-week change estimates. -9.32/5.52 months = -1.69/month, close to the slope-model values -1.73 vs -1.55/month that the article gives for the NfL-adjusted sensitivity analysis. Mislabeling overstates the monthly rate about 5.5-fold.
A10: 2025::jama.2024.27643::C009 | B10: Survival regimen-placebo exclusions and denominator | C10: Physical PDF pages; PLAN/REPORT roles are stated above and within the evidence. jama_berry_2025_oi_240158_1742927563.7361.pdf — PDF p. 4; jama_berry_2025_oi_240158_1742927563.7361.pdf — PDF p. 7 | D10: retain | E10: statistical_results | F10: primary_done | G10: =IFERROR(IF(LEN(TRIM(CLEAN(SUBSTITUTE(Setup!$B$2,CHAR(160)," "))))=0,"CHECK REVIEWER ID",IF(OR(A10="",COUNTIF($A$2:$A$17,A10)<>1,LEFT(A10,LEN("2025::jama.2024.27643::"))<>"2025::jama.2024.27643::"),"CHECK KEY",IF(OR(AND(NOT(AND(D10="retain",E10="statistical_results")),H10<>"",NOT(EXACT(H10,"not_applicable"))),AND(NOT(AND(D10="retain",E10="statistical_results")),I10<>"",NOT(EXACT(I10,"not_applicable"))),AND(NOT(AND(D10="retain",E10="statistical_results")),J10<>"",NOT(EXACT(J10,"not_applicable"))),AND(NOT(AND(D10="retain",OR(E10="report_internal_inconsistency",E10="plan_material"))),K10<>"",NOT(EXACT(K10,"not_applicable"))),AND(NOT(AND(D10="retain",E10="protocol_report")),L10<>"",NOT(EXACT(L10,"not_applicable")))),"CLEAR INACTIVE VALUES",IF(OR(NOT(OR(EXACT(D10,"retain"),EXACT(D10,"exclude"),EXACT(D10,"discuss"))),NOT(OR(EXACT(E10,"statistical_results"),EXACT(E10,"report_internal_inconsistency"),EXACT(E10,"plan_material"),EXACT(E10,"protocol_report"))),AND(AND(D10="retain",E10="statistical_results"),NOT(OR(EXACT(H10,"confirmed_issue"),EXACT(H10,"probable_issue"),EXACT(H10,"not_issue"),EXACT(H10,"indeterminate")))),AND(AND(D10="retain",E10="statistical_results"),NOT(OR(EXACT(I10,"substantive"),EXACT(I10,"minor_presentation"),EXACT(I10,"indeterminate")))),AND(AND(D10="retain",E10="statistical_results"),J10<>"",NOT(OR(EXACT(J10,"direct"),EXACT(J10,"possible"),EXACT(J10,"unlikely"),EXACT(J10,"unknown")))),AND(AND(D10="retain",OR(E10="report_internal_inconsistency",E10="plan_material")),NOT(OR(EXACT(K10,"substantive_inconsistency"),EXACT(K10,"minor_presentation"),EXACT(K10,"non_inconsistency"),EXACT(K10,"indeterminate")))),AND(AND(D10="retain",E10="protocol_report"),L10<>"",NOT(OR(EXACT(L10,"substantive_difference"),EXACT(L10,"minor_presentation"),EXACT(L10,"version_timing"),EXACT(L10,"non_inconsistency"),EXACT(L10,"indeterminate"))))),"CHECK FIELDS",IF(AND(F10<>"",NOT(OR(EXACT(F10,"no"),EXACT(F10,"primary_done")))),"CHECK COMPLETE",IF(EXACT(F10,"primary_done"),"PRIMARY READY","PRIMARY DRAFT")))))),"CHECK INPUT / KEY") | H10: confirmed_issue | I10: minor_presentation | J10: unlikely | K10: =IF(AND(OR(D10="retain",D10=""),OR(E10="report_internal_inconsistency",E10="plan_material")),"","not_applicable") | L10: =IF(AND(OR(D10="retain",D10=""),E10="protocol_report"),"","not_applicable") | R10: Article p4: 'Of those, 4 of the 41 participants in the regimen placebo group and 2 in the shared placebo group were excluded due to having no follow-up time (1 had PAV at baseline and 1 terminated early...)'. Table 2 p7 uses 4/41 for regimen placebo and 9/162 for shared placebo, and footnote a says only 2 shared placebo participants were excluded. The parenthetical explains 2 exclusions, so '4 of the 41' must mean events. Sentence is wrong as written; Table 2 makes the intended meaning recoverable.
A11: 2025::jama.2024.27643::C010 | B11: Prespecified subgroup partitions | C11: Physical PDF pages; PLAN/REPORT roles are stated above and within the evidence. joi240158supp2_prod_1742927563.7711.pdf — PDF p. 89; joi240158supp2_prod_1742927563.7711.pdf — PDF p. 126; joi240158supp3_prod_1742927563.7911.pdf — PDF p. 13; joi240158supp3_prod_1742927563.7911.pdf — PDF p. 20; joi240158supp2_prod_1742927563.7711.pdf — PDF p. 88; joi240158supp3_prod_1742927563.7911.pdf — PDF p. 19; jama_berry_2025_oi_240158_1742927563.7361.pdf — PDF p. 8 | D11: retain | E11: protocol_report | F11: primary_done | G11: =IFERROR(IF(LEN(TRIM(CLEAN(SUBSTITUTE(Setup!$B$2,CHAR(160)," "))))=0,"CHECK REVIEWER ID",IF(OR(A11="",COUNTIF($A$2:$A$17,A11)<>1,LEFT(A11,LEN("2025::jama.2024.27643::"))<>"2025::jama.2024.27643::"),"CHECK KEY",IF(OR(AND(NOT(AND(D11="retain",E11="statistical_results")),H11<>"",NOT(EXACT(H11,"not_applicable"))),AND(NOT(AND(D11="retain",E11="statistical_results")),I11<>"",NOT(EXACT(I11,"not_applicable"))),AND(NOT(AND(D11="retain",E11="statistical_results")),J11<>"",NOT(EXACT(J11,"not_applicable"))),AND(NOT(AND(D11="retain",OR(E11="report_internal_inconsistency",E11="plan_material"))),K11<>"",NOT(EXACT(K11,"not_applicable"))),AND(NOT(AND(D11="retain",E11="protocol_report")),L11<>"",NOT(EXACT(L11,"not_applicable")))),"CLEAR INACTIVE VALUES",IF(OR(NOT(OR(EXACT(D11,"retain"),EXACT(D11,"exclude"),EXACT(D11,"discuss"))),NOT(OR(EXACT(E11,"statistical_results"),EXACT(E11,"report_internal_inconsistency"),EXACT(E11,"plan_material"),EXACT(E11,"protocol_report"))),AND(AND(D11="retain",E11="statistical_results"),NOT(OR(EXACT(H11,"confirmed_issue"),EXACT(H11,"probable_issue"),EXACT(H11,"not_issue"),EXACT(H11,"indeterminate")))),AND(AND(D11="retain",E11="statistical_results"),NOT(OR(EXACT(I11,"substantive"),EXACT(I11,"minor_presentation"),EXACT(I11,"indeterminate")))),AND(AND(D11="retain",E11="statistical_results"),J11<>"",NOT(OR(EXACT(J11,"direct"),EXACT(J11,"possible"),EXACT(J11,"unlikely"),EXACT(J11,"unknown")))),AND(AND(D11="retain",OR(E11="report_internal_inconsistency",E11="plan_material")),NOT(OR(EXACT(K11,"substantive_inconsistency"),EXACT(K11,"minor_presentation"),EXACT(K11,"non_inconsistency"),EXACT(K11,"indeterminate")))),AND(AND(D11="retain",E11="protocol_report"),L11<>"",NOT(OR(EXACT(L11,"substantive_difference"),EXACT(L11,"minor_presentation"),EXACT(L11,"version_timing"),EXACT(L11,"non_inconsistency"),EXACT(L11,"indeterminate"))))),"CHECK FIELDS",IF(AND(F11<>"",NOT(OR(EXACT(F11,"no"),EXACT(F11,"primary_done")))),"CHECK COMPLETE",IF(EXACT(F11,"primary_done"),"PRIMARY READY","PRIMARY DRAFT")))))),"CHECK INPUT / KEY") | H11: =IF(AND(OR(D11="retain",D11=""),E11="statistical_results"),"","not_applicable") | I11: =IF(AND(OR(D11="retain",D11=""),E11="statistical_results"),"","not_applicable") | J11: =IF(AND(OR(D11="retain",D11=""),E11="statistical_results"),"","not_applicable") | K11: =IF(AND(OR(D11="retain",D11=""),OR(E11="report_internal_inconsistency",E11="plan_material")),"","not_applicable") | L11: indeterminate | R11: R-SAP v1.0 p88-89 and v3.0 p125-126: weight <43, 43-<56, 56-<77, 77-<150, >=150 kg; delta-FRS three fixed groups (<0.47, 0.47-<1.11, >=1.11). eTable 4 p18-20 and eMethods p13: weight <56 / 56-<77 / 77-<150; dFRS median split. But M-SAP v3.0 p25 (to which the R-SAP subgroups are 'in addition') lists a dFRS median split, and M-SAP v2.0, which governs regimen C, is not supplied. Weight merge may reflect an empty <43 kg group. L indeterminate.
A12: 2025::jama.2024.27643::C011 | B12: Six-point functional-decline composite inside PLAN | C12: Physical PDF pages; PLAN/REPORT roles are stated above and within the evidence. joi240158supp1_prod_1742927563.7611.pdf — PDF p. 112; joi240158supp1_prod_1742927563.7611.pdf — PDF p. 184; joi240158supp2_prod_1742927563.7711.pdf — PDF p. 78; joi240158supp2_prod_1742927563.7711.pdf — PDF p. 111; joi240158supp2_prod_1742927563.7711.pdf — PDF p. 113; jama_berry_2025_oi_240158_1742927563.7361.pdf — PDF p. 3; joi240158supp2_prod_1742927563.7711.pdf — PDF p. 104 | D12: retain | E12: plan_material | F12: primary_done | G12: =IFERROR(IF(LEN(TRIM(CLEAN(SUBSTITUTE(Setup!$B$2,CHAR(160)," "))))=0,"CHECK REVIEWER ID",IF(OR(A12="",COUNTIF($A$2:$A$17,A12)<>1,LEFT(A12,LEN("2025::jama.2024.27643::"))<>"2025::jama.2024.27643::"),"CHECK KEY",IF(OR(AND(NOT(AND(D12="retain",E12="statistical_results")),H12<>"",NOT(EXACT(H12,"not_applicable"))),AND(NOT(AND(D12="retain",E12="statistical_results")),I12<>"",NOT(EXACT(I12,"not_applicable"))),AND(NOT(AND(D12="retain",E12="statistical_results")),J12<>"",NOT(EXACT(J12,"not_applicable"))),AND(NOT(AND(D12="retain",OR(E12="report_internal_inconsistency",E12="plan_material"))),K12<>"",NOT(EXACT(K12,"not_applicable"))),AND(NOT(AND(D12="retain",E12="protocol_report")),L12<>"",NOT(EXACT(L12,"not_applicable")))),"CLEAR INACTIVE VALUES",IF(OR(NOT(OR(EXACT(D12,"retain"),EXACT(D12,"exclude"),EXACT(D12,"discuss"))),NOT(OR(EXACT(E12,"statistical_results"),EXACT(E12,"report_internal_inconsistency"),EXACT(E12,"plan_material"),EXACT(E12,"protocol_report"))),AND(AND(D12="retain",E12="statistical_results"),NOT(OR(EXACT(H12,"confirmed_issue"),EXACT(H12,"probable_issue"),EXACT(H12,"not_issue"),EXACT(H12,"indeterminate")))),AND(AND(D12="retain",E12="statistical_results"),NOT(OR(EXACT(I12,"substantive"),EXACT(I12,"minor_presentation"),EXACT(I12,"indeterminate")))),AND(AND(D12="retain",E12="statistical_results"),J12<>"",NOT(OR(EXACT(J12,"direct"),EXACT(J12,"possible"),EXACT(J12,"unlikely"),EXACT(J12,"unknown")))),AND(AND(D12="retain",OR(E12="report_internal_inconsistency",E12="plan_material")),NOT(OR(EXACT(K12,"substantive_inconsistency"),EXACT(K12,"minor_presentation"),EXACT(K12,"non_inconsistency"),EXACT(K12,"indeterminate")))),AND(AND(D12="retain",E12="protocol_report"),L12<>"",NOT(OR(EXACT(L12,"substantive_difference"),EXACT(L12,"minor_presentation"),EXACT(L12,"version_timing"),EXACT(L12,"non_inconsistency"),EXACT(L12,"indeterminate"))))),"CHECK FIELDS",IF(AND(F12<>"",NOT(OR(EXACT(F12,"no"),EXACT(F12,"primary_done")))),"CHECK COMPLETE",IF(EXACT(F12,"primary_done"),"PRIMARY READY","PRIMARY DRAFT")))))),"CHECK INPUT / KEY") | H12: =IF(AND(OR(D12="retain",D12=""),E12="statistical_results"),"","not_applicable") | I12: =IF(AND(OR(D12="retain",D12=""),E12="statistical_results"),"","not_applicable") | J12: =IF(AND(OR(D12="retain",D12=""),E12="statistical_results"),"","not_applicable") | K12: substantive_inconsistency | L12: =IF(AND(OR(D12="retain",D12=""),E12="protocol_report"),"","not_applicable") | R12: Protocol RSA C v3.0 p112 and v6.0 p184: exploratory 'difference in the proportion of patients experiencing a >=6-point decline in ALSFRS-R ... from Baseline to Week 24'. R-SAP v1.0 p78 and v3.0 p111: time to first >=6-point decline, a composite with death or death equivalent, censored at last ALSFRS-R assessment. A week-24 binary proportion and a time-to-first-event composite including death are different endpoints. The report (p3) follows the SAP (time to decline).
A13: 2025::jama.2024.27643::C012 | B13: NfL interval versus P display pattern | C13: Physical PDF pages; PLAN/REPORT roles are stated above and within the evidence. joi240158supp3_prod_1742927563.7911.pdf — PDF p. 17; jama_berry_2025_oi_240158_1742927563.7361.pdf — PDF p. 4; jama_berry_2025_oi_240158_1742927563.7361.pdf — PDF p. 8 | D13: retain | E13: statistical_results | F13: primary_done | G13: =IFERROR(IF(LEN(TRIM(CLEAN(SUBSTITUTE(Setup!$B$2,CHAR(160)," "))))=0,"CHECK REVIEWER ID",IF(OR(A13="",COUNTIF($A$2:$A$17,A13)<>1,LEFT(A13,LEN("2025::jama.2024.27643::"))<>"2025::jama.2024.27643::"),"CHECK KEY",IF(OR(AND(NOT(AND(D13="retain",E13="statistical_results")),H13<>"",NOT(EXACT(H13,"not_applicable"))),AND(NOT(AND(D13="retain",E13="statistical_results")),I13<>"",NOT(EXACT(I13,"not_applicable"))),AND(NOT(AND(D13="retain",E13="statistical_results")),J13<>"",NOT(EXACT(J13,"not_applicable"))),AND(NOT(AND(D13="retain",OR(E13="report_internal_inconsistency",E13="plan_material"))),K13<>"",NOT(EXACT(K13,"not_applicable"))),AND(NOT(AND(D13="retain",E13="protocol_report")),L13<>"",NOT(EXACT(L13,"not_applicable")))),"CLEAR INACTIVE VALUES",IF(OR(NOT(OR(EXACT(D13,"retain"),EXACT(D13,"exclude"),EXACT(D13,"discuss"))),NOT(OR(EXACT(E13,"statistical_results"),EXACT(E13,"report_internal_inconsistency"),EXACT(E13,"plan_material"),EXACT(E13,"protocol_report"))),AND(AND(D13="retain",E13="statistical_results"),NOT(OR(EXACT(H13,"confirmed_issue"),EXACT(H13,"probable_issue"),EXACT(H13,"not_issue"),EXACT(H13,"indeterminate")))),AND(AND(D13="retain",E13="statistical_results"),NOT(OR(EXACT(I13,"substantive"),EXACT(I13,"minor_presentation"),EXACT(I13,"indeterminate")))),AND(AND(D13="retain",E13="statistical_results"),J13<>"",NOT(OR(EXACT(J13,"direct"),EXACT(J13,"possible"),EXACT(J13,"unlikely"),EXACT(J13,"unknown")))),AND(AND(D13="retain",OR(E13="report_internal_inconsistency",E13="plan_material")),NOT(OR(EXACT(K13,"substantive_inconsistency"),EXACT(K13,"minor_presentation"),EXACT(K13,"non_inconsistency"),EXACT(K13,"indeterminate")))),AND(AND(D13="retain",E13="protocol_report"),L13<>"",NOT(OR(EXACT(L13,"substantive_difference"),EXACT(L13,"minor_presentation"),EXACT(L13,"version_timing"),EXACT(L13,"non_inconsistency"),EXACT(L13,"indeterminate"))))),"CHECK FIELDS",IF(AND(F13<>"",NOT(OR(EXACT(F13,"no"),EXACT(F13,"primary_done")))),"CHECK COMPLETE",IF(EXACT(F13,"primary_done"),"PRIMARY READY","PRIMARY DRAFT")))))),"CHECK INPUT / KEY") | H13: probable_issue | I13: minor_presentation | J13: possible | K13: =IF(AND(OR(D13="retain",D13=""),OR(E13="report_internal_inconsistency",E13="plan_material")),"","not_applicable") | L13: =IF(AND(OR(D13="retain",D13=""),E13="protocol_report"),"","not_applicable") | R13: eTable 3B p17: plasma pooled -9.5 (-18.0, 0) P=0.04 and 60 mg -10.5 (-20, 0) P=0.04 are consistent with rounding (CI-implied P 0.039/0.040; article gives -17.8 to -0.4, Figure 3 -17.8 to -0.5). Serum 60 mg -27.4 (-45.1, -0.7) P=0.05 is not: the estimate lies 4.5 units off the CI midpoint (-22.9), unlike the other rows (offset <0.1), and the CI excludes 0 while P=.05. Probable typo in that row.
A14: 2025::jama.2024.27643::C013 | B14: Serum NfL contrast scale | C14: Physical PDF pages; PLAN/REPORT roles are stated above and within the evidence. joi240158supp3_prod_1742927563.7911.pdf — PDF p. 17; jama_berry_2025_oi_240158_1742927563.7361.pdf — PDF p. 8 | D14: retain | E14: statistical_results | F14: primary_done | G14: =IFERROR(IF(LEN(TRIM(CLEAN(SUBSTITUTE(Setup!$B$2,CHAR(160)," "))))=0,"CHECK REVIEWER ID",IF(OR(A14="",COUNTIF($A$2:$A$17,A14)<>1,LEFT(A14,LEN("2025::jama.2024.27643::"))<>"2025::jama.2024.27643::"),"CHECK KEY",IF(OR(AND(NOT(AND(D14="retain",E14="statistical_results")),H14<>"",NOT(EXACT(H14,"not_applicable"))),AND(NOT(AND(D14="retain",E14="statistical_results")),I14<>"",NOT(EXACT(I14,"not_applicable"))),AND(NOT(AND(D14="retain",E14="statistical_results")),J14<>"",NOT(EXACT(J14,"not_applicable"))),AND(NOT(AND(D14="retain",OR(E14="report_internal_inconsistency",E14="plan_material"))),K14<>"",NOT(EXACT(K14,"not_applicable"))),AND(NOT(AND(D14="retain",E14="protocol_report")),L14<>"",NOT(EXACT(L14,"not_applicable")))),"CLEAR INACTIVE VALUES",IF(OR(NOT(OR(EXACT(D14,"retain"),EXACT(D14,"exclude"),EXACT(D14,"discuss"))),NOT(OR(EXACT(E14,"statistical_results"),EXACT(E14,"report_internal_inconsistency"),EXACT(E14,"plan_material"),EXACT(E14,"protocol_report"))),AND(AND(D14="retain",E14="statistical_results"),NOT(OR(EXACT(H14,"confirmed_issue"),EXACT(H14,"probable_issue"),EXACT(H14,"not_issue"),EXACT(H14,"indeterminate")))),AND(AND(D14="retain",E14="statistical_results"),NOT(OR(EXACT(I14,"substantive"),EXACT(I14,"minor_presentation"),EXACT(I14,"indeterminate")))),AND(AND(D14="retain",E14="statistical_results"),J14<>"",NOT(OR(EXACT(J14,"direct"),EXACT(J14,"possible"),EXACT(J14,"unlikely"),EXACT(J14,"unknown")))),AND(AND(D14="retain",OR(E14="report_internal_inconsistency",E14="plan_material")),NOT(OR(EXACT(K14,"substantive_inconsistency"),EXACT(K14,"minor_presentation"),EXACT(K14,"non_inconsistency"),EXACT(K14,"indeterminate")))),AND(AND(D14="retain",E14="protocol_report"),L14<>"",NOT(OR(EXACT(L14,"substantive_difference"),EXACT(L14,"minor_presentation"),EXACT(L14,"version_timing"),EXACT(L14,"non_inconsistency"),EXACT(L14,"indeterminate"))))),"CHECK FIELDS",IF(AND(F14<>"",NOT(OR(EXACT(F14,"no"),EXACT(F14,"primary_done")))),"CHECK COMPLETE",IF(EXACT(F14,"primary_done"),"PRIMARY READY","PRIMARY DRAFT")))))),"CHECK INPUT / KEY") | H14: confirmed_issue | I14: substantive | J14: direct | K14: =IF(AND(OR(D14="retain",D14=""),OR(E14="report_internal_inconsistency",E14="plan_material")),"","not_applicable") | L14: =IF(AND(OR(D14="retain",D14=""),E14="protocol_report"),"","not_applicable") | R14: Article p8/Figure 3: serum NfL placebo +30.8%, CNM-Au8 +0.4%, difference -23.2% (95% CI -39.5 to -2.5), P=.03. eTable 3B p17: placebo 26.8, difference -26.4 (-50.3, -2.6), P=0.03, labeled % change/GMR. The eTable values are log-scale x100: exp(0.268)-1=30.7%, exp(-0.264)-1=-23.2%, exp(-0.503)-1=-39.5%, exp(-0.026)-1=-2.6%. Plasma rows are on the back-transformed scale. Serum rows are on the wrong scale for their label.
A15: 2025::jama.2024.27643::C014 | B15: Estimated DRR direction in planned operating characteristics | C15: Physical PDF pages; PLAN/REPORT roles are stated above and within the evidence. joi240158supp2_prod_1742927563.7711.pdf — PDF p. 50; joi240158supp1_prod_1742927563.7611.pdf — PDF p. 65; joi240158supp1_prod_1742927563.7611.pdf — PDF p. 137; joi240158supp1_prod_1742927563.7611.pdf — PDF p. 212; joi240158supp2_prod_1742927563.7711.pdf — PDF p. 8; joi240158supp2_prod_1742927563.7711.pdf — PDF p. 63 | D15: retain | E15: plan_material | F15: primary_done | G15: =IFERROR(IF(LEN(TRIM(CLEAN(SUBSTITUTE(Setup!$B$2,CHAR(160)," "))))=0,"CHECK REVIEWER ID",IF(OR(A15="",COUNTIF($A$2:$A$17,A15)<>1,LEFT(A15,LEN("2025::jama.2024.27643::"))<>"2025::jama.2024.27643::"),"CHECK KEY",IF(OR(AND(NOT(AND(D15="retain",E15="statistical_results")),H15<>"",NOT(EXACT(H15,"not_applicable"))),AND(NOT(AND(D15="retain",E15="statistical_results")),I15<>"",NOT(EXACT(I15,"not_applicable"))),AND(NOT(AND(D15="retain",E15="statistical_results")),J15<>"",NOT(EXACT(J15,"not_applicable"))),AND(NOT(AND(D15="retain",OR(E15="report_internal_inconsistency",E15="plan_material"))),K15<>"",NOT(EXACT(K15,"not_applicable"))),AND(NOT(AND(D15="retain",E15="protocol_report")),L15<>"",NOT(EXACT(L15,"not_applicable")))),"CLEAR INACTIVE VALUES",IF(OR(NOT(OR(EXACT(D15,"retain"),EXACT(D15,"exclude"),EXACT(D15,"discuss"))),NOT(OR(EXACT(E15,"statistical_results"),EXACT(E15,"report_internal_inconsistency"),EXACT(E15,"plan_material"),EXACT(E15,"protocol_report"))),AND(AND(D15="retain",E15="statistical_results"),NOT(OR(EXACT(H15,"confirmed_issue"),EXACT(H15,"probable_issue"),EXACT(H15,"not_issue"),EXACT(H15,"indeterminate")))),AND(AND(D15="retain",E15="statistical_results"),NOT(OR(EXACT(I15,"substantive"),EXACT(I15,"minor_presentation"),EXACT(I15,"indeterminate")))),AND(AND(D15="retain",E15="statistical_results"),J15<>"",NOT(OR(EXACT(J15,"direct"),EXACT(J15,"possible"),EXACT(J15,"unlikely"),EXACT(J15,"unknown")))),AND(AND(D15="retain",OR(E15="report_internal_inconsistency",E15="plan_material")),NOT(OR(EXACT(K15,"substantive_inconsistency"),EXACT(K15,"minor_presentation"),EXACT(K15,"non_inconsistency"),EXACT(K15,"indeterminate")))),AND(AND(D15="retain",E15="protocol_report"),L15<>"",NOT(OR(EXACT(L15,"substantive_difference"),EXACT(L15,"minor_presentation"),EXACT(L15,"version_timing"),EXACT(L15,"non_inconsistency"),EXACT(L15,"indeterminate"))))),"CHECK FIELDS",IF(AND(F15<>"",NOT(OR(EXACT(F15,"no"),EXACT(F15,"primary_done")))),"CHECK COMPLETE",IF(EXACT(F15,"primary_done"),"PRIMARY READY","PRIMARY DRAFT")))))),"CHECK INPUT / KEY") | H15: =IF(AND(OR(D15="retain",D15=""),E15="statistical_results"),"","not_applicable") | I15: =IF(AND(OR(D15="retain",D15=""),E15="statistical_results"),"","not_applicable") | J15: =IF(AND(OR(D15="retain",D15=""),E15="statistical_results"),"","not_applicable") | K15: minor_presentation | L15: =IF(AND(OR(D15="retain",D15=""),E15="protocol_report"),"","not_applicable") | R15: M-SAP v3.0 §6.2 p50: prose says 'the power and estimated DRR decrease as the rate of mortality increases', but Table 6.2.1 shows mean estimated DRR rising (0.71/0.72/0.75 for mortality HR 1.0; 0.72/0.75/0.81 for HR 1.3) while power falls. The next sentences give the correct values and say the functional treatment effect decreases, so the intended meaning is clear. Wording slip in design operating characteristics.
A16: 2025::jama.2024.27643::C015 | B16: Signed CAFS P value in illustrative PLAN prose | C16: Physical PDF pages; PLAN/REPORT roles are stated above and within the evidence. joi240158supp2_prod_1742927563.7711.pdf — PDF p. 59; joi240158supp2_prod_1742927563.7711.pdf — PDF p. 58; joi240158supp2_prod_1742927563.7711.pdf — PDF p. 8; joi240158supp2_prod_1742927563.7711.pdf — PDF p. 63 | D16: exclude | E16: plan_material | F16: primary_done | G16: =IFERROR(IF(LEN(TRIM(CLEAN(SUBSTITUTE(Setup!$B$2,CHAR(160)," "))))=0,"CHECK REVIEWER ID",IF(OR(A16="",COUNTIF($A$2:$A$17,A16)<>1,LEFT(A16,LEN("2025::jama.2024.27643::"))<>"2025::jama.2024.27643::"),"CHECK KEY",IF(OR(AND(NOT(AND(D16="retain",E16="statistical_results")),H16<>"",NOT(EXACT(H16,"not_applicable"))),AND(NOT(AND(D16="retain",E16="statistical_results")),I16<>"",NOT(EXACT(I16,"not_applicable"))),AND(NOT(AND(D16="retain",E16="statistical_results")),J16<>"",NOT(EXACT(J16,"not_applicable"))),AND(NOT(AND(D16="retain",OR(E16="report_internal_inconsistency",E16="plan_material"))),K16<>"",NOT(EXACT(K16,"not_applicable"))),AND(NOT(AND(D16="retain",E16="protocol_report")),L16<>"",NOT(EXACT(L16,"not_applicable")))),"CLEAR INACTIVE VALUES",IF(OR(NOT(OR(EXACT(D16,"retain"),EXACT(D16,"exclude"),EXACT(D16,"discuss"))),NOT(OR(EXACT(E16,"statistical_results"),EXACT(E16,"report_internal_inconsistency"),EXACT(E16,"plan_material"),EXACT(E16,"protocol_report"))),AND(AND(D16="retain",E16="statistical_results"),NOT(OR(EXACT(H16,"confirmed_issue"),EXACT(H16,"probable_issue"),EXACT(H16,"not_issue"),EXACT(H16,"indeterminate")))),AND(AND(D16="retain",E16="statistical_results"),NOT(OR(EXACT(I16,"substantive"),EXACT(I16,"minor_presentation"),EXACT(I16,"indeterminate")))),AND(AND(D16="retain",E16="statistical_results"),J16<>"",NOT(OR(EXACT(J16,"direct"),EXACT(J16,"possible"),EXACT(J16,"unlikely"),EXACT(J16,"unknown")))),AND(AND(D16="retain",OR(E16="report_internal_inconsistency",E16="plan_material")),NOT(OR(EXACT(K16,"substantive_inconsistency"),EXACT(K16,"minor_presentation"),EXACT(K16,"non_inconsistency"),EXACT(K16,"indeterminate")))),AND(AND(D16="retain",E16="protocol_report"),L16<>"",NOT(OR(EXACT(L16,"substantive_difference"),EXACT(L16,"minor_presentation"),EXACT(L16,"version_timing"),EXACT(L16,"non_inconsistency"),EXACT(L16,"indeterminate"))))),"CHECK FIELDS",IF(AND(F16<>"",NOT(OR(EXACT(F16,"no"),EXACT(F16,"primary_done")))),"CHECK COMPLETE",IF(EXACT(F16,"primary_done"),"PRIMARY READY","PRIMARY DRAFT")))))),"CHECK INPUT / KEY") | H16: =IF(AND(OR(D16="retain",D16=""),E16="statistical_results"),"","not_applicable") | I16: =IF(AND(OR(D16="retain",D16=""),E16="statistical_results"),"","not_applicable") | J16: =IF(AND(OR(D16="retain",D16=""),E16="statistical_results"),"","not_applicable") | K16: =IF(AND(OR(D16="retain",D16=""),OR(E16="report_internal_inconsistency",E16="plan_material")),"","not_applicable") | L16: =IF(AND(OR(D16="retain",D16=""),E16="protocol_report"),"","not_applicable") | R16: M-SAP p59: 'CAFS p-value of -' at line end, '.3675)' on the next line, in an illustrative example trial (Example Trial 4); the adjacent figure prints 0.3675. A line-end dash in an illustration, not a design element of this trial; no conflict that matters for the plan.
A17: 2025::jama.2024.27643::C016 | B17: Serum NfL below-quantitation substitution rule | C17: Physical PDF pages; PLAN/REPORT roles are stated above and within the evidence. joi240158supp2_prod_1742927563.7711.pdf — PDF p. 112; joi240158supp3_prod_1742927563.7911.pdf — PDF p. 11; joi240158supp3_prod_1742927563.7911.pdf — PDF p. 10; joi240158supp3_prod_1742927563.7911.pdf — PDF p. 12; jama_berry_2025_oi_240158_1742927563.7361.pdf — PDF p. 8; joi240158supp3_prod_1742927563.7911.pdf — PDF p. 17 | D17: retain | E17: protocol_report | F17: primary_done | G17: =IFERROR(IF(LEN(TRIM(CLEAN(SUBSTITUTE(Setup!$B$2,CHAR(160)," "))))=0,"CHECK REVIEWER ID",IF(OR(A17="",COUNTIF($A$2:$A$17,A17)<>1,LEFT(A17,LEN("2025::jama.2024.27643::"))<>"2025::jama.2024.27643::"),"CHECK KEY",IF(OR(AND(NOT(AND(D17="retain",E17="statistical_results")),H17<>"",NOT(EXACT(H17,"not_applicable"))),AND(NOT(AND(D17="retain",E17="statistical_results")),I17<>"",NOT(EXACT(I17,"not_applicable"))),AND(NOT(AND(D17="retain",E17="statistical_results")),J17<>"",NOT(EXACT(J17,"not_applicable"))),AND(NOT(AND(D17="retain",OR(E17="report_internal_inconsistency",E17="plan_material"))),K17<>"",NOT(EXACT(K17,"not_applicable"))),AND(NOT(AND(D17="retain",E17="protocol_report")),L17<>"",NOT(EXACT(L17,"not_applicable")))),"CLEAR INACTIVE VALUES",IF(OR(NOT(OR(EXACT(D17,"retain"),EXACT(D17,"exclude"),EXACT(D17,"discuss"))),NOT(OR(EXACT(E17,"statistical_results"),EXACT(E17,"report_internal_inconsistency"),EXACT(E17,"plan_material"),EXACT(E17,"protocol_report"))),AND(AND(D17="retain",E17="statistical_results"),NOT(OR(EXACT(H17,"confirmed_issue"),EXACT(H17,"probable_issue"),EXACT(H17,"not_issue"),EXACT(H17,"indeterminate")))),AND(AND(D17="retain",E17="statistical_results"),NOT(OR(EXACT(I17,"substantive"),EXACT(I17,"minor_presentation"),EXACT(I17,"indeterminate")))),AND(AND(D17="retain",E17="statistical_results"),J17<>"",NOT(OR(EXACT(J17,"direct"),EXACT(J17,"possible"),EXACT(J17,"unlikely"),EXACT(J17,"unknown")))),AND(AND(D17="retain",OR(E17="report_internal_inconsistency",E17="plan_material")),NOT(OR(EXACT(K17,"substantive_inconsistency"),EXACT(K17,"minor_presentation"),EXACT(K17,"non_inconsistency"),EXACT(K17,"indeterminate")))),AND(AND(D17="retain",E17="protocol_report"),L17<>"",NOT(OR(EXACT(L17,"substantive_difference"),EXACT(L17,"minor_presentation"),EXACT(L17,"version_timing"),EXACT(L17,"non_inconsistency"),EXACT(L17,"indeterminate"))))),"CHECK FIELDS",IF(AND(F17<>"",NOT(OR(EXACT(F17,"no"),EXACT(F17,"primary_done")))),"CHECK COMPLETE",IF(EXACT(F17,"primary_done"),"PRIMARY READY","PRIMARY DRAFT")))))),"CHECK INPUT / KEY") | H17: =IF(AND(OR(D17="retain",D17=""),E17="statistical_results"),"","not_applicable") | I17: =IF(AND(OR(D17="retain",D17=""),E17="statistical_results"),"","not_applicable") | J17: =IF(AND(OR(D17="retain",D17=""),E17="statistical_results"),"","not_applicable") | K17: =IF(AND(OR(D17="retain",D17=""),OR(E17="report_internal_inconsistency",E17="plan_material")),"","not_applicable") | L17: substantive_difference | R17: R-SAP v3.0 §5.6 p112: serum/CSF NfL values below the limit of quantitation imputed at the LOQ. eMethods p11: serum values <LOQ imputed using the assay LOD. Different substitution value for the same condition. Relevant because the serum NfL result was sensitive to a very low baseline value (article p8; eMethods p12).

Sheet C_jama.2025.11178
A1: Candidate key | B1: Candidate title | C1: Source location | D1: Disposition | E1: Review domain (AI suggestion; editable) | F1: Complete | G1: Validation hint | H1: Statistical_or_numerical issue | I1: Substantiveness | J1: Downstream impact | K1: Report-internal or planning-material inconsistency | L1: Protocol interpretation | R1: Notes (optional)
A3: Placeholder: no workflow 1.6.2 output for this paper yet; nothing to review in v.2.4.1.

Sheet C_jama.2025.15185
A1: Candidate key | B1: Candidate title | C1: Source location | D1: Disposition | E1: Review domain (AI suggestion; editable) | F1: Complete | G1: Validation hint | H1: Statistical_or_numerical issue | I1: Substantiveness | J1: Downstream impact | K1: Report-internal or planning-material inconsistency | L1: Protocol interpretation | R1: Notes (optional)
A3: Placeholder: no workflow 1.6.2 output for this paper yet; nothing to review in v.2.4.1.

Sheet C_jama.2025.15440
A1: Candidate key | B1: Candidate title | C1: Source location | D1: Disposition | E1: Review domain (AI suggestion; editable) | F1: Complete | G1: Validation hint | H1: Statistical_or_numerical issue | I1: Substantiveness | J1: Downstream impact | K1: Report-internal or planning-material inconsistency | L1: Protocol interpretation | R1: Notes (optional)
A2: 2025::jama.2025.15440::C001 | B2: Age-under-75 subgroup power does not reconcile with a reproducing same-table calculation | C2: joi250068supp1_prod_1760999665.28862.pdf — Protocol, PDF p. 22, Table 4, age <75 row, rightmost “Power for total of 5000, 2p<0.01” cell; all input and other-power comparison cells in the same Table 4. Contextual design support only: joi250068supp1_prod_1760999665.28862.pdf — protocol, PDF p. 20, Table 2, continuity-corrected sample-size heading, and joi250068supp1_prod_1760999665.28862.pdf — protocol, PDF p. 21, Table 3, whole-trial power design. | D2: retain | E2: plan_material | F2: primary_done | G2: =IFERROR(IF(LEN(TRIM(CLEAN(SUBSTITUTE(Setup!$B$2,CHAR(160)," "))))=0,"CHECK REVIEWER ID",IF(OR(A2="",COUNTIF($A$2:$A$2,A2)<>1,LEFT(A2,LEN("2025::jama.2025.15440::"))<>"2025::jama.2025.15440::"),"CHECK KEY",IF(OR(AND(NOT(AND(D2="retain",E2="statistical_results")),H2<>"",NOT(EXACT(H2,"not_applicable"))),AND(NOT(AND(D2="retain",E2="statistical_results")),I2<>"",NOT(EXACT(I2,"not_applicable"))),AND(NOT(AND(D2="retain",E2="statistical_results")),J2<>"",NOT(EXACT(J2,"not_applicable"))),AND(NOT(AND(D2="retain",OR(E2="report_internal_inconsistency",E2="plan_material"))),K2<>"",NOT(EXACT(K2,"not_applicable"))),AND(NOT(AND(D2="retain",E2="protocol_report")),L2<>"",NOT(EXACT(L2,"not_applicable")))),"CLEAR INACTIVE VALUES",IF(OR(NOT(OR(EXACT(D2,"retain"),EXACT(D2,"exclude"),EXACT(D2,"discuss"))),NOT(OR(EXACT(E2,"statistical_results"),EXACT(E2,"report_internal_inconsistency"),EXACT(E2,"plan_material"),EXACT(E2,"protocol_report"))),AND(AND(D2="retain",E2="statistical_results"),NOT(OR(EXACT(H2,"confirmed_issue"),EXACT(H2,"probable_issue"),EXACT(H2,"not_issue"),EXACT(H2,"indeterminate")))),AND(AND(D2="retain",E2="statistical_results"),NOT(OR(EXACT(I2,"substantive"),EXACT(I2,"minor_presentation"),EXACT(I2,"indeterminate")))),AND(AND(D2="retain",E2="statistical_results"),J2<>"",NOT(OR(EXACT(J2,"direct"),EXACT(J2,"possible"),EXACT(J2,"unlikely"),EXACT(J2,"unknown")))),AND(AND(D2="retain",OR(E2="report_internal_inconsistency",E2="plan_material")),NOT(OR(EXACT(K2,"substantive_inconsistency"),EXACT(K2,"minor_presentation"),EXACT(K2,"non_inconsistency"),EXACT(K2,"indeterminate")))),AND(AND(D2="retain",E2="protocol_report"),L2<>"",NOT(OR(EXACT(L2,"substantive_difference"),EXACT(L2,"minor_presentation"),EXACT(L2,"version_timing"),EXACT(L2,"non_inconsistency"),EXACT(L2,"indeterminate"))))),"CHECK FIELDS",IF(AND(F2<>"",NOT(OR(EXACT(F2,"no"),EXACT(F2,"primary_done")))),"CHECK COMPLETE",IF(EXACT(F2,"primary_done"),"PRIMARY READY","PRIMARY DRAFT")))))),"CHECK INPUT / KEY") | H2: =IF(AND(OR(D2="retain",D2=""),E2="statistical_results"),"","not_applicable") | I2: =IF(AND(OR(D2="retain",D2=""),E2="statistical_results"),"","not_applicable") | J2: =IF(AND(OR(D2="retain",D2=""),E2="statistical_results"),"","not_applicable") | K2: minor_presentation | L2: =IF(AND(OR(D2="retain",D2=""),E2="protocol_report"),"","not_applicable") | R2: Protocol v2.0 Table 4 p22 (OCR and rotated render; text layer garbled): age <75 row (25%, active 2.96%, control 1.18%) prints 34% power at N=5000, 2p<0.01. Inverting the continuity-corrected (Fleiss) sample-size formula gives 28.6%; the same method reproduces the row's other cells (41.8/20.5/52.1 vs 41/20/52) and the 12 sample sizes. The 5000/0.01 column runs 0.5-2 points high in other rows too (e.g., female 72.9 vs 75), so a small method difference may contribute, but the <75 gap (5.4 points) is the largest. Design meaning unchanged (subgroup underpowered either way).

Sheet C_jama.2025.16450
A1: Candidate key | B1: Candidate title | C1: Source location | D1: Disposition | E1: Review domain (AI suggestion; editable) | F1: Complete | G1: Validation hint | H1: Statistical_or_numerical issue | I1: Substantiveness | J1: Downstream impact | K1: Report-internal or planning-material inconsistency | L1: Protocol interpretation | R1: Notes (optional)
A2: 2025::jama.2025.16450::C001 | B2: Moderate-hyperglycemia qualification pathway differs across report and plan descriptions | C2: jama_ambalavanan_2025_oi_250072_1761000786.6838.pdf — Main PDF p. 1, abstract; jama_ambalavanan_2025_oi_250072_1761000786.6838.pdf — main PDF p. 3, Outcomes; jama_ambalavanan_2025_oi_250072_1761000786.6838.pdf — main PDF p. 6, Safety Outcomes; joi250072supp4_prod_1761000786.6988.pdf — results PDF p. 5, eTable 3 hyperglycemia; joi250072supp2_prod_1761000786.6938.pdf — manual PDF p. 39, moderate, severe and life-threatening hyperglycemia narrative; joi250072supp2_prod_1761000786.6938.pdf — manual PDF p. 59, Appendix A hyperglycemia row; joi250072supp3_prod_1761000786.6988.pdf — SAP PDF p. 11, §3.2.4.1. | D2: retain | E2: protocol_report | F2: primary_done | G2: =IFERROR(IF(LEN(TRIM(CLEAN(SUBSTITUTE(Setup!$B$2,CHAR(160)," "))))=0,"CHECK REVIEWER ID",IF(OR(A2="",COUNTIF($A$2:$A$7,A2)<>1,LEFT(A2,LEN("2025::jama.2025.16450::"))<>"2025::jama.2025.16450::"),"CHECK KEY",IF(OR(AND(NOT(AND(D2="retain",E2="statistical_results")),H2<>"",NOT(EXACT(H2,"not_applicable"))),AND(NOT(AND(D2="retain",E2="statistical_results")),I2<>"",NOT(EXACT(I2,"not_applicable"))),AND(NOT(AND(D2="retain",E2="statistical_results")),J2<>"",NOT(EXACT(J2,"not_applicable"))),AND(NOT(AND(D2="retain",OR(E2="report_internal_inconsistency",E2="plan_material"))),K2<>"",NOT(EXACT(K2,"not_applicable"))),AND(NOT(AND(D2="retain",E2="protocol_report")),L2<>"",NOT(EXACT(L2,"not_applicable")))),"CLEAR INACTIVE VALUES",IF(OR(NOT(OR(EXACT(D2,"retain"),EXACT(D2,"exclude"),EXACT(D2,"discuss"))),NOT(OR(EXACT(E2,"statistical_results"),EXACT(E2,"report_internal_inconsistency"),EXACT(E2,"plan_material"),EXACT(E2,"protocol_report"))),AND(AND(D2="retain",E2="statistical_results"),NOT(OR(EXACT(H2,"confirmed_issue"),EXACT(H2,"probable_issue"),EXACT(H2,"not_issue"),EXACT(H2,"indeterminate")))),AND(AND(D2="retain",E2="statistical_results"),NOT(OR(EXACT(I2,"substantive"),EXACT(I2,"minor_presentation"),EXACT(I2,"indeterminate")))),AND(AND(D2="retain",E2="statistical_results"),J2<>"",NOT(OR(EXACT(J2,"direct"),EXACT(J2,"possible"),EXACT(J2,"unlikely"),EXACT(J2,"unknown")))),AND(AND(D2="retain",OR(E2="report_internal_inconsistency",E2="plan_material")),NOT(OR(EXACT(K2,"substantive_inconsistency"),EXACT(K2,"minor_presentation"),EXACT(K2,"non_inconsistency"),EXACT(K2,"indeterminate")))),AND(AND(D2="retain",E2="protocol_report"),L2<>"",NOT(OR(EXACT(L2,"substantive_difference"),EXACT(L2,"minor_presentation"),EXACT(L2,"version_timing"),EXACT(L2,"non_inconsistency"),EXACT(L2,"indeterminate"))))),"CHECK FIELDS",IF(AND(F2<>"",NOT(OR(EXACT(F2,"no"),EXACT(F2,"primary_done")))),"CHECK COMPLETE",IF(EXACT(F2,"primary_done"),"PRIMARY READY","PRIMARY DRAFT")))))),"CHECK INPUT / KEY") | H2: =IF(AND(OR(D2="retain",D2=""),E2="statistical_results"),"","not_applicable") | I2: =IF(AND(OR(D2="retain",D2=""),E2="statistical_results"),"","not_applicable") | J2: =IF(AND(OR(D2="retain",D2=""),E2="statistical_results"),"","not_applicable") | K2: =IF(AND(OR(D2="retain",D2=""),OR(E2="report_internal_inconsistency",E2="plan_material")),"","not_applicable") | L2: substantive_difference | R2: Moderate hyperglycemia: article p3 and Manual ch.7 p39 = 120-180 mg/dL on 2 consecutive determinations >=6 h apart OR >2 determinations within 24 h with no intervening normal value. SAP §3.2.4.1 p11 = 120-180 on two determinations >=6 h apart (no second pathway); Manual Appendix A toxicity table p59 = 2 consecutive determinations >=6 h apart (no second pathway). Article p3 also defines severe as simply >180 mg/dL, whereas SAP/manual require 2 determinations or insulin. Definition behind the main safety finding (66.7% vs 49.8%, RR 1.33) differs from the SAP.
A3: 2025::jama.2025.16450::C002 | B3: Reported BPD-severity contrasts differ from the planned ordinal model | C3: jama_ambalavanan_2025_oi_250072_1761000786.6838.pdf — Main PDF p. 3, secondary/exploratory BPD outcomes; jama_ambalavanan_2025_oi_250072_1761000786.6838.pdf — main PDF p. 8, Table 3 severity rows and footnote a; joi250072supp1_prod_1761000786.68881.pdf — protocol PDF p. 21, ordered severity outcomes; joi250072supp1_prod_1761000786.68881.pdf — protocol PDF p. 25, §5.1; joi250072supp3_prod_1761000786.6988.pdf — SAP PDF p. 32, pragmatic ordinal outcome; joi250072supp3_prod_1761000786.6988.pdf — SAP PDF p. 33, pragmatic coding; joi250072supp3_prod_1761000786.6988.pdf — SAP PDF p. 34, NIH ordinal outcome; joi250072supp3_prod_1761000786.6988.pdf — SAP PDF p. 35, NIH coding; joi250072supp3_prod_1761000786.6988.pdf — SAP PDF p. 39, §9.5. | D3: retain | E3: protocol_report | F3: primary_done | G3: =IFERROR(IF(LEN(TRIM(CLEAN(SUBSTITUTE(Setup!$B$2,CHAR(160)," "))))=0,"CHECK REVIEWER ID",IF(OR(A3="",COUNTIF($A$2:$A$7,A3)<>1,LEFT(A3,LEN("2025::jama.2025.16450::"))<>"2025::jama.2025.16450::"),"CHECK KEY",IF(OR(AND(NOT(AND(D3="retain",E3="statistical_results")),H3<>"",NOT(EXACT(H3,"not_applicable"))),AND(NOT(AND(D3="retain",E3="statistical_results")),I3<>"",NOT(EXACT(I3,"not_applicable"))),AND(NOT(AND(D3="retain",E3="statistical_results")),J3<>"",NOT(EXACT(J3,"not_applicable"))),AND(NOT(AND(D3="retain",OR(E3="report_internal_inconsistency",E3="plan_material"))),K3<>"",NOT(EXACT(K3,"not_applicable"))),AND(NOT(AND(D3="retain",E3="protocol_report")),L3<>"",NOT(EXACT(L3,"not_applicable")))),"CLEAR INACTIVE VALUES",IF(OR(NOT(OR(EXACT(D3,"retain"),EXACT(D3,"exclude"),EXACT(D3,"discuss"))),NOT(OR(EXACT(E3,"statistical_results"),EXACT(E3,"report_internal_inconsistency"),EXACT(E3,"plan_material"),EXACT(E3,"protocol_report"))),AND(AND(D3="retain",E3="statistical_results"),NOT(OR(EXACT(H3,"confirmed_issue"),EXACT(H3,"probable_issue"),EXACT(H3,"not_issue"),EXACT(H3,"indeterminate")))),AND(AND(D3="retain",E3="statistical_results"),NOT(OR(EXACT(I3,"substantive"),EXACT(I3,"minor_presentation"),EXACT(I3,"indeterminate")))),AND(AND(D3="retain",E3="statistical_results"),J3<>"",NOT(OR(EXACT(J3,"direct"),EXACT(J3,"possible"),EXACT(J3,"unlikely"),EXACT(J3,"unknown")))),AND(AND(D3="retain",OR(E3="report_internal_inconsistency",E3="plan_material")),NOT(OR(EXACT(K3,"substantive_inconsistency"),EXACT(K3,"minor_presentation"),EXACT(K3,"non_inconsistency"),EXACT(K3,"indeterminate")))),AND(AND(D3="retain",E3="protocol_report"),L3<>"",NOT(OR(EXACT(L3,"substantive_difference"),EXACT(L3,"minor_presentation"),EXACT(L3,"version_timing"),EXACT(L3,"non_inconsistency"),EXACT(L3,"indeterminate"))))),"CHECK FIELDS",IF(AND(F3<>"",NOT(OR(EXACT(F3,"no"),EXACT(F3,"primary_done")))),"CHECK COMPLETE",IF(EXACT(F3,"primary_done"),"PRIMARY READY","PRIMARY DRAFT")))))),"CHECK INPUT / KEY") | H3: =IF(AND(OR(D3="retain",D3=""),E3="statistical_results"),"","not_applicable") | I3: =IF(AND(OR(D3="retain",D3=""),E3="statistical_results"),"","not_applicable") | J3: =IF(AND(OR(D3="retain",D3=""),E3="statistical_results"),"","not_applicable") | K3: =IF(AND(OR(D3="retain",D3=""),OR(E3="report_internal_inconsistency",E3="plan_material")),"","not_applicable") | L3: substantive_difference | R3: Protocol §5.1 p25 and SAP §9.5 p39: ordinal outcomes (BPD severity explicitly) by proportional odds models, with partial proportional odds or Mantel-Haenszel mean score test if PO fails; generalized logit reserved for nominal outcomes. Article Table 3 p8 footnote a: BPD severity (pragmatic and NIH) analyzed by generalized logit, category-vs-no-BPD ORs. No statement that PO assumption failed. Not disclosed as a change.
A4: 2025::jama.2025.16450::C003 | B4: Prespecified primary-analysis outputs are absent or displayed with different definitions | C4: joi250072supp1_prod_1761000786.68881.pdf — Protocol PDF p. 25, §5.1 treatment-received analyses; joi250072supp3_prod_1761000786.6988.pdf — SAP PDF p. 22, §5 population definitions; joi250072supp3_prod_1761000786.6988.pdf — SAP PDF p. 29, §7.7 interactions; joi250072supp3_prod_1761000786.6988.pdf — SAP PDF p. 36, §9.3 response coding; joi250072supp3_prod_1761000786.6988.pdf — SAP PDF p. 37, coding and sample model; joi250072supp3_prod_1761000786.6988.pdf — SAP PDF p. 38, §§9.4.1–9.4.2; jama_ambalavanan_2025_oi_250072_1761000786.6838.pdf — main PDF p. 3, statistical analysis; jama_ambalavanan_2025_oi_250072_1761000786.6838.pdf — main PDF p. 4, Figure 1 and footnotes f/j; jama_ambalavanan_2025_oi_250072_1761000786.6838.pdf — main PDF p. 7, Table 2 and sensitivity/subgroup text; jama_ambalavanan_2025_oi_250072_1761000786.6838.pdf — main PDF p. 9, Figure 2, caption and footnote a; joi250072supp4_prod_1761000786.6988.pdf — results PDF p. 2, eTable 1. The absence comparison covers all main PDF pages 1–11 and all results PDF pages 1–16, including all eight supplementary tables, rather than only these displayed anchors. | D4: retain | E4: protocol_report | F4: primary_done | G4: =IFERROR(IF(LEN(TRIM(CLEAN(SUBSTITUTE(Setup!$B$2,CHAR(160)," "))))=0,"CHECK REVIEWER ID",IF(OR(A4="",COUNTIF($A$2:$A$7,A4)<>1,LEFT(A4,LEN("2025::jama.2025.16450::"))<>"2025::jama.2025.16450::"),"CHECK KEY",IF(OR(AND(NOT(AND(D4="retain",E4="statistical_results")),H4<>"",NOT(EXACT(H4,"not_applicable"))),AND(NOT(AND(D4="retain",E4="statistical_results")),I4<>"",NOT(EXACT(I4,"not_applicable"))),AND(NOT(AND(D4="retain",E4="statistical_results")),J4<>"",NOT(EXACT(J4,"not_applicable"))),AND(NOT(AND(D4="retain",OR(E4="report_internal_inconsistency",E4="plan_material"))),K4<>"",NOT(EXACT(K4,"not_applicable"))),AND(NOT(AND(D4="retain",E4="protocol_report")),L4<>"",NOT(EXACT(L4,"not_applicable")))),"CLEAR INACTIVE VALUES",IF(OR(NOT(OR(EXACT(D4,"retain"),EXACT(D4,"exclude"),EXACT(D4,"discuss"))),NOT(OR(EXACT(E4,"statistical_results"),EXACT(E4,"report_internal_inconsistency"),EXACT(E4,"plan_material"),EXACT(E4,"protocol_report"))),AND(AND(D4="retain",E4="statistical_results"),NOT(OR(EXACT(H4,"confirmed_issue"),EXACT(H4,"probable_issue"),EXACT(H4,"not_issue"),EXACT(H4,"indeterminate")))),AND(AND(D4="retain",E4="statistical_results"),NOT(OR(EXACT(I4,"substantive"),EXACT(I4,"minor_presentation"),EXACT(I4,"indeterminate")))),AND(AND(D4="retain",E4="statistical_results"),J4<>"",NOT(OR(EXACT(J4,"direct"),EXACT(J4,"possible"),EXACT(J4,"unlikely"),EXACT(J4,"unknown")))),AND(AND(D4="retain",OR(E4="report_internal_inconsistency",E4="plan_material")),NOT(OR(EXACT(K4,"substantive_inconsistency"),EXACT(K4,"minor_presentation"),EXACT(K4,"non_inconsistency"),EXACT(K4,"indeterminate")))),AND(AND(D4="retain",E4="protocol_report"),L4<>"",NOT(OR(EXACT(L4,"substantive_difference"),EXACT(L4,"minor_presentation"),EXACT(L4,"version_timing"),EXACT(L4,"non_inconsistency"),EXACT(L4,"indeterminate"))))),"CHECK FIELDS",IF(AND(F4<>"",NOT(OR(EXACT(F4,"no"),EXACT(F4,"primary_done")))),"CHECK COMPLETE",IF(EXACT(F4,"primary_done"),"PRIMARY READY","PRIMARY DRAFT")))))),"CHECK INPUT / KEY") | H4: =IF(AND(OR(D4="retain",D4=""),E4="statistical_results"),"","not_applicable") | I4: =IF(AND(OR(D4="retain",D4=""),E4="statistical_results"),"","not_applicable") | J4: =IF(AND(OR(D4="retain",D4=""),E4="statistical_results"),"","not_applicable") | K4: =IF(AND(OR(D4="retain",D4=""),OR(E4="report_internal_inconsistency",E4="plan_material")),"","not_applicable") | L4: substantive_difference | R4: SAP §9.4.1 p38: primary analysis replicated in mITT, PP and SAF (as-treated); §9.4.2: model adding baseline BPD predictors (birth weight, sex, race/ethnicity) and imbalanced covariates; §7.7 p29: interactions of treatment with site/center, randomization GA stratum, race, sex in the primary robust Poisson model; protocol §5.1 p25: prespecified analyses by treatment received. Article Table 2 p7 reports ITT, ITT-excluding-untreated and PP only, all by randomized arm; no SAF or covariate-adjusted model; Figure 2 p9 models survival without BPD (favorable outcome) using actual GA, no site interaction.
A5: 2025::jama.2025.16450::C004 | B5: Historical Grade 3 BPD count and percentage do not reconcile in one protocol cell | C5: joi250072supp1_prod_1761000786.68881.pdf — Protocol PDF p. 12, Table 2, NICHD BPD Workshop Grading 2018: Grade 3 surfactant cell, combination comparator, Grade 3-or-death, Death, No BPD, Grade 1 and Grade 2. | D5: exclude | E5: plan_material | F5: primary_done | G5: =IFERROR(IF(LEN(TRIM(CLEAN(SUBSTITUTE(Setup!$B$2,CHAR(160)," "))))=0,"CHECK REVIEWER ID",IF(OR(A5="",COUNTIF($A$2:$A$7,A5)<>1,LEFT(A5,LEN("2025::jama.2025.16450::"))<>"2025::jama.2025.16450::"),"CHECK KEY",IF(OR(AND(NOT(AND(D5="retain",E5="statistical_results")),H5<>"",NOT(EXACT(H5,"not_applicable"))),AND(NOT(AND(D5="retain",E5="statistical_results")),I5<>"",NOT(EXACT(I5,"not_applicable"))),AND(NOT(AND(D5="retain",E5="statistical_results")),J5<>"",NOT(EXACT(J5,"not_applicable"))),AND(NOT(AND(D5="retain",OR(E5="report_internal_inconsistency",E5="plan_material"))),K5<>"",NOT(EXACT(K5,"not_applicable"))),AND(NOT(AND(D5="retain",E5="protocol_report")),L5<>"",NOT(EXACT(L5,"not_applicable")))),"CLEAR INACTIVE VALUES",IF(OR(NOT(OR(EXACT(D5,"retain"),EXACT(D5,"exclude"),EXACT(D5,"discuss"))),NOT(OR(EXACT(E5,"statistical_results"),EXACT(E5,"report_internal_inconsistency"),EXACT(E5,"plan_material"),EXACT(E5,"protocol_report"))),AND(AND(D5="retain",E5="statistical_results"),NOT(OR(EXACT(H5,"confirmed_issue"),EXACT(H5,"probable_issue"),EXACT(H5,"not_issue"),EXACT(H5,"indeterminate")))),AND(AND(D5="retain",E5="statistical_results"),NOT(OR(EXACT(I5,"substantive"),EXACT(I5,"minor_presentation"),EXACT(I5,"indeterminate")))),AND(AND(D5="retain",E5="statistical_results"),J5<>"",NOT(OR(EXACT(J5,"direct"),EXACT(J5,"possible"),EXACT(J5,"unlikely"),EXACT(J5,"unknown")))),AND(AND(D5="retain",OR(E5="report_internal_inconsistency",E5="plan_material")),NOT(OR(EXACT(K5,"substantive_inconsistency"),EXACT(K5,"minor_presentation"),EXACT(K5,"non_inconsistency"),EXACT(K5,"indeterminate")))),AND(AND(D5="retain",E5="protocol_report"),L5<>"",NOT(OR(EXACT(L5,"substantive_difference"),EXACT(L5,"minor_presentation"),EXACT(L5,"version_timing"),EXACT(L5,"non_inconsistency"),EXACT(L5,"indeterminate"))))),"CHECK FIELDS",IF(AND(F5<>"",NOT(OR(EXACT(F5,"no"),EXACT(F5,"primary_done")))),"CHECK COMPLETE",IF(EXACT(F5,"primary_done"),"PRIMARY READY","PRIMARY DRAFT")))))),"CHECK INPUT / KEY") | H5: =IF(AND(OR(D5="retain",D5=""),E5="statistical_results"),"","not_applicable") | I5: =IF(AND(OR(D5="retain",D5=""),E5="statistical_results"),"","not_applicable") | J5: =IF(AND(OR(D5="retain",D5=""),E5="statistical_results"),"","not_applicable") | K5: =IF(AND(OR(D5="retain",D5=""),OR(E5="report_internal_inconsistency",E5="plan_material")),"","not_applicable") | L5: =IF(AND(OR(D5="retain",D5=""),E5="protocol_report"),"","not_applicable") | R5: Protocol Table 2 p12 (historical cohort data in the background): surfactant Grade 3 printed '20% (31/294)'; 31/294 = 10.5%. Grade 3 or death 91/294 minus deaths 31 = 60, and 60/294 = 20.4%, and 85+41+77+60+31 = 294, so the numerator is a typo for 60. Real slip, but it is in historical background data, not a design element of this trial (sample size uses NRN GDB rates, p25-26), so excluded.
A6: 2025::jama.2025.16450::C005 | B6: One nasal-cannula factor cell differs from the reproducible table relationship | C6: joi250072supp2_prod_1761000786.6938.pdf — Manual PDF p. 152, Appendix J Table 1: 0.125 LPM/1⁄8 LPM by 2.5 kg cell, all other 143 factor cells and nearest-input instructions; joi250072supp2_prod_1761000786.6938.pdf — manual PDF p. 154, Table 2: factor 4 and factor 5 at 100% oxygen. | D6: retain | E6: plan_material | F6: primary_done | G6: =IFERROR(IF(LEN(TRIM(CLEAN(SUBSTITUTE(Setup!$B$2,CHAR(160)," "))))=0,"CHECK REVIEWER ID",IF(OR(A6="",COUNTIF($A$2:$A$7,A6)<>1,LEFT(A6,LEN("2025::jama.2025.16450::"))<>"2025::jama.2025.16450::"),"CHECK KEY",IF(OR(AND(NOT(AND(D6="retain",E6="statistical_results")),H6<>"",NOT(EXACT(H6,"not_applicable"))),AND(NOT(AND(D6="retain",E6="statistical_results")),I6<>"",NOT(EXACT(I6,"not_applicable"))),AND(NOT(AND(D6="retain",E6="statistical_results")),J6<>"",NOT(EXACT(J6,"not_applicable"))),AND(NOT(AND(D6="retain",OR(E6="report_internal_inconsistency",E6="plan_material"))),K6<>"",NOT(EXACT(K6,"not_applicable"))),AND(NOT(AND(D6="retain",E6="protocol_report")),L6<>"",NOT(EXACT(L6,"not_applicable")))),"CLEAR INACTIVE VALUES",IF(OR(NOT(OR(EXACT(D6,"retain"),EXACT(D6,"exclude"),EXACT(D6,"discuss"))),NOT(OR(EXACT(E6,"statistical_results"),EXACT(E6,"report_internal_inconsistency"),EXACT(E6,"plan_material"),EXACT(E6,"protocol_report"))),AND(AND(D6="retain",E6="statistical_results"),NOT(OR(EXACT(H6,"confirmed_issue"),EXACT(H6,"probable_issue"),EXACT(H6,"not_issue"),EXACT(H6,"indeterminate")))),AND(AND(D6="retain",E6="statistical_results"),NOT(OR(EXACT(I6,"substantive"),EXACT(I6,"minor_presentation"),EXACT(I6,"indeterminate")))),AND(AND(D6="retain",E6="statistical_results"),J6<>"",NOT(OR(EXACT(J6,"direct"),EXACT(J6,"possible"),EXACT(J6,"unlikely"),EXACT(J6,"unknown")))),AND(AND(D6="retain",OR(E6="report_internal_inconsistency",E6="plan_material")),NOT(OR(EXACT(K6,"substantive_inconsistency"),EXACT(K6,"minor_presentation"),EXACT(K6,"non_inconsistency"),EXACT(K6,"indeterminate")))),AND(AND(D6="retain",E6="protocol_report"),L6<>"",NOT(OR(EXACT(L6,"substantive_difference"),EXACT(L6,"minor_presentation"),EXACT(L6,"version_timing"),EXACT(L6,"non_inconsistency"),EXACT(L6,"indeterminate"))))),"CHECK FIELDS",IF(AND(F6<>"",NOT(OR(EXACT(F6,"no"),EXACT(F6,"primary_done")))),"CHECK COMPLETE",IF(EXACT(F6,"primary_done"),"PRIMARY READY","PRIMARY DRAFT")))))),"CHECK INPUT / KEY") | H6: =IF(AND(OR(D6="retain",D6=""),E6="statistical_results"),"","not_applicable") | I6: =IF(AND(OR(D6="retain",D6=""),E6="statistical_results"),"","not_applicable") | J6: =IF(AND(OR(D6="retain",D6=""),E6="statistical_results"),"","not_applicable") | K6: minor_presentation | L6: =IF(AND(OR(D6="retain",D6=""),E6="protocol_report"),"","not_applicable") | R6: GDB Manual Appendix J Table 1 p152 (rendered and checked): factor = min(100, 100 x flow/weight) reproduces the table except in the 0.125 LPM row: 2.5 kg printed 4 (computed 5.0) and 4 kg printed 4 (computed 3.1); 1.0 kg prints 12 for 12.5. Table 2 p154 gives effective FiO2 24% vs 25% at 100% O2 for factor 4 vs 5. Real slip in the conversion table used to define physiologic BPD, but both affected values sit far below the 27-30% thresholds, so classification is unaffected.
A7: 2025::jama.2025.16450::C006 | B7: Sparse intervals described as exact reproduce a log-Wald pattern | C7: joi250072supp4_prod_1761000786.6988.pdf — Results PDF p. 5, eTable 3: AE endotracheal tube blockage, AE prolonged hypoxemia/bradycardia, SAE endotracheal tube blockage, SAE prolonged hypoxemia/bradycardia; joi250072supp4_prod_1761000786.6988.pdf — results PDF p. 6, eTable 3: SAE hyperglycemia, early-onset sepsis, late-onset sepsis and footnote b; joi250072supp4_prod_1761000786.6988.pdf — results PDF p. 7, eTable 4: PDA managed with surgery/cardiac catheterization; joi250072supp4_prod_1761000786.6988.pdf — results PDF p. 8, eTable 4 footnote b and nonmissing-denominator definition. | D7: retain | E7: statistical_results | F7: primary_done | G7: =IFERROR(IF(LEN(TRIM(CLEAN(SUBSTITUTE(Setup!$B$2,CHAR(160)," "))))=0,"CHECK REVIEWER ID",IF(OR(A7="",COUNTIF($A$2:$A$7,A7)<>1,LEFT(A7,LEN("2025::jama.2025.16450::"))<>"2025::jama.2025.16450::"),"CHECK KEY",IF(OR(AND(NOT(AND(D7="retain",E7="statistical_results")),H7<>"",NOT(EXACT(H7,"not_applicable"))),AND(NOT(AND(D7="retain",E7="statistical_results")),I7<>"",NOT(EXACT(I7,"not_applicable"))),AND(NOT(AND(D7="retain",E7="statistical_results")),J7<>"",NOT(EXACT(J7,"not_applicable"))),AND(NOT(AND(D7="retain",OR(E7="report_internal_inconsistency",E7="plan_material"))),K7<>"",NOT(EXACT(K7,"not_applicable"))),AND(NOT(AND(D7="retain",E7="protocol_report")),L7<>"",NOT(EXACT(L7,"not_applicable")))),"CLEAR INACTIVE VALUES",IF(OR(NOT(OR(EXACT(D7,"retain"),EXACT(D7,"exclude"),EXACT(D7,"discuss"))),NOT(OR(EXACT(E7,"statistical_results"),EXACT(E7,"report_internal_inconsistency"),EXACT(E7,"plan_material"),EXACT(E7,"protocol_report"))),AND(AND(D7="retain",E7="statistical_results"),NOT(OR(EXACT(H7,"confirmed_issue"),EXACT(H7,"probable_issue"),EXACT(H7,"not_issue"),EXACT(H7,"indeterminate")))),AND(AND(D7="retain",E7="statistical_results"),NOT(OR(EXACT(I7,"substantive"),EXACT(I7,"minor_presentation"),EXACT(I7,"indeterminate")))),AND(AND(D7="retain",E7="statistical_results"),J7<>"",NOT(OR(EXACT(J7,"direct"),EXACT(J7,"possible"),EXACT(J7,"unlikely"),EXACT(J7,"unknown")))),AND(AND(D7="retain",OR(E7="report_internal_inconsistency",E7="plan_material")),NOT(OR(EXACT(K7,"substantive_inconsistency"),EXACT(K7,"minor_presentation"),EXACT(K7,"non_inconsistency"),EXACT(K7,"indeterminate")))),AND(AND(D7="retain",E7="protocol_report"),L7<>"",NOT(OR(EXACT(L7,"substantive_difference"),EXACT(L7,"minor_presentation"),EXACT(L7,"version_timing"),EXACT(L7,"non_inconsistency"),EXACT(L7,"indeterminate"))))),"CHECK FIELDS",IF(AND(F7<>"",NOT(OR(EXACT(F7,"no"),EXACT(F7,"primary_done")))),"CHECK COMPLETE",IF(EXACT(F7,"primary_done"),"PRIMARY READY","PRIMARY DRAFT")))))),"CHECK INPUT / KEY") | H7: confirmed_issue | I7: minor_presentation | J7: possible | K7: =IF(AND(OR(D7="retain",D7=""),OR(E7="report_internal_inconsistency",E7="plan_material")),"","not_applicable") | L7: =IF(AND(OR(D7="retain",D7=""),E7="protocol_report"),"","not_applicable") | R7: eTable 3 p5-6 and eTable 4 p7-8 footnote b: crude ORs 'with exact 95% CIs'. All 8 marked rows reproduce log-Wald intervals, not exact (Fisher conditional) ones: e.g., PDA surgery 5/319 vs 3/308: printed 1.62 (0.38-6.83); Wald 0.384-6.833; exact 0.312-10.51. SAE ETT 1 vs 1: printed 0.06-15.66; Wald 0.061-15.61; exact 0.012-76.5. Method label wrong; intervals narrower than exact. All include 1, so no inference changes.

Sheet C_jama.2025.19563
A1: Candidate key | B1: Candidate title | C1: Source location | D1: Disposition | E1: Review domain (AI suggestion; editable) | F1: Complete | G1: Validation hint | H1: Statistical_or_numerical issue | I1: Substantiveness | J1: Downstream impact | K1: Report-internal or planning-material inconsistency | L1: Protocol interpretation | R1: Notes (optional)
A2: 2025::jama.2025.19563::C001 | B2: Added diabetes-range HbA1c primary-composite disqualifier | C2: joi250084supp1_prod_1765403089.61351.pdf — DOC-002 p6 synopsis; joi250084supp1_prod_1765403089.61351.pdf — p15 §3.2; joi250084supp1_prod_1765403089.61351.pdf — p86 incident-diabetes SAP-change row; jama_mathioudakis_2025_oi_250084_1765403089.60451.pdf — main p3 Outcomes; jama_mathioudakis_2025_oi_250084_1765403089.60451.pdf — p4 Primary Analysis; joi250084supp2_prod_1765403089.61751.pdf — DOC-003 p29 eTable13 method begins; joi250084supp2_prod_1765403089.61751.pdf — p30 method continuation; joi250084supp2_prod_1765403089.61751.pdf — p56 eTable13 | D2: retain | E2: protocol_report | F2: primary_done | G2: =IFERROR(IF(LEN(TRIM(CLEAN(SUBSTITUTE(Setup!$B$2,CHAR(160)," "))))=0,"CHECK REVIEWER ID",IF(OR(A2="",COUNTIF($A$2:$A$14,A2)<>1,LEFT(A2,LEN("2025::jama.2025.19563::"))<>"2025::jama.2025.19563::"),"CHECK KEY",IF(OR(AND(NOT(AND(D2="retain",E2="statistical_results")),H2<>"",NOT(EXACT(H2,"not_applicable"))),AND(NOT(AND(D2="retain",E2="statistical_results")),I2<>"",NOT(EXACT(I2,"not_applicable"))),AND(NOT(AND(D2="retain",E2="statistical_results")),J2<>"",NOT(EXACT(J2,"not_applicable"))),AND(NOT(AND(D2="retain",OR(E2="report_internal_inconsistency",E2="plan_material"))),K2<>"",NOT(EXACT(K2,"not_applicable"))),AND(NOT(AND(D2="retain",E2="protocol_report")),L2<>"",NOT(EXACT(L2,"not_applicable")))),"CLEAR INACTIVE VALUES",IF(OR(NOT(OR(EXACT(D2,"retain"),EXACT(D2,"exclude"),EXACT(D2,"discuss"))),NOT(OR(EXACT(E2,"statistical_results"),EXACT(E2,"report_internal_inconsistency"),EXACT(E2,"plan_material"),EXACT(E2,"protocol_report"))),AND(AND(D2="retain",E2="statistical_results"),NOT(OR(EXACT(H2,"confirmed_issue"),EXACT(H2,"probable_issue"),EXACT(H2,"not_issue"),EXACT(H2,"indeterminate")))),AND(AND(D2="retain",E2="statistical_results"),NOT(OR(EXACT(I2,"substantive"),EXACT(I2,"minor_presentation"),EXACT(I2,"indeterminate")))),AND(AND(D2="retain",E2="statistical_results"),J2<>"",NOT(OR(EXACT(J2,"direct"),EXACT(J2,"possible"),EXACT(J2,"unlikely"),EXACT(J2,"unknown")))),AND(AND(D2="retain",OR(E2="report_internal_inconsistency",E2="plan_material")),NOT(OR(EXACT(K2,"substantive_inconsistency"),EXACT(K2,"minor_presentation"),EXACT(K2,"non_inconsistency"),EXACT(K2,"indeterminate")))),AND(AND(D2="retain",E2="protocol_report"),L2<>"",NOT(OR(EXACT(L2,"substantive_difference"),EXACT(L2,"minor_presentation"),EXACT(L2,"version_timing"),EXACT(L2,"non_inconsistency"),EXACT(L2,"indeterminate"))))),"CHECK FIELDS",IF(AND(F2<>"",NOT(OR(EXACT(F2,"no"),EXACT(F2,"primary_done")))),"CHECK COMPLETE",IF(EXACT(F2,"primary_done"),"PRIMARY READY","PRIMARY DRAFT")))))),"CHECK INPUT / KEY") | H2: =IF(AND(OR(D2="retain",D2=""),E2="statistical_results"),"","not_applicable") | I2: =IF(AND(OR(D2="retain",D2=""),E2="statistical_results"),"","not_applicable") | J2: =IF(AND(OR(D2="retain",D2=""),E2="statistical_results"),"","not_applicable") | K2: =IF(AND(OR(D2="retain",D2=""),OR(E2="report_internal_inconsistency",E2="plan_material")),"","not_applicable") | L2: substantive_difference | R2: Protocol synopsis p6 and §3.2 p15: primary endpoint = any of >=5% weight loss, >=4% weight loss + >=150 min/wk PA, or >=0.2% HbA1c reduction. Article p1/p3/p4: composite additionally requires maintaining HbA1c <6.5% throughout. Disclosed in the 'Summary of Changes to SAP' (supp1 p86: incident diabetes 'was not prespecified' as failure) and eTable 13 (15 participants with diabetes-range HbA1c). The article presents it as the primary outcome without labeling the added condition as post hoc.
A3: 2025::jama.2025.19563::C002 | B3: Primary PA window and endpoint-specific mapping | C3: joi250084supp1_prod_1765403089.61351.pdf — DOC-002 p6 synopsis; joi250084supp1_prod_1765403089.61351.pdf — p15 §3.2; joi250084supp1_prod_1765403089.61351.pdf — p80 version 1.4 amendment begins; joi250084supp1_prod_1765403089.61351.pdf — p81 continuation; jama_mathioudakis_2025_oi_250084_1765403089.60451.pdf — main p3 primary branch; jama_mathioudakis_2025_oi_250084_1765403089.60451.pdf — p7 Figure2; joi250084supp2_prod_1765403089.61751.pdf — DOC-003 p13 Aggregation; joi250084supp2_prod_1765403089.61751.pdf — p49 postbaseline assessments | D3: retain | E3: protocol_report | F3: primary_done | G3: =IFERROR(IF(LEN(TRIM(CLEAN(SUBSTITUTE(Setup!$B$2,CHAR(160)," "))))=0,"CHECK REVIEWER ID",IF(OR(A3="",COUNTIF($A$2:$A$14,A3)<>1,LEFT(A3,LEN("2025::jama.2025.19563::"))<>"2025::jama.2025.19563::"),"CHECK KEY",IF(OR(AND(NOT(AND(D3="retain",E3="statistical_results")),H3<>"",NOT(EXACT(H3,"not_applicable"))),AND(NOT(AND(D3="retain",E3="statistical_results")),I3<>"",NOT(EXACT(I3,"not_applicable"))),AND(NOT(AND(D3="retain",E3="statistical_results")),J3<>"",NOT(EXACT(J3,"not_applicable"))),AND(NOT(AND(D3="retain",OR(E3="report_internal_inconsistency",E3="plan_material"))),K3<>"",NOT(EXACT(K3,"not_applicable"))),AND(NOT(AND(D3="retain",E3="protocol_report")),L3<>"",NOT(EXACT(L3,"not_applicable")))),"CLEAR INACTIVE VALUES",IF(OR(NOT(OR(EXACT(D3,"retain"),EXACT(D3,"exclude"),EXACT(D3,"discuss"))),NOT(OR(EXACT(E3,"statistical_results"),EXACT(E3,"report_internal_inconsistency"),EXACT(E3,"plan_material"),EXACT(E3,"protocol_report"))),AND(AND(D3="retain",E3="statistical_results"),NOT(OR(EXACT(H3,"confirmed_issue"),EXACT(H3,"probable_issue"),EXACT(H3,"not_issue"),EXACT(H3,"indeterminate")))),AND(AND(D3="retain",E3="statistical_results"),NOT(OR(EXACT(I3,"substantive"),EXACT(I3,"minor_presentation"),EXACT(I3,"indeterminate")))),AND(AND(D3="retain",E3="statistical_results"),J3<>"",NOT(OR(EXACT(J3,"direct"),EXACT(J3,"possible"),EXACT(J3,"unlikely"),EXACT(J3,"unknown")))),AND(AND(D3="retain",OR(E3="report_internal_inconsistency",E3="plan_material")),NOT(OR(EXACT(K3,"substantive_inconsistency"),EXACT(K3,"minor_presentation"),EXACT(K3,"non_inconsistency"),EXACT(K3,"indeterminate")))),AND(AND(D3="retain",E3="protocol_report"),L3<>"",NOT(OR(EXACT(L3,"substantive_difference"),EXACT(L3,"minor_presentation"),EXACT(L3,"version_timing"),EXACT(L3,"non_inconsistency"),EXACT(L3,"indeterminate"))))),"CHECK FIELDS",IF(AND(F3<>"",NOT(OR(EXACT(F3,"no"),EXACT(F3,"primary_done")))),"CHECK COMPLETE",IF(EXACT(F3,"primary_done"),"PRIMARY READY","PRIMARY DRAFT")))))),"CHECK INPUT / KEY") | H3: =IF(AND(OR(D3="retain",D3=""),E3="statistical_results"),"","not_applicable") | I3: =IF(AND(OR(D3="retain",D3=""),E3="statistical_results"),"","not_applicable") | J3: =IF(AND(OR(D3="retain",D3=""),E3="statistical_results"),"","not_applicable") | K3: =IF(AND(OR(D3="retain",D3=""),OR(E3="report_internal_inconsistency",E3="plan_material")),"","not_applicable") | L3: substantive_difference | R3: Protocol p6 and §3.2 p15 (post-amendment 1.4 text): PA branch = average >=150 min/wk over months 6-11 from monthly actigraphy. Supp2 p13: weekly MVPA summed over all valid periods and divided by available periods 'maximum of 11 post-baseline visits', i.e., averaged 'throughout the 12-month follow-up period'. Article p3/Figure 3 do not state a 6-11 window. Not listed in the SAP-change table (p86-87).
A4: 2025::jama.2025.19563::C003 | B4: Primary HbA1c branch restricted to baseline subset | C4: joi250084supp1_prod_1765403089.61351.pdf — DOC-002 p15 original §3.2; joi250084supp1_prod_1765403089.61351.pdf — p80 version 1.4 modification begins; joi250084supp1_prod_1765403089.61351.pdf — p81 subset and eligibility continuation; jama_mathioudakis_2025_oi_250084_1765403089.60451.pdf — main p3 Outcomes; jama_mathioudakis_2025_oi_250084_1765403089.60451.pdf — p7 Figure2 row/footnote | D4: exclude | E4: protocol_report | F4: primary_done | G4: =IFERROR(IF(LEN(TRIM(CLEAN(SUBSTITUTE(Setup!$B$2,CHAR(160)," "))))=0,"CHECK REVIEWER ID",IF(OR(A4="",COUNTIF($A$2:$A$14,A4)<>1,LEFT(A4,LEN("2025::jama.2025.19563::"))<>"2025::jama.2025.19563::"),"CHECK KEY",IF(OR(AND(NOT(AND(D4="retain",E4="statistical_results")),H4<>"",NOT(EXACT(H4,"not_applicable"))),AND(NOT(AND(D4="retain",E4="statistical_results")),I4<>"",NOT(EXACT(I4,"not_applicable"))),AND(NOT(AND(D4="retain",E4="statistical_results")),J4<>"",NOT(EXACT(J4,"not_applicable"))),AND(NOT(AND(D4="retain",OR(E4="report_internal_inconsistency",E4="plan_material"))),K4<>"",NOT(EXACT(K4,"not_applicable"))),AND(NOT(AND(D4="retain",E4="protocol_report")),L4<>"",NOT(EXACT(L4,"not_applicable")))),"CLEAR INACTIVE VALUES",IF(OR(NOT(OR(EXACT(D4,"retain"),EXACT(D4,"exclude"),EXACT(D4,"discuss"))),NOT(OR(EXACT(E4,"statistical_results"),EXACT(E4,"report_internal_inconsistency"),EXACT(E4,"plan_material"),EXACT(E4,"protocol_report"))),AND(AND(D4="retain",E4="statistical_results"),NOT(OR(EXACT(H4,"confirmed_issue"),EXACT(H4,"probable_issue"),EXACT(H4,"not_issue"),EXACT(H4,"indeterminate")))),AND(AND(D4="retain",E4="statistical_results"),NOT(OR(EXACT(I4,"substantive"),EXACT(I4,"minor_presentation"),EXACT(I4,"indeterminate")))),AND(AND(D4="retain",E4="statistical_results"),J4<>"",NOT(OR(EXACT(J4,"direct"),EXACT(J4,"possible"),EXACT(J4,"unlikely"),EXACT(J4,"unknown")))),AND(AND(D4="retain",OR(E4="report_internal_inconsistency",E4="plan_material")),NOT(OR(EXACT(K4,"substantive_inconsistency"),EXACT(K4,"minor_presentation"),EXACT(K4,"non_inconsistency"),EXACT(K4,"indeterminate")))),AND(AND(D4="retain",E4="protocol_report"),L4<>"",NOT(OR(EXACT(L4,"substantive_difference"),EXACT(L4,"minor_presentation"),EXACT(L4,"version_timing"),EXACT(L4,"non_inconsistency"),EXACT(L4,"indeterminate"))))),"CHECK FIELDS",IF(AND(F4<>"",NOT(OR(EXACT(F4,"no"),EXACT(F4,"primary_done")))),"CHECK COMPLETE",IF(EXACT(F4,"primary_done"),"PRIMARY READY","PRIMARY DRAFT")))))),"CHECK INPUT / KEY") | H4: =IF(AND(OR(D4="retain",D4=""),E4="statistical_results"),"","not_applicable") | I4: =IF(AND(OR(D4="retain",D4=""),E4="statistical_results"),"","not_applicable") | J4: =IF(AND(OR(D4="retain",D4=""),E4="statistical_results"),"","not_applicable") | K4: =IF(AND(OR(D4="retain",D4=""),OR(E4="report_internal_inconsistency",E4="plan_material")),"","not_applicable") | L4: =IF(AND(OR(D4="retain",D4=""),E4="protocol_report"),"","not_applicable") | R4: The original §3.2 HbA1c branch had no baseline restriction, but protocol amendment v1.4 (28 Mar 2022, supp1 pp80-81) limited the HbA1c-change measure to baseline HbA1c 5.7-6.4% (and changed stratification). Article p3 and Figure 2 footnote c (n=130/130) implement exactly this amended definition. Report agrees with the operative amended plan; the dated sequence is documented, so no plan-report difference remains.
A5: 2025::jama.2025.19563::C004 | B5: Primary exclusions replaced by all-randomized failure assignment | C5: joi250084supp1_prod_1765403089.61351.pdf — DOC-002 p37 §9.3; joi250084supp1_prod_1765403089.61351.pdf — p86 first SAP-change row; jama_mathioudakis_2025_oi_250084_1765403089.60451.pdf — main p4 primary methods/results; jama_mathioudakis_2025_oi_250084_1765403089.60451.pdf — p5 Figure1; joi250084supp2_prod_1765403089.61751.pdf — DOC-003 p27 primary cohort; joi250084supp2_prod_1765403089.61751.pdf — p50 eTable8c | D5: retain | E5: protocol_report | F5: primary_done | G5: =IFERROR(IF(LEN(TRIM(CLEAN(SUBSTITUTE(Setup!$B$2,CHAR(160)," "))))=0,"CHECK REVIEWER ID",IF(OR(A5="",COUNTIF($A$2:$A$14,A5)<>1,LEFT(A5,LEN("2025::jama.2025.19563::"))<>"2025::jama.2025.19563::"),"CHECK KEY",IF(OR(AND(NOT(AND(D5="retain",E5="statistical_results")),H5<>"",NOT(EXACT(H5,"not_applicable"))),AND(NOT(AND(D5="retain",E5="statistical_results")),I5<>"",NOT(EXACT(I5,"not_applicable"))),AND(NOT(AND(D5="retain",E5="statistical_results")),J5<>"",NOT(EXACT(J5,"not_applicable"))),AND(NOT(AND(D5="retain",OR(E5="report_internal_inconsistency",E5="plan_material"))),K5<>"",NOT(EXACT(K5,"not_applicable"))),AND(NOT(AND(D5="retain",E5="protocol_report")),L5<>"",NOT(EXACT(L5,"not_applicable")))),"CLEAR INACTIVE VALUES",IF(OR(NOT(OR(EXACT(D5,"retain"),EXACT(D5,"exclude"),EXACT(D5,"discuss"))),NOT(OR(EXACT(E5,"statistical_results"),EXACT(E5,"report_internal_inconsistency"),EXACT(E5,"plan_material"),EXACT(E5,"protocol_report"))),AND(AND(D5="retain",E5="statistical_results"),NOT(OR(EXACT(H5,"confirmed_issue"),EXACT(H5,"probable_issue"),EXACT(H5,"not_issue"),EXACT(H5,"indeterminate")))),AND(AND(D5="retain",E5="statistical_results"),NOT(OR(EXACT(I5,"substantive"),EXACT(I5,"minor_presentation"),EXACT(I5,"indeterminate")))),AND(AND(D5="retain",E5="statistical_results"),J5<>"",NOT(OR(EXACT(J5,"direct"),EXACT(J5,"possible"),EXACT(J5,"unlikely"),EXACT(J5,"unknown")))),AND(AND(D5="retain",OR(E5="report_internal_inconsistency",E5="plan_material")),NOT(OR(EXACT(K5,"substantive_inconsistency"),EXACT(K5,"minor_presentation"),EXACT(K5,"non_inconsistency"),EXACT(K5,"indeterminate")))),AND(AND(D5="retain",E5="protocol_report"),L5<>"",NOT(OR(EXACT(L5,"substantive_difference"),EXACT(L5,"minor_presentation"),EXACT(L5,"version_timing"),EXACT(L5,"non_inconsistency"),EXACT(L5,"indeterminate"))))),"CHECK FIELDS",IF(AND(F5<>"",NOT(OR(EXACT(F5,"no"),EXACT(F5,"primary_done")))),"CHECK COMPLETE",IF(EXACT(F5,"primary_done"),"PRIMARY READY","PRIMARY DRAFT")))))),"CHECK INPUT / KEY") | H5: =IF(AND(OR(D5="retain",D5=""),E5="statistical_results"),"","not_applicable") | I5: =IF(AND(OR(D5="retain",D5=""),E5="statistical_results"),"","not_applicable") | J5: =IF(AND(OR(D5="retain",D5=""),E5="statistical_results"),"","not_applicable") | K5: =IF(AND(OR(D5="retain",D5=""),OR(E5="report_internal_inconsistency",E5="plan_material")),"","not_applicable") | L5: substantive_difference | R5: Protocol §9.3 p37: effectiveness analyses exclude participants who withdraw or withdraw consent. Report p4: all 368 randomized analyzed, missing 12-month visit (26 AI, 29 human) classified as failure. Disclosed in supp1 p86 SAP-change table ('Primary analysis on population excluding those who withdrew or lacked 12-month data' changed to all randomized with failures). Disclosed.
A6: 2025::jama.2025.19563::C005 | B6: Clustered logistic primary model replaced by binomial RD regression | C6: joi250084supp1_prod_1765403089.61351.pdf — DOC-002 p37 §9.4.1; joi250084supp1_prod_1765403089.61351.pdf — p38 §9.4.7; joi250084supp1_prod_1765403089.61351.pdf — p86 model change; jama_mathioudakis_2025_oi_250084_1765403089.60451.pdf — main p4 primary model and sensitivity 5; joi250084supp2_prod_1765403089.61751.pdf — DOC-003 p31 cluster methods; joi250084supp2_prod_1765403089.61751.pdf — p62 eTables19a–b | D6: retain | E6: protocol_report | F6: primary_done | G6: =IFERROR(IF(LEN(TRIM(CLEAN(SUBSTITUTE(Setup!$B$2,CHAR(160)," "))))=0,"CHECK REVIEWER ID",IF(OR(A6="",COUNTIF($A$2:$A$14,A6)<>1,LEFT(A6,LEN("2025::jama.2025.19563::"))<>"2025::jama.2025.19563::"),"CHECK KEY",IF(OR(AND(NOT(AND(D6="retain",E6="statistical_results")),H6<>"",NOT(EXACT(H6,"not_applicable"))),AND(NOT(AND(D6="retain",E6="statistical_results")),I6<>"",NOT(EXACT(I6,"not_applicable"))),AND(NOT(AND(D6="retain",E6="statistical_results")),J6<>"",NOT(EXACT(J6,"not_applicable"))),AND(NOT(AND(D6="retain",OR(E6="report_internal_inconsistency",E6="plan_material"))),K6<>"",NOT(EXACT(K6,"not_applicable"))),AND(NOT(AND(D6="retain",E6="protocol_report")),L6<>"",NOT(EXACT(L6,"not_applicable")))),"CLEAR INACTIVE VALUES",IF(OR(NOT(OR(EXACT(D6,"retain"),EXACT(D6,"exclude"),EXACT(D6,"discuss"))),NOT(OR(EXACT(E6,"statistical_results"),EXACT(E6,"report_internal_inconsistency"),EXACT(E6,"plan_material"),EXACT(E6,"protocol_report"))),AND(AND(D6="retain",E6="statistical_results"),NOT(OR(EXACT(H6,"confirmed_issue"),EXACT(H6,"probable_issue"),EXACT(H6,"not_issue"),EXACT(H6,"indeterminate")))),AND(AND(D6="retain",E6="statistical_results"),NOT(OR(EXACT(I6,"substantive"),EXACT(I6,"minor_presentation"),EXACT(I6,"indeterminate")))),AND(AND(D6="retain",E6="statistical_results"),J6<>"",NOT(OR(EXACT(J6,"direct"),EXACT(J6,"possible"),EXACT(J6,"unlikely"),EXACT(J6,"unknown")))),AND(AND(D6="retain",OR(E6="report_internal_inconsistency",E6="plan_material")),NOT(OR(EXACT(K6,"substantive_inconsistency"),EXACT(K6,"minor_presentation"),EXACT(K6,"non_inconsistency"),EXACT(K6,"indeterminate")))),AND(AND(D6="retain",E6="protocol_report"),L6<>"",NOT(OR(EXACT(L6,"substantive_difference"),EXACT(L6,"minor_presentation"),EXACT(L6,"version_timing"),EXACT(L6,"non_inconsistency"),EXACT(L6,"indeterminate"))))),"CHECK FIELDS",IF(AND(F6<>"",NOT(OR(EXACT(F6,"no"),EXACT(F6,"primary_done")))),"CHECK COMPLETE",IF(EXACT(F6,"primary_done"),"PRIMARY READY","PRIMARY DRAFT")))))),"CHECK INPUT / KEY") | H6: =IF(AND(OR(D6="retain",D6=""),E6="statistical_results"),"","not_applicable") | I6: =IF(AND(OR(D6="retain",D6=""),E6="statistical_results"),"","not_applicable") | J6: =IF(AND(OR(D6="retain",D6=""),E6="statistical_results"),"","not_applicable") | K6: =IF(AND(OR(D6="retain",D6=""),OR(E6="report_internal_inconsistency",E6="plan_material")),"","not_applicable") | L6: substantive_difference | R6: Protocol §9.4.1/§9.4.7-8 pp37-38: mixed-effects logistic regression for binary primary and secondary outcomes (site effects). Report p4: unadjusted binomial regression for the risk difference; clustering only in post hoc cluster-robust sensitivity analyses (eTable 19a-b). Disclosed in supp1 p86 change table.
A7: 2025::jama.2025.19563::C006 | B7: Primary PA missing-data procedure and linked sensitivity replaced | C7: joi250084supp1_prod_1765403089.61351.pdf — DOC-002 p38 §9.4.2; joi250084supp1_prod_1765403089.61351.pdf — p39 §9.4.8 continuation; joi250084supp1_prod_1765403089.61351.pdf — p86 missing-PA change; jama_mathioudakis_2025_oi_250084_1765403089.60451.pdf — main p4 sensitivities; joi250084supp2_prod_1765403089.61751.pdf — DOC-003 p13 PA processing; joi250084supp2_prod_1765403089.61751.pdf — p30 eTables16–18 descriptions; joi250084supp2_prod_1765403089.61751.pdf — p49 eTable8b; joi250084supp2_prod_1765403089.61751.pdf — p59 MI sensitivity; joi250084supp2_prod_1765403089.61751.pdf — p60 MNAR sensitivity; joi250084supp2_prod_1765403089.61751.pdf — p61 two PA sensitivities | D7: retain | E7: protocol_report | F7: primary_done | G7: =IFERROR(IF(LEN(TRIM(CLEAN(SUBSTITUTE(Setup!$B$2,CHAR(160)," "))))=0,"CHECK REVIEWER ID",IF(OR(A7="",COUNTIF($A$2:$A$14,A7)<>1,LEFT(A7,LEN("2025::jama.2025.19563::"))<>"2025::jama.2025.19563::"),"CHECK KEY",IF(OR(AND(NOT(AND(D7="retain",E7="statistical_results")),H7<>"",NOT(EXACT(H7,"not_applicable"))),AND(NOT(AND(D7="retain",E7="statistical_results")),I7<>"",NOT(EXACT(I7,"not_applicable"))),AND(NOT(AND(D7="retain",E7="statistical_results")),J7<>"",NOT(EXACT(J7,"not_applicable"))),AND(NOT(AND(D7="retain",OR(E7="report_internal_inconsistency",E7="plan_material"))),K7<>"",NOT(EXACT(K7,"not_applicable"))),AND(NOT(AND(D7="retain",E7="protocol_report")),L7<>"",NOT(EXACT(L7,"not_applicable")))),"CLEAR INACTIVE VALUES",IF(OR(NOT(OR(EXACT(D7,"retain"),EXACT(D7,"exclude"),EXACT(D7,"discuss"))),NOT(OR(EXACT(E7,"statistical_results"),EXACT(E7,"report_internal_inconsistency"),EXACT(E7,"plan_material"),EXACT(E7,"protocol_report"))),AND(AND(D7="retain",E7="statistical_results"),NOT(OR(EXACT(H7,"confirmed_issue"),EXACT(H7,"probable_issue"),EXACT(H7,"not_issue"),EXACT(H7,"indeterminate")))),AND(AND(D7="retain",E7="statistical_results"),NOT(OR(EXACT(I7,"substantive"),EXACT(I7,"minor_presentation"),EXACT(I7,"indeterminate")))),AND(AND(D7="retain",E7="statistical_results"),J7<>"",NOT(OR(EXACT(J7,"direct"),EXACT(J7,"possible"),EXACT(J7,"unlikely"),EXACT(J7,"unknown")))),AND(AND(D7="retain",OR(E7="report_internal_inconsistency",E7="plan_material")),NOT(OR(EXACT(K7,"substantive_inconsistency"),EXACT(K7,"minor_presentation"),EXACT(K7,"non_inconsistency"),EXACT(K7,"indeterminate")))),AND(AND(D7="retain",E7="protocol_report"),L7<>"",NOT(OR(EXACT(L7,"substantive_difference"),EXACT(L7,"minor_presentation"),EXACT(L7,"version_timing"),EXACT(L7,"non_inconsistency"),EXACT(L7,"indeterminate"))))),"CHECK FIELDS",IF(AND(F7<>"",NOT(OR(EXACT(F7,"no"),EXACT(F7,"primary_done")))),"CHECK COMPLETE",IF(EXACT(F7,"primary_done"),"PRIMARY READY","PRIMARY DRAFT")))))),"CHECK INPUT / KEY") | H7: =IF(AND(OR(D7="retain",D7=""),E7="statistical_results"),"","not_applicable") | I7: =IF(AND(OR(D7="retain",D7=""),E7="statistical_results"),"","not_applicable") | J7: =IF(AND(OR(D7="retain",D7=""),E7="statistical_results"),"","not_applicable") | K7: =IF(AND(OR(D7="retain",D7=""),OR(E7="report_internal_inconsistency",E7="plan_material")),"","not_applicable") | L7: substantive_difference | R7: Protocol §9.4.2 p38 and §9.4.8 p39: if >5% of PA data missing, primary analysis uses multiple imputation, with a complete-case sensitivity analysis (100% PA data). Report: missing actigraphy weeks assigned 0 min (supp2 p13, eTable 8b p49, missingness 9.3%-35.1% by month); sensitivity analyses are best-case/all-attain PA (eTable 18a-b) and MI of missing 12-month outcomes (eTable 16), not the planned ones. Disclosed in supp1 p86.
A8: 2025::jama.2025.19563::C007 | B8: Program-completer analysis replaced by complete-data/no-medication cohort | C8: joi250084supp1_prod_1765403089.61351.pdf — DOC-002 p16 §3.3 completion criteria; joi250084supp1_prod_1765403089.61351.pdf — p37 §9.3; joi250084supp1_prod_1765403089.61351.pdf — p86 PP change starts; joi250084supp1_prod_1765403089.61351.pdf — p87 continuation; jama_mathioudakis_2025_oi_250084_1765403089.60451.pdf — main p4 restricted analysis; jama_mathioudakis_2025_oi_250084_1765403089.60451.pdf — p9 Figure4; joi250084supp2_prod_1765403089.61751.pdf — DOC-003 p27 cohort definition; joi250084supp2_prod_1765403089.61751.pdf — p58 eTable15 | D8: retain | E8: protocol_report | F8: primary_done | G8: =IFERROR(IF(LEN(TRIM(CLEAN(SUBSTITUTE(Setup!$B$2,CHAR(160)," "))))=0,"CHECK REVIEWER ID",IF(OR(A8="",COUNTIF($A$2:$A$14,A8)<>1,LEFT(A8,LEN("2025::jama.2025.19563::"))<>"2025::jama.2025.19563::"),"CHECK KEY",IF(OR(AND(NOT(AND(D8="retain",E8="statistical_results")),H8<>"",NOT(EXACT(H8,"not_applicable"))),AND(NOT(AND(D8="retain",E8="statistical_results")),I8<>"",NOT(EXACT(I8,"not_applicable"))),AND(NOT(AND(D8="retain",E8="statistical_results")),J8<>"",NOT(EXACT(J8,"not_applicable"))),AND(NOT(AND(D8="retain",OR(E8="report_internal_inconsistency",E8="plan_material"))),K8<>"",NOT(EXACT(K8,"not_applicable"))),AND(NOT(AND(D8="retain",E8="protocol_report")),L8<>"",NOT(EXACT(L8,"not_applicable")))),"CLEAR INACTIVE VALUES",IF(OR(NOT(OR(EXACT(D8,"retain"),EXACT(D8,"exclude"),EXACT(D8,"discuss"))),NOT(OR(EXACT(E8,"statistical_results"),EXACT(E8,"report_internal_inconsistency"),EXACT(E8,"plan_material"),EXACT(E8,"protocol_report"))),AND(AND(D8="retain",E8="statistical_results"),NOT(OR(EXACT(H8,"confirmed_issue"),EXACT(H8,"probable_issue"),EXACT(H8,"not_issue"),EXACT(H8,"indeterminate")))),AND(AND(D8="retain",E8="statistical_results"),NOT(OR(EXACT(I8,"substantive"),EXACT(I8,"minor_presentation"),EXACT(I8,"indeterminate")))),AND(AND(D8="retain",E8="statistical_results"),J8<>"",NOT(OR(EXACT(J8,"direct"),EXACT(J8,"possible"),EXACT(J8,"unlikely"),EXACT(J8,"unknown")))),AND(AND(D8="retain",OR(E8="report_internal_inconsistency",E8="plan_material")),NOT(OR(EXACT(K8,"substantive_inconsistency"),EXACT(K8,"minor_presentation"),EXACT(K8,"non_inconsistency"),EXACT(K8,"indeterminate")))),AND(AND(D8="retain",E8="protocol_report"),L8<>"",NOT(OR(EXACT(L8,"substantive_difference"),EXACT(L8,"minor_presentation"),EXACT(L8,"version_timing"),EXACT(L8,"non_inconsistency"),EXACT(L8,"indeterminate"))))),"CHECK FIELDS",IF(AND(F8<>"",NOT(OR(EXACT(F8,"no"),EXACT(F8,"primary_done")))),"CHECK COMPLETE",IF(EXACT(F8,"primary_done"),"PRIMARY READY","PRIMARY DRAFT")))))),"CHECK INPUT / KEY") | H8: =IF(AND(OR(D8="retain",D8=""),E8="statistical_results"),"","not_applicable") | I8: =IF(AND(OR(D8="retain",D8=""),E8="statistical_results"),"","not_applicable") | J8: =IF(AND(OR(D8="retain",D8=""),E8="statistical_results"),"","not_applicable") | K8: =IF(AND(OR(D8="retain",D8=""),OR(E8="report_internal_inconsistency",E8="plan_material")),"","not_applicable") | L8: substantive_difference | R8: Protocol §3.3 p16 and §9.3 p37: per-protocol analysis among program completers (CDC engagement definition). Report p4, Figure 1, eTable 15: 'restricted analysis' in participants with 12-month data who did not start prohibited medications (151 + 149 = 300). Program completers (117 + 93 = 210) are a different set. Disclosed in supp1 pp86-87.
A9: 2025::jama.2025.19563::C008 | B9: Recruitment-pool portal percentages and counts | C9: joi250084supp1_prod_1765403089.61351.pdf — DOC-002 p18, Table 1 and §5.5.1 paragraph; joi250084supp1_prod_1765403089.61351.pdf — DOC-002 p18 Table1 Johns Hopkins: 13,910/21,346 (56%); joi250084supp1_prod_1765403089.61351.pdf — DOC-002 p18 Table1 Reading: 4,892/8,751 (60%); joi250084supp1_prod_1765403089.61351.pdf — DOC-002 p18 §5.5.1 paragraph: 13,910/21,410 (56%) | D9: exclude | E9: plan_material | F9: primary_done | G9: =IFERROR(IF(LEN(TRIM(CLEAN(SUBSTITUTE(Setup!$B$2,CHAR(160)," "))))=0,"CHECK REVIEWER ID",IF(OR(A9="",COUNTIF($A$2:$A$14,A9)<>1,LEFT(A9,LEN("2025::jama.2025.19563::"))<>"2025::jama.2025.19563::"),"CHECK KEY",IF(OR(AND(NOT(AND(D9="retain",E9="statistical_results")),H9<>"",NOT(EXACT(H9,"not_applicable"))),AND(NOT(AND(D9="retain",E9="statistical_results")),I9<>"",NOT(EXACT(I9,"not_applicable"))),AND(NOT(AND(D9="retain",E9="statistical_results")),J9<>"",NOT(EXACT(J9,"not_applicable"))),AND(NOT(AND(D9="retain",OR(E9="report_internal_inconsistency",E9="plan_material"))),K9<>"",NOT(EXACT(K9,"not_applicable"))),AND(NOT(AND(D9="retain",E9="protocol_report")),L9<>"",NOT(EXACT(L9,"not_applicable")))),"CLEAR INACTIVE VALUES",IF(OR(NOT(OR(EXACT(D9,"retain"),EXACT(D9,"exclude"),EXACT(D9,"discuss"))),NOT(OR(EXACT(E9,"statistical_results"),EXACT(E9,"report_internal_inconsistency"),EXACT(E9,"plan_material"),EXACT(E9,"protocol_report"))),AND(AND(D9="retain",E9="statistical_results"),NOT(OR(EXACT(H9,"confirmed_issue"),EXACT(H9,"probable_issue"),EXACT(H9,"not_issue"),EXACT(H9,"indeterminate")))),AND(AND(D9="retain",E9="statistical_results"),NOT(OR(EXACT(I9,"substantive"),EXACT(I9,"minor_presentation"),EXACT(I9,"indeterminate")))),AND(AND(D9="retain",E9="statistical_results"),J9<>"",NOT(OR(EXACT(J9,"direct"),EXACT(J9,"possible"),EXACT(J9,"unlikely"),EXACT(J9,"unknown")))),AND(AND(D9="retain",OR(E9="report_internal_inconsistency",E9="plan_material")),NOT(OR(EXACT(K9,"substantive_inconsistency"),EXACT(K9,"minor_presentation"),EXACT(K9,"non_inconsistency"),EXACT(K9,"indeterminate")))),AND(AND(D9="retain",E9="protocol_report"),L9<>"",NOT(OR(EXACT(L9,"substantive_difference"),EXACT(L9,"minor_presentation"),EXACT(L9,"version_timing"),EXACT(L9,"non_inconsistency"),EXACT(L9,"indeterminate"))))),"CHECK FIELDS",IF(AND(F9<>"",NOT(OR(EXACT(F9,"no"),EXACT(F9,"primary_done")))),"CHECK COMPLETE",IF(EXACT(F9,"primary_done"),"PRIMARY READY","PRIMARY DRAFT")))))),"CHECK INPUT / KEY") | H9: =IF(AND(OR(D9="retain",D9=""),E9="statistical_results"),"","not_applicable") | I9: =IF(AND(OR(D9="retain",D9=""),E9="statistical_results"),"","not_applicable") | J9: =IF(AND(OR(D9="retain",D9=""),E9="statistical_results"),"","not_applicable") | K9: =IF(AND(OR(D9="retain",D9=""),OR(E9="report_internal_inconsistency",E9="plan_material")),"","not_applicable") | L9: =IF(AND(OR(D9="retain",D9=""),E9="protocol_report"),"","not_applicable") | R9: Protocol §5.5.1 p18 (OCR): 13,910/21,346 printed 56% (computed 65.2%); text 13,910/21,410 printed 56% (65.0%); Reading 4,892/8,751 printed 60% (55.9%). Errors are real (and 21,410 vs 21,346 differ), but they concern the EMR recruitment pool in a feasibility paragraph, not a statistical design element used by the reported analysis. Excluded.
A10: 2025::jama.2025.19563::C009 | B10: Interpolated PA vector and printed summary inputs | C10: joi250084supp2_prod_1765403089.61751.pdf — DOC-003 p13 preprocessing/calculation; joi250084supp2_prod_1765403089.61751.pdf — p15 activity summary loop; joi250084supp2_prod_1765403089.61751.pdf — p16 bout loop | D10: retain | E10: statistical_results | F10: primary_done | G10: =IFERROR(IF(LEN(TRIM(CLEAN(SUBSTITUTE(Setup!$B$2,CHAR(160)," "))))=0,"CHECK REVIEWER ID",IF(OR(A10="",COUNTIF($A$2:$A$14,A10)<>1,LEFT(A10,LEN("2025::jama.2025.19563::"))<>"2025::jama.2025.19563::"),"CHECK KEY",IF(OR(AND(NOT(AND(D10="retain",E10="statistical_results")),H10<>"",NOT(EXACT(H10,"not_applicable"))),AND(NOT(AND(D10="retain",E10="statistical_results")),I10<>"",NOT(EXACT(I10,"not_applicable"))),AND(NOT(AND(D10="retain",E10="statistical_results")),J10<>"",NOT(EXACT(J10,"not_applicable"))),AND(NOT(AND(D10="retain",OR(E10="report_internal_inconsistency",E10="plan_material"))),K10<>"",NOT(EXACT(K10,"not_applicable"))),AND(NOT(AND(D10="retain",E10="protocol_report")),L10<>"",NOT(EXACT(L10,"not_applicable")))),"CLEAR INACTIVE VALUES",IF(OR(NOT(OR(EXACT(D10,"retain"),EXACT(D10,"exclude"),EXACT(D10,"discuss"))),NOT(OR(EXACT(E10,"statistical_results"),EXACT(E10,"report_internal_inconsistency"),EXACT(E10,"plan_material"),EXACT(E10,"protocol_report"))),AND(AND(D10="retain",E10="statistical_results"),NOT(OR(EXACT(H10,"confirmed_issue"),EXACT(H10,"probable_issue"),EXACT(H10,"not_issue"),EXACT(H10,"indeterminate")))),AND(AND(D10="retain",E10="statistical_results"),NOT(OR(EXACT(I10,"substantive"),EXACT(I10,"minor_presentation"),EXACT(I10,"indeterminate")))),AND(AND(D10="retain",E10="statistical_results"),J10<>"",NOT(OR(EXACT(J10,"direct"),EXACT(J10,"possible"),EXACT(J10,"unlikely"),EXACT(J10,"unknown")))),AND(AND(D10="retain",OR(E10="report_internal_inconsistency",E10="plan_material")),NOT(OR(EXACT(K10,"substantive_inconsistency"),EXACT(K10,"minor_presentation"),EXACT(K10,"non_inconsistency"),EXACT(K10,"indeterminate")))),AND(AND(D10="retain",E10="protocol_report"),L10<>"",NOT(OR(EXACT(L10,"substantive_difference"),EXACT(L10,"minor_presentation"),EXACT(L10,"version_timing"),EXACT(L10,"non_inconsistency"),EXACT(L10,"indeterminate"))))),"CHECK FIELDS",IF(AND(F10<>"",NOT(OR(EXACT(F10,"no"),EXACT(F10,"primary_done")))),"CHECK COMPLETE",IF(EXACT(F10,"primary_done"),"PRIMARY READY","PRIMARY DRAFT")))))),"CHECK INPUT / KEY") | H10: indeterminate | I10: indeterminate | J10: possible | K10: =IF(AND(OR(D10="retain",D10=""),OR(E10="report_internal_inconsistency",E10="plan_material")),"","not_applicable") | L10: =IF(AND(OR(D10="retain",D10=""),E10="protocol_report"),"","not_applicable") | R10: Supp2 p13 says missing data within valid days were imputed by interpolation, and p14-16 give 'the R code that was used'. In both loops the code computes ac_imp <- impute_missing_data(...) but passes the raw ac to activity_stats() and BoutsOfPA(); ac_imp is never used. Whether the arctools functions impute internally cannot be checked from the supplied material (package not available to me), so the effect is indeterminate. Also noted: the three BoutsOfPA calls pass no threshold, so the 2185/2859/3941 bout outputs would be identical.
A11: 2025::jama.2025.19563::C010 | B11: PA averaging denominator after zero assignment | C11: joi250084supp2_prod_1765403089.61751.pdf — DOC-003 p13 Aggregation/compliance; joi250084supp2_prod_1765403089.61751.pdf — p30 eTable18a method; joi250084supp2_prod_1765403089.61751.pdf — p49 eTable8b zero assignment | D11: retain | E11: statistical_results | F11: primary_done | G11: =IFERROR(IF(LEN(TRIM(CLEAN(SUBSTITUTE(Setup!$B$2,CHAR(160)," "))))=0,"CHECK REVIEWER ID",IF(OR(A11="",COUNTIF($A$2:$A$14,A11)<>1,LEFT(A11,LEN("2025::jama.2025.19563::"))<>"2025::jama.2025.19563::"),"CHECK KEY",IF(OR(AND(NOT(AND(D11="retain",E11="statistical_results")),H11<>"",NOT(EXACT(H11,"not_applicable"))),AND(NOT(AND(D11="retain",E11="statistical_results")),I11<>"",NOT(EXACT(I11,"not_applicable"))),AND(NOT(AND(D11="retain",E11="statistical_results")),J11<>"",NOT(EXACT(J11,"not_applicable"))),AND(NOT(AND(D11="retain",OR(E11="report_internal_inconsistency",E11="plan_material"))),K11<>"",NOT(EXACT(K11,"not_applicable"))),AND(NOT(AND(D11="retain",E11="protocol_report")),L11<>"",NOT(EXACT(L11,"not_applicable")))),"CLEAR INACTIVE VALUES",IF(OR(NOT(OR(EXACT(D11,"retain"),EXACT(D11,"exclude"),EXACT(D11,"discuss"))),NOT(OR(EXACT(E11,"statistical_results"),EXACT(E11,"report_internal_inconsistency"),EXACT(E11,"plan_material"),EXACT(E11,"protocol_report"))),AND(AND(D11="retain",E11="statistical_results"),NOT(OR(EXACT(H11,"confirmed_issue"),EXACT(H11,"probable_issue"),EXACT(H11,"not_issue"),EXACT(H11,"indeterminate")))),AND(AND(D11="retain",E11="statistical_results"),NOT(OR(EXACT(I11,"substantive"),EXACT(I11,"minor_presentation"),EXACT(I11,"indeterminate")))),AND(AND(D11="retain",E11="statistical_results"),J11<>"",NOT(OR(EXACT(J11,"direct"),EXACT(J11,"possible"),EXACT(J11,"unlikely"),EXACT(J11,"unknown")))),AND(AND(D11="retain",OR(E11="report_internal_inconsistency",E11="plan_material")),NOT(OR(EXACT(K11,"substantive_inconsistency"),EXACT(K11,"minor_presentation"),EXACT(K11,"non_inconsistency"),EXACT(K11,"indeterminate")))),AND(AND(D11="retain",E11="protocol_report"),L11<>"",NOT(OR(EXACT(L11,"substantive_difference"),EXACT(L11,"minor_presentation"),EXACT(L11,"version_timing"),EXACT(L11,"non_inconsistency"),EXACT(L11,"indeterminate"))))),"CHECK FIELDS",IF(AND(F11<>"",NOT(OR(EXACT(F11,"no"),EXACT(F11,"primary_done")))),"CHECK COMPLETE",IF(EXACT(F11,"primary_done"),"PRIMARY READY","PRIMARY DRAFT")))))),"CHECK INPUT / KEY") | H11: indeterminate | I11: indeterminate | J11: possible | K11: =IF(AND(OR(D11="retain",D11=""),OR(E11="report_internal_inconsistency",E11="plan_material")),"","not_applicable") | L11: =IF(AND(OR(D11="retain",D11=""),E11="protocol_report"),"","not_applicable") | R11: Supp2 p13: average weekly MVPA = MVPA summed over valid wear periods divided by 'the number of available wear periods (maximum of 11)'; same page and eTable 8b p49 / eTable 18a p30: noncompliant or non-wear weeks are assigned 0 minutes. Zeros add nothing to the sum, so the zero rule matters only if those weeks enter the denominator; the text does not say they do. Either reading is possible; the description is ambiguous rather than demonstrably wrong.
A12: 2025::jama.2025.19563::C011 | B12: Two AI-version exposure percentages | C12: joi250084supp2_prod_1765403089.61751.pdf — DOC-003 p37 eTable1b; joi250084supp2_prod_1765403089.61751.pdf — p27 primary cohort; joi250084supp2_prod_1765403089.61751.pdf — p41 randomized AI N=183; joi250084supp2_prod_1765403089.61751.pdf — p34 primary forest denominator; joi250084supp2_prod_1765403089.61751.pdf — DOC-003 p37 eTable1b version 11.100.131, September 2023; joi250084supp2_prod_1765403089.61751.pdf — DOC-003 p37 eTable1b version 122.100.407, December 2024 | D12: retain | E12: statistical_results | F12: primary_done | G12: =IFERROR(IF(LEN(TRIM(CLEAN(SUBSTITUTE(Setup!$B$2,CHAR(160)," "))))=0,"CHECK REVIEWER ID",IF(OR(A12="",COUNTIF($A$2:$A$14,A12)<>1,LEFT(A12,LEN("2025::jama.2025.19563::"))<>"2025::jama.2025.19563::"),"CHECK KEY",IF(OR(AND(NOT(AND(D12="retain",E12="statistical_results")),H12<>"",NOT(EXACT(H12,"not_applicable"))),AND(NOT(AND(D12="retain",E12="statistical_results")),I12<>"",NOT(EXACT(I12,"not_applicable"))),AND(NOT(AND(D12="retain",E12="statistical_results")),J12<>"",NOT(EXACT(J12,"not_applicable"))),AND(NOT(AND(D12="retain",OR(E12="report_internal_inconsistency",E12="plan_material"))),K12<>"",NOT(EXACT(K12,"not_applicable"))),AND(NOT(AND(D12="retain",E12="protocol_report")),L12<>"",NOT(EXACT(L12,"not_applicable")))),"CLEAR INACTIVE VALUES",IF(OR(NOT(OR(EXACT(D12,"retain"),EXACT(D12,"exclude"),EXACT(D12,"discuss"))),NOT(OR(EXACT(E12,"statistical_results"),EXACT(E12,"report_internal_inconsistency"),EXACT(E12,"plan_material"),EXACT(E12,"protocol_report"))),AND(AND(D12="retain",E12="statistical_results"),NOT(OR(EXACT(H12,"confirmed_issue"),EXACT(H12,"probable_issue"),EXACT(H12,"not_issue"),EXACT(H12,"indeterminate")))),AND(AND(D12="retain",E12="statistical_results"),NOT(OR(EXACT(I12,"substantive"),EXACT(I12,"minor_presentation"),EXACT(I12,"indeterminate")))),AND(AND(D12="retain",E12="statistical_results"),J12<>"",NOT(OR(EXACT(J12,"direct"),EXACT(J12,"possible"),EXACT(J12,"unlikely"),EXACT(J12,"unknown")))),AND(AND(D12="retain",OR(E12="report_internal_inconsistency",E12="plan_material")),NOT(OR(EXACT(K12,"substantive_inconsistency"),EXACT(K12,"minor_presentation"),EXACT(K12,"non_inconsistency"),EXACT(K12,"indeterminate")))),AND(AND(D12="retain",E12="protocol_report"),L12<>"",NOT(OR(EXACT(L12,"substantive_difference"),EXACT(L12,"minor_presentation"),EXACT(L12,"version_timing"),EXACT(L12,"non_inconsistency"),EXACT(L12,"indeterminate"))))),"CHECK FIELDS",IF(AND(F12<>"",NOT(OR(EXACT(F12,"no"),EXACT(F12,"primary_done")))),"CHECK COMPLETE",IF(EXACT(F12,"primary_done"),"PRIMARY READY","PRIMARY DRAFT")))))),"CHECK INPUT / KEY") | H12: confirmed_issue | I12: minor_presentation | J12: unlikely | K12: =IF(AND(OR(D12="retain",D12=""),OR(E12="report_internal_inconsistency",E12="plan_material")),"","not_applicable") | L12: =IF(AND(OR(D12="retain",D12=""),E12="protocol_report"),"","not_applicable") | R12: eTable 1b p37: versions 11.100.131 (Sep 2023) and 122.100.407 (Dec 2024) each '5 (5)' with header '% of Primary Analysis population assigned to AI-DPP' (N=183). 5/183 = 2.7%. The other seven rows reproduce with N=183 (58=32%, 102=56%, 109=60%, 103=56%, 99=54%, 105=57%, 104=57%).
A13: 2025::jama.2025.19563::C012 | B13: Baseline HbA1c-subgroup categorical P-value mapping | C13: joi250084supp2_prod_1765403089.61751.pdf — DOC-003 p44 eTable6 counts; joi250084supp2_prod_1765403089.61751.pdf — p45 footnote 1 P values; joi250084supp2_prod_1765403089.61751.pdf — p29 eTable6 method index; joi250084supp2_prod_1765403089.61751.pdf — p28 main baseline-method pointer; joi250084supp1_prod_1765403089.61351.pdf — DOC-002 p37 general categorical baseline tests; joi250084supp2_prod_1765403089.61751.pdf — DOC-003 p44 eTable6 site rows, 79/164 and 29/96; joi250084supp2_prod_1765403089.61751.pdf — DOC-003 p45 footnote 1 site P=.024; joi250084supp2_prod_1765403089.61751.pdf — DOC-003 p44 eTable6 all four ethnicity rows; joi250084supp2_prod_1765403089.61751.pdf — DOC-003 p45 footnote 1 ethnicity P=.018 | D13: retain | E13: statistical_results | F13: primary_done | G13: =IFERROR(IF(LEN(TRIM(CLEAN(SUBSTITUTE(Setup!$B$2,CHAR(160)," "))))=0,"CHECK REVIEWER ID",IF(OR(A13="",COUNTIF($A$2:$A$14,A13)<>1,LEFT(A13,LEN("2025::jama.2025.19563::"))<>"2025::jama.2025.19563::"),"CHECK KEY",IF(OR(AND(NOT(AND(D13="retain",E13="statistical_results")),H13<>"",NOT(EXACT(H13,"not_applicable"))),AND(NOT(AND(D13="retain",E13="statistical_results")),I13<>"",NOT(EXACT(I13,"not_applicable"))),AND(NOT(AND(D13="retain",E13="statistical_results")),J13<>"",NOT(EXACT(J13,"not_applicable"))),AND(NOT(AND(D13="retain",OR(E13="report_internal_inconsistency",E13="plan_material"))),K13<>"",NOT(EXACT(K13,"not_applicable"))),AND(NOT(AND(D13="retain",E13="protocol_report")),L13<>"",NOT(EXACT(L13,"not_applicable")))),"CLEAR INACTIVE VALUES",IF(OR(NOT(OR(EXACT(D13,"retain"),EXACT(D13,"exclude"),EXACT(D13,"discuss"))),NOT(OR(EXACT(E13,"statistical_results"),EXACT(E13,"report_internal_inconsistency"),EXACT(E13,"plan_material"),EXACT(E13,"protocol_report"))),AND(AND(D13="retain",E13="statistical_results"),NOT(OR(EXACT(H13,"confirmed_issue"),EXACT(H13,"probable_issue"),EXACT(H13,"not_issue"),EXACT(H13,"indeterminate")))),AND(AND(D13="retain",E13="statistical_results"),NOT(OR(EXACT(I13,"substantive"),EXACT(I13,"minor_presentation"),EXACT(I13,"indeterminate")))),AND(AND(D13="retain",E13="statistical_results"),J13<>"",NOT(OR(EXACT(J13,"direct"),EXACT(J13,"possible"),EXACT(J13,"unlikely"),EXACT(J13,"unknown")))),AND(AND(D13="retain",OR(E13="report_internal_inconsistency",E13="plan_material")),NOT(OR(EXACT(K13,"substantive_inconsistency"),EXACT(K13,"minor_presentation"),EXACT(K13,"non_inconsistency"),EXACT(K13,"indeterminate")))),AND(AND(D13="retain",E13="protocol_report"),L13<>"",NOT(OR(EXACT(L13,"substantive_difference"),EXACT(L13,"minor_presentation"),EXACT(L13,"version_timing"),EXACT(L13,"non_inconsistency"),EXACT(L13,"indeterminate"))))),"CHECK FIELDS",IF(AND(F13<>"",NOT(OR(EXACT(F13,"no"),EXACT(F13,"primary_done")))),"CHECK COMPLETE",IF(EXACT(F13,"primary_done"),"PRIMARY READY","PRIMARY DRAFT")))))),"CHECK INPUT / KEY") | H13: probable_issue | I13: minor_presentation | J13: unlikely | K13: =IF(AND(OR(D13="retain",D13=""),OR(E13="report_internal_inconsistency",E13="plan_material")),"","not_applicable") | L13: =IF(AND(OR(D13="retain",D13=""),E13="protocol_report"),"","not_applicable") | R13: eTable 6 p44-45 (baseline HbA1c <5.7% vs 5.7-6.4%): footnote says site P=.024 and ethnicity P=.018. From the printed counts: site 79/108 vs 164/260: chi-square P=0.063 (Yates 0.082), Fisher 0.070; ethnicity (4 categories) chi-square 0.064, Fisher 0.055; known-ethnicity 2x2 chi-square 0.035, Fisher 0.044. None reproduces .024 or .018. Footnote 2 (age P=.014 'between study groups') also appears carried over from the randomized-arm table.
A14: 2025::jama.2025.19563::C013 | B14: MI-pooled risks and displayed risk-difference mapping | C14: joi250084supp2_prod_1765403089.61751.pdf — DOC-003 p59 eTable16; joi250084supp2_prod_1765403089.61751.pdf — p30 MI methods; joi250084supp1_prod_1765403089.61351.pdf — DOC-002 p88 MICE method | D14: retain | E14: statistical_results | F14: primary_done | G14: =IFERROR(IF(LEN(TRIM(CLEAN(SUBSTITUTE(Setup!$B$2,CHAR(160)," "))))=0,"CHECK REVIEWER ID",IF(OR(A14="",COUNTIF($A$2:$A$14,A14)<>1,LEFT(A14,LEN("2025::jama.2025.19563::"))<>"2025::jama.2025.19563::"),"CHECK KEY",IF(OR(AND(NOT(AND(D14="retain",E14="statistical_results")),H14<>"",NOT(EXACT(H14,"not_applicable"))),AND(NOT(AND(D14="retain",E14="statistical_results")),I14<>"",NOT(EXACT(I14,"not_applicable"))),AND(NOT(AND(D14="retain",E14="statistical_results")),J14<>"",NOT(EXACT(J14,"not_applicable"))),AND(NOT(AND(D14="retain",OR(E14="report_internal_inconsistency",E14="plan_material"))),K14<>"",NOT(EXACT(K14,"not_applicable"))),AND(NOT(AND(D14="retain",E14="protocol_report")),L14<>"",NOT(EXACT(L14,"not_applicable")))),"CLEAR INACTIVE VALUES",IF(OR(NOT(OR(EXACT(D14,"retain"),EXACT(D14,"exclude"),EXACT(D14,"discuss"))),NOT(OR(EXACT(E14,"statistical_results"),EXACT(E14,"report_internal_inconsistency"),EXACT(E14,"plan_material"),EXACT(E14,"protocol_report"))),AND(AND(D14="retain",E14="statistical_results"),NOT(OR(EXACT(H14,"confirmed_issue"),EXACT(H14,"probable_issue"),EXACT(H14,"not_issue"),EXACT(H14,"indeterminate")))),AND(AND(D14="retain",E14="statistical_results"),NOT(OR(EXACT(I14,"substantive"),EXACT(I14,"minor_presentation"),EXACT(I14,"indeterminate")))),AND(AND(D14="retain",E14="statistical_results"),J14<>"",NOT(OR(EXACT(J14,"direct"),EXACT(J14,"possible"),EXACT(J14,"unlikely"),EXACT(J14,"unknown")))),AND(AND(D14="retain",OR(E14="report_internal_inconsistency",E14="plan_material")),NOT(OR(EXACT(K14,"substantive_inconsistency"),EXACT(K14,"minor_presentation"),EXACT(K14,"non_inconsistency"),EXACT(K14,"indeterminate")))),AND(AND(D14="retain",E14="protocol_report"),L14<>"",NOT(OR(EXACT(L14,"substantive_difference"),EXACT(L14,"minor_presentation"),EXACT(L14,"version_timing"),EXACT(L14,"non_inconsistency"),EXACT(L14,"indeterminate"))))),"CHECK FIELDS",IF(AND(F14<>"",NOT(OR(EXACT(F14,"no"),EXACT(F14,"primary_done")))),"CHECK COMPLETE",IF(EXACT(F14,"primary_done"),"PRIMARY READY","PRIMARY DRAFT")))))),"CHECK INPUT / KEY") | H14: probable_issue | I14: substantive | J14: possible | K14: =IF(AND(OR(D14="retain",D14=""),OR(E14="report_internal_inconsistency",E14="plan_material")),"","not_applicable") | L14: =IF(AND(OR(D14="retain",D14=""),E14="protocol_report"),"","not_applicable") | R14: eTable 16 p59: MI-pooled achievement 32.2% (AI) vs 31.9% (human) but RD -1.1 (one-sided 95% CI -11.5). Rubin's-rule pooling is linear, so the pooled RD of an unadjusted difference should be 32.2-31.9 = +0.3. Sign and size disagree. An adjusted RD within each imputation could differ, but the table and methods (supp1 p88, supp2 p30) describe no outcome-model covariates. NI conclusion unchanged (-11.5 > -15).

Sheet C_jama.2025.19843
A1: Candidate key | B1: Candidate title | C1: Source location | D1: Disposition | E1: Review domain (AI suggestion; editable) | F1: Complete | G1: Validation hint | H1: Statistical_or_numerical issue | I1: Substantiveness | J1: Downstream impact | K1: Report-internal or planning-material inconsistency | L1: Protocol interpretation | R1: Notes (optional)
A2: 2025::jama.2025.19843::C001 | B2: Primary adjustment covariate descriptions do not reconcile | C2: jama_combes_2025_oi_250087_1766516490.94011.pdf — main PDF p.2; jama_combes_2025_oi_250087_1766516490.94011.pdf — main PDF p.3; jama_combes_2025_oi_250087_1766516490.94011.pdf — main PDF p.6; joi250087supp2_prod_1766516490.96511.pdf — SAP PDF p.6, corroboration only | D2: retain | E2: statistical_results | F2: primary_done | G2: =IFERROR(IF(LEN(TRIM(CLEAN(SUBSTITUTE(Setup!$B$2,CHAR(160)," "))))=0,"CHECK REVIEWER ID",IF(OR(A2="",COUNTIF($A$2:$A$8,A2)<>1,LEFT(A2,LEN("2025::jama.2025.19843::"))<>"2025::jama.2025.19843::"),"CHECK KEY",IF(OR(AND(NOT(AND(D2="retain",E2="statistical_results")),H2<>"",NOT(EXACT(H2,"not_applicable"))),AND(NOT(AND(D2="retain",E2="statistical_results")),I2<>"",NOT(EXACT(I2,"not_applicable"))),AND(NOT(AND(D2="retain",E2="statistical_results")),J2<>"",NOT(EXACT(J2,"not_applicable"))),AND(NOT(AND(D2="retain",OR(E2="report_internal_inconsistency",E2="plan_material"))),K2<>"",NOT(EXACT(K2,"not_applicable"))),AND(NOT(AND(D2="retain",E2="protocol_report")),L2<>"",NOT(EXACT(L2,"not_applicable")))),"CLEAR INACTIVE VALUES",IF(OR(NOT(OR(EXACT(D2,"retain"),EXACT(D2,"exclude"),EXACT(D2,"discuss"))),NOT(OR(EXACT(E2,"statistical_results"),EXACT(E2,"report_internal_inconsistency"),EXACT(E2,"plan_material"),EXACT(E2,"protocol_report"))),AND(AND(D2="retain",E2="statistical_results"),NOT(OR(EXACT(H2,"confirmed_issue"),EXACT(H2,"probable_issue"),EXACT(H2,"not_issue"),EXACT(H2,"indeterminate")))),AND(AND(D2="retain",E2="statistical_results"),NOT(OR(EXACT(I2,"substantive"),EXACT(I2,"minor_presentation"),EXACT(I2,"indeterminate")))),AND(AND(D2="retain",E2="statistical_results"),J2<>"",NOT(OR(EXACT(J2,"direct"),EXACT(J2,"possible"),EXACT(J2,"unlikely"),EXACT(J2,"unknown")))),AND(AND(D2="retain",OR(E2="report_internal_inconsistency",E2="plan_material")),NOT(OR(EXACT(K2,"substantive_inconsistency"),EXACT(K2,"minor_presentation"),EXACT(K2,"non_inconsistency"),EXACT(K2,"indeterminate")))),AND(AND(D2="retain",E2="protocol_report"),L2<>"",NOT(OR(EXACT(L2,"substantive_difference"),EXACT(L2,"minor_presentation"),EXACT(L2,"version_timing"),EXACT(L2,"non_inconsistency"),EXACT(L2,"indeterminate"))))),"CHECK FIELDS",IF(AND(F2<>"",NOT(OR(EXACT(F2,"no"),EXACT(F2,"primary_done")))),"CHECK COMPLETE",IF(EXACT(F2,"primary_done"),"PRIMARY READY","PRIMARY DRAFT")))))),"CHECK INPUT / KEY") | H2: confirmed_issue | I2: minor_presentation | J2: possible | K2: =IF(AND(OR(D2="retain",D2=""),OR(E2="report_internal_inconsistency",E2="plan_material")),"","not_applicable") | L2: =IF(AND(OR(D2="retain",D2=""),E2="protocol_report"),"","not_applicable") | R2: Article p3: 'The primary analysis was adjusted on minimization stratification factors', which p2 identifies as cardiogenic-shock etiology and center. Table 2 footnote c p6: Fine-Gray model 'adjusted for cardiogenic shock etiology' only. SAP p6 (OCR) specifies etiology only. The report contradicts itself on whether center is in the model behind sHR 1.02 (0.74-1.39); the estimate itself is clear.
A3: 2025::jama.2025.19843::C002 | B3: Organ-failure threshold differs between SAP and report | C3: joi250087supp2_prod_1766516490.96511.pdf — sap PDF p.4; joi250087supp2_prod_1766516490.96511.pdf — sap PDF p.7; jama_combes_2025_oi_250087_1766516490.94011.pdf — main PDF p.3; joi250087supp3_prod_1766516490.97011.pdf — results PDF p.5; joi250087supp3_prod_1766516490.97011.pdf — results PDF p.12 | D3: retain | E3: protocol_report | F3: primary_done | G3: =IFERROR(IF(LEN(TRIM(CLEAN(SUBSTITUTE(Setup!$B$2,CHAR(160)," "))))=0,"CHECK REVIEWER ID",IF(OR(A3="",COUNTIF($A$2:$A$8,A3)<>1,LEFT(A3,LEN("2025::jama.2025.19843::"))<>"2025::jama.2025.19843::"),"CHECK KEY",IF(OR(AND(NOT(AND(D3="retain",E3="statistical_results")),H3<>"",NOT(EXACT(H3,"not_applicable"))),AND(NOT(AND(D3="retain",E3="statistical_results")),I3<>"",NOT(EXACT(I3,"not_applicable"))),AND(NOT(AND(D3="retain",E3="statistical_results")),J3<>"",NOT(EXACT(J3,"not_applicable"))),AND(NOT(AND(D3="retain",OR(E3="report_internal_inconsistency",E3="plan_material"))),K3<>"",NOT(EXACT(K3,"not_applicable"))),AND(NOT(AND(D3="retain",E3="protocol_report")),L3<>"",NOT(EXACT(L3,"not_applicable")))),"CLEAR INACTIVE VALUES",IF(OR(NOT(OR(EXACT(D3,"retain"),EXACT(D3,"exclude"),EXACT(D3,"discuss"))),NOT(OR(EXACT(E3,"statistical_results"),EXACT(E3,"report_internal_inconsistency"),EXACT(E3,"plan_material"),EXACT(E3,"protocol_report"))),AND(AND(D3="retain",E3="statistical_results"),NOT(OR(EXACT(H3,"confirmed_issue"),EXACT(H3,"probable_issue"),EXACT(H3,"not_issue"),EXACT(H3,"indeterminate")))),AND(AND(D3="retain",E3="statistical_results"),NOT(OR(EXACT(I3,"substantive"),EXACT(I3,"minor_presentation"),EXACT(I3,"indeterminate")))),AND(AND(D3="retain",E3="statistical_results"),J3<>"",NOT(OR(EXACT(J3,"direct"),EXACT(J3,"possible"),EXACT(J3,"unlikely"),EXACT(J3,"unknown")))),AND(AND(D3="retain",OR(E3="report_internal_inconsistency",E3="plan_material")),NOT(OR(EXACT(K3,"substantive_inconsistency"),EXACT(K3,"minor_presentation"),EXACT(K3,"non_inconsistency"),EXACT(K3,"indeterminate")))),AND(AND(D3="retain",E3="protocol_report"),L3<>"",NOT(OR(EXACT(L3,"substantive_difference"),EXACT(L3,"minor_presentation"),EXACT(L3,"version_timing"),EXACT(L3,"non_inconsistency"),EXACT(L3,"indeterminate"))))),"CHECK FIELDS",IF(AND(F3<>"",NOT(OR(EXACT(F3,"no"),EXACT(F3,"primary_done")))),"CHECK COMPLETE",IF(EXACT(F3,"primary_done"),"PRIMARY READY","PRIMARY DRAFT")))))),"CHECK INPUT / KEY") | H3: =IF(AND(OR(D3="retain",D3=""),E3="statistical_results"),"","not_applicable") | I3: =IF(AND(OR(D3="retain",D3=""),E3="statistical_results"),"","not_applicable") | J3: =IF(AND(OR(D3="retain",D3=""),E3="statistical_results"),"","not_applicable") | K3: =IF(AND(OR(D3="retain",D3=""),OR(E3="report_internal_inconsistency",E3="plan_material")),"","not_applicable") | L3: substantive_difference | R3: SAP §2.2 p4 and §3.6 p7 (OCR): organ failure = SOFA score >2 in at least one of six organ systems. Article p3: days alive without organ failure = SOFA 0-1 for each component, i.e., failure at component score >=2; eTable 3 footnote (supp3 p6): cardiovascular failure-free = cardiovascular SOFA <2. Protocol p14-15 gives no threshold. Threshold differs by one point.
A4: 2025::jama.2025.19843::C003 | B4: Planned day-60 free-day results are absent from supplied reports | C4: Every repeated protocol endpoint occurrence: joi250087supp1_prod_1766516490.96011.pdf — protocol PDF p.8; joi250087supp1_prod_1766516490.96011.pdf — protocol PDF p.14; joi250087supp1_prod_1766516490.96011.pdf — protocol PDF p.15; joi250087supp1_prod_1766516490.96011.pdf — protocol PDF p.53; joi250087supp1_prod_1766516490.96011.pdf — protocol PDF p.59; joi250087supp1_prod_1766516490.96011.pdf — protocol PDF p.60; joi250087supp1_prod_1766516490.96011.pdf — protocol PDF p.99; joi250087supp1_prod_1766516490.96011.pdf — protocol PDF p.105; joi250087supp1_prod_1766516490.96011.pdf — protocol PDF p.106. SAP: joi250087supp2_prod_1766516490.96511.pdf — sap PDF p.4; joi250087supp2_prod_1766516490.96511.pdf — sap PDF p.7; joi250087supp2_prod_1766516490.96511.pdf — sap PDF p.8. REPORT: jama_combes_2025_oi_250087_1766516490.94011.pdf — main PDF p.1; jama_combes_2025_oi_250087_1766516490.94011.pdf — main PDF p.3; jama_combes_2025_oi_250087_1766516490.94011.pdf — main PDF p.6; joi250087supp3_prod_1766516490.97011.pdf — results PDF p.5 | D4: retain | E4: protocol_report | F4: primary_done | G4: =IFERROR(IF(LEN(TRIM(CLEAN(SUBSTITUTE(Setup!$B$2,CHAR(160)," "))))=0,"CHECK REVIEWER ID",IF(OR(A4="",COUNTIF($A$2:$A$8,A4)<>1,LEFT(A4,LEN("2025::jama.2025.19843::"))<>"2025::jama.2025.19843::"),"CHECK KEY",IF(OR(AND(NOT(AND(D4="retain",E4="statistical_results")),H4<>"",NOT(EXACT(H4,"not_applicable"))),AND(NOT(AND(D4="retain",E4="statistical_results")),I4<>"",NOT(EXACT(I4,"not_applicable"))),AND(NOT(AND(D4="retain",E4="statistical_results")),J4<>"",NOT(EXACT(J4,"not_applicable"))),AND(NOT(AND(D4="retain",OR(E4="report_internal_inconsistency",E4="plan_material"))),K4<>"",NOT(EXACT(K4,"not_applicable"))),AND(NOT(AND(D4="retain",E4="protocol_report")),L4<>"",NOT(EXACT(L4,"not_applicable")))),"CLEAR INACTIVE VALUES",IF(OR(NOT(OR(EXACT(D4,"retain"),EXACT(D4,"exclude"),EXACT(D4,"discuss"))),NOT(OR(EXACT(E4,"statistical_results"),EXACT(E4,"report_internal_inconsistency"),EXACT(E4,"plan_material"),EXACT(E4,"protocol_report"))),AND(AND(D4="retain",E4="statistical_results"),NOT(OR(EXACT(H4,"confirmed_issue"),EXACT(H4,"probable_issue"),EXACT(H4,"not_issue"),EXACT(H4,"indeterminate")))),AND(AND(D4="retain",E4="statistical_results"),NOT(OR(EXACT(I4,"substantive"),EXACT(I4,"minor_presentation"),EXACT(I4,"indeterminate")))),AND(AND(D4="retain",E4="statistical_results"),J4<>"",NOT(OR(EXACT(J4,"direct"),EXACT(J4,"possible"),EXACT(J4,"unlikely"),EXACT(J4,"unknown")))),AND(AND(D4="retain",OR(E4="report_internal_inconsistency",E4="plan_material")),NOT(OR(EXACT(K4,"substantive_inconsistency"),EXACT(K4,"minor_presentation"),EXACT(K4,"non_inconsistency"),EXACT(K4,"indeterminate")))),AND(AND(D4="retain",E4="protocol_report"),L4<>"",NOT(OR(EXACT(L4,"substantive_difference"),EXACT(L4,"minor_presentation"),EXACT(L4,"version_timing"),EXACT(L4,"non_inconsistency"),EXACT(L4,"indeterminate"))))),"CHECK FIELDS",IF(AND(F4<>"",NOT(OR(EXACT(F4,"no"),EXACT(F4,"primary_done")))),"CHECK COMPLETE",IF(EXACT(F4,"primary_done"),"PRIMARY READY","PRIMARY DRAFT")))))),"CHECK INPUT / KEY") | H4: =IF(AND(OR(D4="retain",D4=""),E4="statistical_results"),"","not_applicable") | I4: =IF(AND(OR(D4="retain",D4=""),E4="statistical_results"),"","not_applicable") | J4: =IF(AND(OR(D4="retain",D4=""),E4="statistical_results"),"","not_applicable") | K4: =IF(AND(OR(D4="retain",D4=""),OR(E4="report_internal_inconsistency",E4="plan_material")),"","not_applicable") | L4: substantive_difference | R4: SAP p4/p7-8 and protocol p14-15: ECMO-free days between inclusion and D30/D60 and ventilator-free days to D30 and D60. Report: Table 2 p6 gives ECMO-free days by day 30 only; eTable 3 p5 gives MV-free days by day 30 only; no D60 free-day results in the article or supplement.
A5: 2025::jama.2025.19843::C004 | B5: Planned hierarchical LV-function composite differs from reported LVEF contrast | C5: Protocol context, every occurrence: joi250087supp1_prod_1766516490.96011.pdf — protocol PDF p.8; joi250087supp1_prod_1766516490.96011.pdf — protocol PDF p.14; joi250087supp1_prod_1766516490.96011.pdf — protocol PDF p.15; joi250087supp1_prod_1766516490.96011.pdf — protocol PDF p.53; joi250087supp1_prod_1766516490.96011.pdf — protocol PDF p.59; joi250087supp1_prod_1766516490.96011.pdf — protocol PDF p.60; joi250087supp1_prod_1766516490.96011.pdf — protocol PDF p.99; joi250087supp1_prod_1766516490.96011.pdf — protocol PDF p.105; joi250087supp1_prod_1766516490.96011.pdf — protocol PDF p.106. joi250087supp2_prod_1766516490.96511.pdf — SAP PDF p.8, Left Ventricular Function; jama_combes_2025_oi_250087_1766516490.94011.pdf — main PDF p.3; joi250087supp3_prod_1766516490.97011.pdf — results PDF p.5; joi250087supp3_prod_1766516490.97011.pdf — results PDF p.6 | D5: retain | E5: protocol_report | F5: primary_done | G5: =IFERROR(IF(LEN(TRIM(CLEAN(SUBSTITUTE(Setup!$B$2,CHAR(160)," "))))=0,"CHECK REVIEWER ID",IF(OR(A5="",COUNTIF($A$2:$A$8,A5)<>1,LEFT(A5,LEN("2025::jama.2025.19843::"))<>"2025::jama.2025.19843::"),"CHECK KEY",IF(OR(AND(NOT(AND(D5="retain",E5="statistical_results")),H5<>"",NOT(EXACT(H5,"not_applicable"))),AND(NOT(AND(D5="retain",E5="statistical_results")),I5<>"",NOT(EXACT(I5,"not_applicable"))),AND(NOT(AND(D5="retain",E5="statistical_results")),J5<>"",NOT(EXACT(J5,"not_applicable"))),AND(NOT(AND(D5="retain",OR(E5="report_internal_inconsistency",E5="plan_material"))),K5<>"",NOT(EXACT(K5,"not_applicable"))),AND(NOT(AND(D5="retain",E5="protocol_report")),L5<>"",NOT(EXACT(L5,"not_applicable")))),"CLEAR INACTIVE VALUES",IF(OR(NOT(OR(EXACT(D5,"retain"),EXACT(D5,"exclude"),EXACT(D5,"discuss"))),NOT(OR(EXACT(E5,"statistical_results"),EXACT(E5,"report_internal_inconsistency"),EXACT(E5,"plan_material"),EXACT(E5,"protocol_report"))),AND(AND(D5="retain",E5="statistical_results"),NOT(OR(EXACT(H5,"confirmed_issue"),EXACT(H5,"probable_issue"),EXACT(H5,"not_issue"),EXACT(H5,"indeterminate")))),AND(AND(D5="retain",E5="statistical_results"),NOT(OR(EXACT(I5,"substantive"),EXACT(I5,"minor_presentation"),EXACT(I5,"indeterminate")))),AND(AND(D5="retain",E5="statistical_results"),J5<>"",NOT(OR(EXACT(J5,"direct"),EXACT(J5,"possible"),EXACT(J5,"unlikely"),EXACT(J5,"unknown")))),AND(AND(D5="retain",OR(E5="report_internal_inconsistency",E5="plan_material")),NOT(OR(EXACT(K5,"substantive_inconsistency"),EXACT(K5,"minor_presentation"),EXACT(K5,"non_inconsistency"),EXACT(K5,"indeterminate")))),AND(AND(D5="retain",E5="protocol_report"),L5<>"",NOT(OR(EXACT(L5,"substantive_difference"),EXACT(L5,"minor_presentation"),EXACT(L5,"version_timing"),EXACT(L5,"non_inconsistency"),EXACT(L5,"indeterminate"))))),"CHECK FIELDS",IF(AND(F5<>"",NOT(OR(EXACT(F5,"no"),EXACT(F5,"primary_done")))),"CHECK COMPLETE",IF(EXACT(F5,"primary_done"),"PRIMARY READY","PRIMARY DRAFT")))))),"CHECK INPUT / KEY") | H5: =IF(AND(OR(D5="retain",D5=""),E5="statistical_results"),"","not_applicable") | I5: =IF(AND(OR(D5="retain",D5=""),E5="statistical_results"),"","not_applicable") | J5: =IF(AND(OR(D5="retain",D5=""),E5="statistical_results"),"","not_applicable") | K5: =IF(AND(OR(D5="retain",D5=""),OR(E5="report_internal_inconsistency",E5="plan_material")),"","not_applicable") | L5: substantive_difference | R5: SAP p8 (OCR): LV function compared by Global Net Benefit on a hierarchical composite (death, heart transplant, LVEF improvement >30%) with bootstrap CI. Report eTable 3 p5: median LVEF 45 vs 40%, difference 5 (-0 to 10), with last pre-death LVEF carried for patients who died (footnote a). No net-benefit result anywhere.
A6: 2025::jama.2025.19843::C005 | B6: Dialysis membership differs across MACE definitions | C6: Every repeated protocol composite occurrence: joi250087supp1_prod_1766516490.96011.pdf — protocol PDF p.8; joi250087supp1_prod_1766516490.96011.pdf — protocol PDF p.14; joi250087supp1_prod_1766516490.96011.pdf — protocol PDF p.15; joi250087supp1_prod_1766516490.96011.pdf — protocol PDF p.53; joi250087supp1_prod_1766516490.96011.pdf — protocol PDF p.59; joi250087supp1_prod_1766516490.96011.pdf — protocol PDF p.60; joi250087supp1_prod_1766516490.96011.pdf — protocol PDF p.99; joi250087supp1_prod_1766516490.96011.pdf — protocol PDF p.105; joi250087supp1_prod_1766516490.96011.pdf — protocol PDF p.106. SAP: joi250087supp2_prod_1766516490.96511.pdf — sap PDF p.4; joi250087supp2_prod_1766516490.96511.pdf — sap PDF p.7. Main: jama_combes_2025_oi_250087_1766516490.94011.pdf — main PDF p.3. Results contents, component rows and figure: joi250087supp3_prod_1766516490.97011.pdf — results PDF p.1; joi250087supp3_prod_1766516490.97011.pdf — results PDF p.5; joi250087supp3_prod_1766516490.97011.pdf — results PDF p.6; joi250087supp3_prod_1766516490.97011.pdf — results PDF p.13 | D6: retain | E6: protocol_report | F6: primary_done | G6: =IFERROR(IF(LEN(TRIM(CLEAN(SUBSTITUTE(Setup!$B$2,CHAR(160)," "))))=0,"CHECK REVIEWER ID",IF(OR(A6="",COUNTIF($A$2:$A$8,A6)<>1,LEFT(A6,LEN("2025::jama.2025.19843::"))<>"2025::jama.2025.19843::"),"CHECK KEY",IF(OR(AND(NOT(AND(D6="retain",E6="statistical_results")),H6<>"",NOT(EXACT(H6,"not_applicable"))),AND(NOT(AND(D6="retain",E6="statistical_results")),I6<>"",NOT(EXACT(I6,"not_applicable"))),AND(NOT(AND(D6="retain",E6="statistical_results")),J6<>"",NOT(EXACT(J6,"not_applicable"))),AND(NOT(AND(D6="retain",OR(E6="report_internal_inconsistency",E6="plan_material"))),K6<>"",NOT(EXACT(K6,"not_applicable"))),AND(NOT(AND(D6="retain",E6="protocol_report")),L6<>"",NOT(EXACT(L6,"not_applicable")))),"CLEAR INACTIVE VALUES",IF(OR(NOT(OR(EXACT(D6,"retain"),EXACT(D6,"exclude"),EXACT(D6,"discuss"))),NOT(OR(EXACT(E6,"statistical_results"),EXACT(E6,"report_internal_inconsistency"),EXACT(E6,"plan_material"),EXACT(E6,"protocol_report"))),AND(AND(D6="retain",E6="statistical_results"),NOT(OR(EXACT(H6,"confirmed_issue"),EXACT(H6,"probable_issue"),EXACT(H6,"not_issue"),EXACT(H6,"indeterminate")))),AND(AND(D6="retain",E6="statistical_results"),NOT(OR(EXACT(I6,"substantive"),EXACT(I6,"minor_presentation"),EXACT(I6,"indeterminate")))),AND(AND(D6="retain",E6="statistical_results"),J6<>"",NOT(OR(EXACT(J6,"direct"),EXACT(J6,"possible"),EXACT(J6,"unlikely"),EXACT(J6,"unknown")))),AND(AND(D6="retain",OR(E6="report_internal_inconsistency",E6="plan_material")),NOT(OR(EXACT(K6,"substantive_inconsistency"),EXACT(K6,"minor_presentation"),EXACT(K6,"non_inconsistency"),EXACT(K6,"indeterminate")))),AND(AND(D6="retain",E6="protocol_report"),L6<>"",NOT(OR(EXACT(L6,"substantive_difference"),EXACT(L6,"minor_presentation"),EXACT(L6,"version_timing"),EXACT(L6,"non_inconsistency"),EXACT(L6,"indeterminate"))))),"CHECK FIELDS",IF(AND(F6<>"",NOT(OR(EXACT(F6,"no"),EXACT(F6,"primary_done")))),"CHECK COMPLETE",IF(EXACT(F6,"primary_done"),"PRIMARY READY","PRIMARY DRAFT")))))),"CHECK INPUT / KEY") | H6: =IF(AND(OR(D6="retain",D6=""),E6="statistical_results"),"","not_applicable") | I6: =IF(AND(OR(D6="retain",D6=""),E6="statistical_results"),"","not_applicable") | J6: =IF(AND(OR(D6="retain",D6=""),E6="statistical_results"),"","not_applicable") | K6: =IF(AND(OR(D6="retain",D6=""),OR(E6="report_internal_inconsistency",E6="plan_material")),"","not_applicable") | L6: substantive_difference | R6: Protocol p14-15 and article p3: MACE includes dialysis. SAP p4/p7 and eFigure 4 title (supp3 p13): MACE = death, transplant, LVAD, stroke, HF rehospitalization (no dialysis). eTable 3 p5 lists 'Dialysis by day 30' as a MACE component (29 vs 38), but the 30-day MACE totals are 35 vs 36; 38 placebo dialysis events exceed the 36 MACE total, so the reported totals cannot include dialysis. The report's stated definition differs from the composite actually tabulated.
A7: 2025::jama.2025.19843::C006 | B7: Planned post-arrest subgroup differs from reported predefined other-etiology subgroup | C7: Every repeated endpoint/subgroup prescription: joi250087supp1_prod_1766516490.96011.pdf — protocol PDF p.8; joi250087supp1_prod_1766516490.96011.pdf — protocol PDF p.14; joi250087supp1_prod_1766516490.96011.pdf — protocol PDF p.15; joi250087supp1_prod_1766516490.96011.pdf — protocol PDF p.53; joi250087supp1_prod_1766516490.96011.pdf — protocol PDF p.59; joi250087supp1_prod_1766516490.96011.pdf — protocol PDF p.60; joi250087supp1_prod_1766516490.96011.pdf — protocol PDF p.99; joi250087supp1_prod_1766516490.96011.pdf — protocol PDF p.105; joi250087supp1_prod_1766516490.96011.pdf — protocol PDF p.106. joi250087supp1_prod_1766516490.96011.pdf — Protocol PDF p.107, allocation/minimization. Complete SAP boundary: joi250087supp2_prod_1766516490.96511.pdf — sap PDF p.1; joi250087supp2_prod_1766516490.96511.pdf — sap PDF p.2; joi250087supp2_prod_1766516490.96511.pdf — sap PDF p.3; joi250087supp2_prod_1766516490.96511.pdf — sap PDF p.4; joi250087supp2_prod_1766516490.96511.pdf — sap PDF p.5; joi250087supp2_prod_1766516490.96511.pdf — sap PDF p.6; joi250087supp2_prod_1766516490.96511.pdf — sap PDF p.7; joi250087supp2_prod_1766516490.96511.pdf — sap PDF p.8; joi250087supp2_prod_1766516490.96511.pdf — sap PDF p.9. REPORT: jama_combes_2025_oi_250087_1766516490.94011.pdf — main PDF p.4; jama_combes_2025_oi_250087_1766516490.94011.pdf — main PDF p.7; joi250087supp3_prod_1766516490.97011.pdf — results PDF p.9; joi250087supp3_prod_1766516490.97011.pdf — results PDF p.18 | D7: retain | E7: protocol_report | F7: primary_done | G7: =IFERROR(IF(LEN(TRIM(CLEAN(SUBSTITUTE(Setup!$B$2,CHAR(160)," "))))=0,"CHECK REVIEWER ID",IF(OR(A7="",COUNTIF($A$2:$A$8,A7)<>1,LEFT(A7,LEN("2025::jama.2025.19843::"))<>"2025::jama.2025.19843::"),"CHECK KEY",IF(OR(AND(NOT(AND(D7="retain",E7="statistical_results")),H7<>"",NOT(EXACT(H7,"not_applicable"))),AND(NOT(AND(D7="retain",E7="statistical_results")),I7<>"",NOT(EXACT(I7,"not_applicable"))),AND(NOT(AND(D7="retain",E7="statistical_results")),J7<>"",NOT(EXACT(J7,"not_applicable"))),AND(NOT(AND(D7="retain",OR(E7="report_internal_inconsistency",E7="plan_material"))),K7<>"",NOT(EXACT(K7,"not_applicable"))),AND(NOT(AND(D7="retain",E7="protocol_report")),L7<>"",NOT(EXACT(L7,"not_applicable")))),"CLEAR INACTIVE VALUES",IF(OR(NOT(OR(EXACT(D7,"retain"),EXACT(D7,"exclude"),EXACT(D7,"discuss"))),NOT(OR(EXACT(E7,"statistical_results"),EXACT(E7,"report_internal_inconsistency"),EXACT(E7,"plan_material"),EXACT(E7,"protocol_report"))),AND(AND(D7="retain",E7="statistical_results"),NOT(OR(EXACT(H7,"confirmed_issue"),EXACT(H7,"probable_issue"),EXACT(H7,"not_issue"),EXACT(H7,"indeterminate")))),AND(AND(D7="retain",E7="statistical_results"),NOT(OR(EXACT(I7,"substantive"),EXACT(I7,"minor_presentation"),EXACT(I7,"indeterminate")))),AND(AND(D7="retain",E7="statistical_results"),J7<>"",NOT(OR(EXACT(J7,"direct"),EXACT(J7,"possible"),EXACT(J7,"unlikely"),EXACT(J7,"unknown")))),AND(AND(D7="retain",OR(E7="report_internal_inconsistency",E7="plan_material")),NOT(OR(EXACT(K7,"substantive_inconsistency"),EXACT(K7,"minor_presentation"),EXACT(K7,"non_inconsistency"),EXACT(K7,"indeterminate")))),AND(AND(D7="retain",E7="protocol_report"),L7<>"",NOT(OR(EXACT(L7,"substantive_difference"),EXACT(L7,"minor_presentation"),EXACT(L7,"version_timing"),EXACT(L7,"non_inconsistency"),EXACT(L7,"indeterminate"))))),"CHECK FIELDS",IF(AND(F7<>"",NOT(OR(EXACT(F7,"no"),EXACT(F7,"primary_done")))),"CHECK COMPLETE",IF(EXACT(F7,"primary_done"),"PRIMARY READY","PRIMARY DRAFT")))))),"CHECK INPUT / KEY") | H7: =IF(AND(OR(D7="retain",D7=""),E7="statistical_results"),"","not_applicable") | I7: =IF(AND(OR(D7="retain",D7=""),E7="statistical_results"),"","not_applicable") | J7: =IF(AND(OR(D7="retain",D7=""),E7="statistical_results"),"","not_applicable") | K7: =IF(AND(OR(D7="retain",D7=""),OR(E7="report_internal_inconsistency",E7="plan_material")),"","not_applicable") | L7: substantive_difference | R7: Protocol p14-15 (v1.1; same in later versions): primary and secondary endpoints in predefined subgroups AMI, myocarditis, post-cardiac surgery and post-cardiac arrest. SAP has no subgroup section. Article p4 and Figure 3 p7: 'predefined subgroups (ie, minimization stratification factor)': AMI, myocarditis, postcardiotomy, Other; cardiac arrest is folded into Other (eTable 6: 5 vs 1 patients). No post-arrest subgroup result.
A8: 2025::jama.2025.19843::C007 | B8: Planned adjusted key-secondary analyses lack supplied outputs | C8: Every protocol adjusted-analysis occurrence: joi250087supp1_prod_1766516490.96011.pdf — protocol PDF p.35; joi250087supp1_prod_1766516490.96011.pdf — protocol PDF p.37; joi250087supp1_prod_1766516490.96011.pdf — protocol PDF p.81; joi250087supp1_prod_1766516490.96011.pdf — protocol PDF p.82; joi250087supp1_prod_1766516490.96011.pdf — protocol PDF p.83; joi250087supp1_prod_1766516490.96011.pdf — protocol PDF p.84; joi250087supp1_prod_1766516490.96011.pdf — protocol PDF p.127; joi250087supp1_prod_1766516490.96011.pdf — protocol PDF p.128; joi250087supp1_prod_1766516490.96011.pdf — protocol PDF p.129; joi250087supp1_prod_1766516490.96011.pdf — protocol PDF p.130. SAP model prescriptions: joi250087supp2_prod_1766516490.96511.pdf — sap PDF p.7; joi250087supp2_prod_1766516490.96511.pdf — sap PDF p.8; joi250087supp2_prod_1766516490.96511.pdf — sap PDF p.9. Main abstract/methods/tables: jama_combes_2025_oi_250087_1766516490.94011.pdf — main PDF p.1; jama_combes_2025_oi_250087_1766516490.94011.pdf — main PDF p.4; jama_combes_2025_oi_250087_1766516490.94011.pdf — main PDF p.6; jama_combes_2025_oi_250087_1766516490.94011.pdf — main PDF p.7. Results and retained contextual displays: joi250087supp3_prod_1766516490.97011.pdf — results PDF p.5; joi250087supp3_prod_1766516490.97011.pdf — results PDF p.6; joi250087supp3_prod_1766516490.97011.pdf — results PDF p.11; joi250087supp3_prod_1766516490.97011.pdf — results PDF p.13; joi250087supp3_prod_1766516490.97011.pdf — results PDF p.16; joi250087supp3_prod_1766516490.97011.pdf — results PDF p.17 | D8: retain | E8: protocol_report | F8: primary_done | G8: =IFERROR(IF(LEN(TRIM(CLEAN(SUBSTITUTE(Setup!$B$2,CHAR(160)," "))))=0,"CHECK REVIEWER ID",IF(OR(A8="",COUNTIF($A$2:$A$8,A8)<>1,LEFT(A8,LEN("2025::jama.2025.19843::"))<>"2025::jama.2025.19843::"),"CHECK KEY",IF(OR(AND(NOT(AND(D8="retain",E8="statistical_results")),H8<>"",NOT(EXACT(H8,"not_applicable"))),AND(NOT(AND(D8="retain",E8="statistical_results")),I8<>"",NOT(EXACT(I8,"not_applicable"))),AND(NOT(AND(D8="retain",E8="statistical_results")),J8<>"",NOT(EXACT(J8,"not_applicable"))),AND(NOT(AND(D8="retain",OR(E8="report_internal_inconsistency",E8="plan_material"))),K8<>"",NOT(EXACT(K8,"not_applicable"))),AND(NOT(AND(D8="retain",E8="protocol_report")),L8<>"",NOT(EXACT(L8,"not_applicable")))),"CLEAR INACTIVE VALUES",IF(OR(NOT(OR(EXACT(D8,"retain"),EXACT(D8,"exclude"),EXACT(D8,"discuss"))),NOT(OR(EXACT(E8,"statistical_results"),EXACT(E8,"report_internal_inconsistency"),EXACT(E8,"plan_material"),EXACT(E8,"protocol_report"))),AND(AND(D8="retain",E8="statistical_results"),NOT(OR(EXACT(H8,"confirmed_issue"),EXACT(H8,"probable_issue"),EXACT(H8,"not_issue"),EXACT(H8,"indeterminate")))),AND(AND(D8="retain",E8="statistical_results"),NOT(OR(EXACT(I8,"substantive"),EXACT(I8,"minor_presentation"),EXACT(I8,"indeterminate")))),AND(AND(D8="retain",E8="statistical_results"),J8<>"",NOT(OR(EXACT(J8,"direct"),EXACT(J8,"possible"),EXACT(J8,"unlikely"),EXACT(J8,"unknown")))),AND(AND(D8="retain",OR(E8="report_internal_inconsistency",E8="plan_material")),NOT(OR(EXACT(K8,"substantive_inconsistency"),EXACT(K8,"minor_presentation"),EXACT(K8,"non_inconsistency"),EXACT(K8,"indeterminate")))),AND(AND(D8="retain",E8="protocol_report"),L8<>"",NOT(OR(EXACT(L8,"substantive_difference"),EXACT(L8,"minor_presentation"),EXACT(L8,"version_timing"),EXACT(L8,"non_inconsistency"),EXACT(L8,"indeterminate"))))),"CHECK FIELDS",IF(AND(F8<>"",NOT(OR(EXACT(F8,"no"),EXACT(F8,"primary_done")))),"CHECK COMPLETE",IF(EXACT(F8,"primary_done"),"PRIMARY READY","PRIMARY DRAFT")))))),"CHECK INPUT / KEY") | H8: =IF(AND(OR(D8="retain",D8=""),E8="statistical_results"),"","not_applicable") | I8: =IF(AND(OR(D8="retain",D8=""),E8="statistical_results"),"","not_applicable") | J8: =IF(AND(OR(D8="retain",D8=""),E8="statistical_results"),"","not_applicable") | K8: =IF(AND(OR(D8="retain",D8=""),OR(E8="report_internal_inconsistency",E8="plan_material")),"","not_applicable") | L8: substantive_difference | R8: SAP §3.6 pp7-8: each secondary outcome to be tested (log-rank/Wilcoxon) and analyzed with a model adjusted for cardiogenic-shock etiology (Cox for mortality, ICU/hospital stay, MACE; general linear model for free days). Report: Table 2 p6 and eTable 3 give unadjusted RRs and bootstrap median/mean differences, P values omitted 'because of multiple testing concerns' (except abstract P for ECMO duration, ICU stay, 60-day mortality); no etiology-adjusted secondary estimates.

Sheet C_jama.2025.20765
A1: Candidate key | B1: Candidate title | C1: Source location | D1: Disposition | E1: Review domain (AI suggestion; editable) | F1: Complete | G1: Validation hint | H1: Statistical_or_numerical issue | I1: Substantiveness | J1: Downstream impact | K1: Report-internal or planning-material inconsistency | L1: Protocol interpretation | R1: Notes (optional)
A2: 2025::jama.2025.20765::C001 | B2: Protocol SMS totals and frequency schedules do not reconcile | C2: jama_zahid_2025_oi_250093_1768590553.08463.pdf — DOC-001 — PDF p. 1, abstract intervention; REPORT; jama_zahid_2025_oi_250093_1768590553.08463.pdf — DOC-001 — PDF p. 3, Trial Intervention; REPORT; joi250093supp1_prod_1768590553.08963.pdf — DOC-002 — PDF p. 16, lines386–390, earlier-component dose paragraph; PLAN; joi250093supp1_prod_1768590553.08963.pdf — DOC-002 — PDF p. 53, lines1526–1530, later-component dose paragraph; PLAN; joi250093supp1_prod_1768590553.08963.pdf — DOC-002 — PDF p. 77, change note; PLAN; joi250093supp1_prod_1768590553.08963.pdf — DOC-002 — PDF p. 80, lines2532–2536, SAP dose; PLAN | D2: retain | E2: protocol_report | F2: primary_done | G2: =IFERROR(IF(LEN(TRIM(CLEAN(SUBSTITUTE(Setup!$B$2,CHAR(160)," "))))=0,"CHECK REVIEWER ID",IF(OR(A2="",COUNTIF($A$2:$A$20,A2)<>1,LEFT(A2,LEN("2025::jama.2025.20765::"))<>"2025::jama.2025.20765::"),"CHECK KEY",IF(OR(AND(NOT(AND(D2="retain",E2="statistical_results")),H2<>"",NOT(EXACT(H2,"not_applicable"))),AND(NOT(AND(D2="retain",E2="statistical_results")),I2<>"",NOT(EXACT(I2,"not_applicable"))),AND(NOT(AND(D2="retain",E2="statistical_results")),J2<>"",NOT(EXACT(J2,"not_applicable"))),AND(NOT(AND(D2="retain",OR(E2="report_internal_inconsistency",E2="plan_material"))),K2<>"",NOT(EXACT(K2,"not_applicable"))),AND(NOT(AND(D2="retain",E2="protocol_report")),L2<>"",NOT(EXACT(L2,"not_applicable")))),"CLEAR INACTIVE VALUES",IF(OR(NOT(OR(EXACT(D2,"retain"),EXACT(D2,"exclude"),EXACT(D2,"discuss"))),NOT(OR(EXACT(E2,"statistical_results"),EXACT(E2,"report_internal_inconsistency"),EXACT(E2,"plan_material"),EXACT(E2,"protocol_report"))),AND(AND(D2="retain",E2="statistical_results"),NOT(OR(EXACT(H2,"confirmed_issue"),EXACT(H2,"probable_issue"),EXACT(H2,"not_issue"),EXACT(H2,"indeterminate")))),AND(AND(D2="retain",E2="statistical_results"),NOT(OR(EXACT(I2,"substantive"),EXACT(I2,"minor_presentation"),EXACT(I2,"indeterminate")))),AND(AND(D2="retain",E2="statistical_results"),J2<>"",NOT(OR(EXACT(J2,"direct"),EXACT(J2,"possible"),EXACT(J2,"unlikely"),EXACT(J2,"unknown")))),AND(AND(D2="retain",OR(E2="report_internal_inconsistency",E2="plan_material")),NOT(OR(EXACT(K2,"substantive_inconsistency"),EXACT(K2,"minor_presentation"),EXACT(K2,"non_inconsistency"),EXACT(K2,"indeterminate")))),AND(AND(D2="retain",E2="protocol_report"),L2<>"",NOT(OR(EXACT(L2,"substantive_difference"),EXACT(L2,"minor_presentation"),EXACT(L2,"version_timing"),EXACT(L2,"non_inconsistency"),EXACT(L2,"indeterminate"))))),"CHECK FIELDS",IF(AND(F2<>"",NOT(OR(EXACT(F2,"no"),EXACT(F2,"primary_done")))),"CHECK COMPLETE",IF(EXACT(F2,"primary_done"),"PRIMARY READY","PRIMARY DRAFT")))))),"CHECK INPUT / KEY") | H2: =IF(AND(OR(D2="retain",D2=""),E2="statistical_results"),"","not_applicable") | I2: =IF(AND(OR(D2="retain",D2=""),E2="statistical_results"),"","not_applicable") | J2: =IF(AND(OR(D2="retain",D2=""),E2="statistical_results"),"","not_applicable") | K2: =IF(AND(OR(D2="retain",D2=""),OR(E2="report_internal_inconsistency",E2="plan_material")),"","not_applicable") | L2: substantive_difference | R2: Supplement 1 (text layer font-encoded; OCR): protocol v4.0 p16: 178 SMS, 4-5/day months 1-2, 2-3/day months 3-4, 1-2/week months 5-6. Protocol v6.0 (latest) p53: 134 SMS but 4-5/day months 1-2, 1-2/day months 3-4, 1/week months 5-6, a schedule that cannot total 134 (months 1-2 alone >=240). SAP p80: 3-4/day month 1, ... 1/month last four months. Article p1/p3: 134 messages, 100 in month 1, 30 in month 2, 4 monthly. Report matches the SAP, not the latest protocol schedule.
A3: 2025::jama.2025.20765::C002 | B3: Operational eligibility criteria differ from the plan list | C3: jama_zahid_2025_oi_250093_1768590553.08463.pdf — DOC-001 — PDF p. 2, eligibility paragraph; REPORT; jama_zahid_2025_oi_250093_1768590553.08463.pdf — DOC-001 — PDF p. 4, Figure1 exclusions; REPORT; joi250093supp1_prod_1768590553.08963.pdf — DOC-002 — PDF p. 11, lines235–255 complete participant lists; PLAN; joi250093supp1_prod_1768590553.08963.pdf — DOC-002 — PDF p. 49, lines1375–1395 complete participant lists; PLAN; joi250093supp2_prod_1768590553.09463.pdf — DOC-003 — PDF p. 3, eTable1 smoking and SMS-reader reasons; REPORT | D3: retain | E3: protocol_report | F3: primary_done | G3: =IFERROR(IF(LEN(TRIM(CLEAN(SUBSTITUTE(Setup!$B$2,CHAR(160)," "))))=0,"CHECK REVIEWER ID",IF(OR(A3="",COUNTIF($A$2:$A$20,A3)<>1,LEFT(A3,LEN("2025::jama.2025.20765::"))<>"2025::jama.2025.20765::"),"CHECK KEY",IF(OR(AND(NOT(AND(D3="retain",E3="statistical_results")),H3<>"",NOT(EXACT(H3,"not_applicable"))),AND(NOT(AND(D3="retain",E3="statistical_results")),I3<>"",NOT(EXACT(I3,"not_applicable"))),AND(NOT(AND(D3="retain",E3="statistical_results")),J3<>"",NOT(EXACT(J3,"not_applicable"))),AND(NOT(AND(D3="retain",OR(E3="report_internal_inconsistency",E3="plan_material"))),K3<>"",NOT(EXACT(K3,"not_applicable"))),AND(NOT(AND(D3="retain",E3="protocol_report")),L3<>"",NOT(EXACT(L3,"not_applicable")))),"CLEAR INACTIVE VALUES",IF(OR(NOT(OR(EXACT(D3,"retain"),EXACT(D3,"exclude"),EXACT(D3,"discuss"))),NOT(OR(EXACT(E3,"statistical_results"),EXACT(E3,"report_internal_inconsistency"),EXACT(E3,"plan_material"),EXACT(E3,"protocol_report"))),AND(AND(D3="retain",E3="statistical_results"),NOT(OR(EXACT(H3,"confirmed_issue"),EXACT(H3,"probable_issue"),EXACT(H3,"not_issue"),EXACT(H3,"indeterminate")))),AND(AND(D3="retain",E3="statistical_results"),NOT(OR(EXACT(I3,"substantive"),EXACT(I3,"minor_presentation"),EXACT(I3,"indeterminate")))),AND(AND(D3="retain",E3="statistical_results"),J3<>"",NOT(OR(EXACT(J3,"direct"),EXACT(J3,"possible"),EXACT(J3,"unlikely"),EXACT(J3,"unknown")))),AND(AND(D3="retain",OR(E3="report_internal_inconsistency",E3="plan_material")),NOT(OR(EXACT(K3,"substantive_inconsistency"),EXACT(K3,"minor_presentation"),EXACT(K3,"non_inconsistency"),EXACT(K3,"indeterminate")))),AND(AND(D3="retain",E3="protocol_report"),L3<>"",NOT(OR(EXACT(L3,"substantive_difference"),EXACT(L3,"minor_presentation"),EXACT(L3,"version_timing"),EXACT(L3,"non_inconsistency"),EXACT(L3,"indeterminate"))))),"CHECK FIELDS",IF(AND(F3<>"",NOT(OR(EXACT(F3,"no"),EXACT(F3,"primary_done")))),"CHECK COMPLETE",IF(EXACT(F3,"primary_done"),"PRIMARY READY","PRIMARY DRAFT")))))),"CHECK INPUT / KEY") | H3: =IF(AND(OR(D3="retain",D3=""),E3="statistical_results"),"","not_applicable") | I3: =IF(AND(OR(D3="retain",D3=""),E3="statistical_results"),"","not_applicable") | J3: =IF(AND(OR(D3="retain",D3=""),E3="statistical_results"),"","not_applicable") | K3: =IF(AND(OR(D3="retain",D3=""),OR(E3="report_internal_inconsistency",E3="plan_material")),"","not_applicable") | L3: substantive_difference | R3: Protocol v4.0 p11 and v6.0 p49 (OCR): include current daily smokers OR those who 'have only stopped or reduced smoking (less than daily) since diagnosed with TB'; exclusions: <15 y, retreatment/MDR/miliary/extrapulmonary TB, current pharmacotherapy, unable to consent. Article p2: daily smoking (>=1 puff on >=25 of last 30 days) required; Figure 1 p4 and eTable 1 also exclude 'cannot read and no one at home can read SMS' (236) and 'not current smoker' (7069). The recent-quitter route is absent and a literacy criterion is added.
A4: 2025::jama.2025.20765::C003 | B4: Prospective quit-date and reminder calendar differ from the report | C4: jama_zahid_2025_oi_250093_1768590553.08463.pdf — DOC-001 — PDF p. 3, Trial Outcomes and Trial Intervention; REPORT; joi250093supp1_prod_1768590553.08963.pdf — DOC-002 — PDF p. 101, enrollment Q(−8)/Tx(+1), message6 and footnotes; PLAN; joi250093supp1_prod_1768590553.08963.pdf — DOC-002 — PDF p. 103, Q(−1)/Tx(+8) and quit transition; PLAN; joi250093supp1_prod_1768590553.08963.pdf — DOC-002 — PDF p. 104, quit-date ordinal label and messages39–44; PLAN; joi250093supp1_prod_1768590553.08963.pdf — DOC-002 — PDF p. 109, messages129–134 and follow-up phase; PLAN | D4: retain | E4: protocol_report | F4: primary_done | G4: =IFERROR(IF(LEN(TRIM(CLEAN(SUBSTITUTE(Setup!$B$2,CHAR(160)," "))))=0,"CHECK REVIEWER ID",IF(OR(A4="",COUNTIF($A$2:$A$20,A4)<>1,LEFT(A4,LEN("2025::jama.2025.20765::"))<>"2025::jama.2025.20765::"),"CHECK KEY",IF(OR(AND(NOT(AND(D4="retain",E4="statistical_results")),H4<>"",NOT(EXACT(H4,"not_applicable"))),AND(NOT(AND(D4="retain",E4="statistical_results")),I4<>"",NOT(EXACT(I4,"not_applicable"))),AND(NOT(AND(D4="retain",E4="statistical_results")),J4<>"",NOT(EXACT(J4,"not_applicable"))),AND(NOT(AND(D4="retain",OR(E4="report_internal_inconsistency",E4="plan_material"))),K4<>"",NOT(EXACT(K4,"not_applicable"))),AND(NOT(AND(D4="retain",E4="protocol_report")),L4<>"",NOT(EXACT(L4,"not_applicable")))),"CLEAR INACTIVE VALUES",IF(OR(NOT(OR(EXACT(D4,"retain"),EXACT(D4,"exclude"),EXACT(D4,"discuss"))),NOT(OR(EXACT(E4,"statistical_results"),EXACT(E4,"report_internal_inconsistency"),EXACT(E4,"plan_material"),EXACT(E4,"protocol_report"))),AND(AND(D4="retain",E4="statistical_results"),NOT(OR(EXACT(H4,"confirmed_issue"),EXACT(H4,"probable_issue"),EXACT(H4,"not_issue"),EXACT(H4,"indeterminate")))),AND(AND(D4="retain",E4="statistical_results"),NOT(OR(EXACT(I4,"substantive"),EXACT(I4,"minor_presentation"),EXACT(I4,"indeterminate")))),AND(AND(D4="retain",E4="statistical_results"),J4<>"",NOT(OR(EXACT(J4,"direct"),EXACT(J4,"possible"),EXACT(J4,"unlikely"),EXACT(J4,"unknown")))),AND(AND(D4="retain",OR(E4="report_internal_inconsistency",E4="plan_material")),NOT(OR(EXACT(K4,"substantive_inconsistency"),EXACT(K4,"minor_presentation"),EXACT(K4,"non_inconsistency"),EXACT(K4,"indeterminate")))),AND(AND(D4="retain",E4="protocol_report"),L4<>"",NOT(OR(EXACT(L4,"substantive_difference"),EXACT(L4,"minor_presentation"),EXACT(L4,"version_timing"),EXACT(L4,"non_inconsistency"),EXACT(L4,"indeterminate"))))),"CHECK FIELDS",IF(AND(F4<>"",NOT(OR(EXACT(F4,"no"),EXACT(F4,"primary_done")))),"CHECK COMPLETE",IF(EXACT(F4,"primary_done"),"PRIMARY READY","PRIMARY DRAFT")))))),"CHECK INPUT / KEY") | H4: =IF(AND(OR(D4="retain",D4=""),E4="statistical_results"),"","not_applicable") | I4: =IF(AND(OR(D4="retain",D4=""),E4="statistical_results"),"","not_applicable") | J4: =IF(AND(OR(D4="retain",D4=""),E4="statistical_results"),"","not_applicable") | K4: =IF(AND(OR(D4="retain",D4=""),OR(E4="report_internal_inconsistency",E4="plan_material")),"","not_applicable") | L4: substantive_difference | R4: SMS log in Supplement 1 pp101-104 (OCR): enrollment is Q(-8); message 6 on day 2 sets a quit date '7 days from today'; message 40 'Today is your QUIT DATE' on the 8th day since joining. Article p3: quit date 'set 5 days after enrollment'. The quit date anchors the continuous-abstinence definition ('since the quit date').
A5: 2025::jama.2025.20765::C004 | B5: Primary cotinine verification lacks a planned-to-reported criterion crosswalk | C5: jama_zahid_2025_oi_250093_1768590553.08463.pdf — DOC-001 — PDF p. 3, Trial Outcomes cotinine verification; REPORT; joi250093supp1_prod_1768590553.08963.pdf — DOC-002 — PDF p. 8, lines158–161 primary endpoint; PLAN; joi250093supp1_prod_1768590553.08963.pdf — DOC-002 — PDF p. 47, lines1298–1301 primary endpoint; PLAN; joi250093supp1_prod_1768590553.08963.pdf — DOC-002 — PDF p. 84, lines2661–2665 SAP primary endpoint; PLAN | D5: retain | E5: protocol_report | F5: primary_done | G5: =IFERROR(IF(LEN(TRIM(CLEAN(SUBSTITUTE(Setup!$B$2,CHAR(160)," "))))=0,"CHECK REVIEWER ID",IF(OR(A5="",COUNTIF($A$2:$A$20,A5)<>1,LEFT(A5,LEN("2025::jama.2025.20765::"))<>"2025::jama.2025.20765::"),"CHECK KEY",IF(OR(AND(NOT(AND(D5="retain",E5="statistical_results")),H5<>"",NOT(EXACT(H5,"not_applicable"))),AND(NOT(AND(D5="retain",E5="statistical_results")),I5<>"",NOT(EXACT(I5,"not_applicable"))),AND(NOT(AND(D5="retain",E5="statistical_results")),J5<>"",NOT(EXACT(J5,"not_applicable"))),AND(NOT(AND(D5="retain",OR(E5="report_internal_inconsistency",E5="plan_material"))),K5<>"",NOT(EXACT(K5,"not_applicable"))),AND(NOT(AND(D5="retain",E5="protocol_report")),L5<>"",NOT(EXACT(L5,"not_applicable")))),"CLEAR INACTIVE VALUES",IF(OR(NOT(OR(EXACT(D5,"retain"),EXACT(D5,"exclude"),EXACT(D5,"discuss"))),NOT(OR(EXACT(E5,"statistical_results"),EXACT(E5,"report_internal_inconsistency"),EXACT(E5,"plan_material"),EXACT(E5,"protocol_report"))),AND(AND(D5="retain",E5="statistical_results"),NOT(OR(EXACT(H5,"confirmed_issue"),EXACT(H5,"probable_issue"),EXACT(H5,"not_issue"),EXACT(H5,"indeterminate")))),AND(AND(D5="retain",E5="statistical_results"),NOT(OR(EXACT(I5,"substantive"),EXACT(I5,"minor_presentation"),EXACT(I5,"indeterminate")))),AND(AND(D5="retain",E5="statistical_results"),J5<>"",NOT(OR(EXACT(J5,"direct"),EXACT(J5,"possible"),EXACT(J5,"unlikely"),EXACT(J5,"unknown")))),AND(AND(D5="retain",OR(E5="report_internal_inconsistency",E5="plan_material")),NOT(OR(EXACT(K5,"substantive_inconsistency"),EXACT(K5,"minor_presentation"),EXACT(K5,"non_inconsistency"),EXACT(K5,"indeterminate")))),AND(AND(D5="retain",E5="protocol_report"),L5<>"",NOT(OR(EXACT(L5,"substantive_difference"),EXACT(L5,"minor_presentation"),EXACT(L5,"version_timing"),EXACT(L5,"non_inconsistency"),EXACT(L5,"indeterminate"))))),"CHECK FIELDS",IF(AND(F5<>"",NOT(OR(EXACT(F5,"no"),EXACT(F5,"primary_done")))),"CHECK COMPLETE",IF(EXACT(F5,"primary_done"),"PRIMARY READY","PRIMARY DRAFT")))))),"CHECK INPUT / KEY") | H5: =IF(AND(OR(D5="retain",D5=""),E5="statistical_results"),"","not_applicable") | I5: =IF(AND(OR(D5="retain",D5=""),E5="statistical_results"),"","not_applicable") | J5: =IF(AND(OR(D5="retain",D5=""),E5="statistical_results"),"","not_applicable") | K5: =IF(AND(OR(D5="retain",D5=""),OR(E5="report_internal_inconsistency",E5="plan_material")),"","not_applicable") | L5: substantive_difference | R5: Protocol v4.0 p8, v6.0 p47 and SAP p84 (OCR): smokeless-tobacco users verified with NicAlert urine strips, level <3 (about 100-200 ng/mL cotinine) = abstinent. Article p3: a rapid cotinine test cassette (Hangzhou AllTest) with a negative result = abstinent. Different device and decision threshold for verifying the primary outcome in concomitant smokeless users (58 at baseline). Not disclosed as a change.
A6: 2025::jama.2025.20765::C005 | B6: Primary model changes from protocol Poisson/log link to SAP/report logistic | C6: jama_zahid_2025_oi_250093_1768590553.08463.pdf — DOC-001 — PDF p. 3, Statistical Analysis; REPORT; joi250093supp1_prod_1768590553.08963.pdf — DOC-002 — PDF p. 28, lines759–764 statistical-analysis paragraph; PLAN; joi250093supp1_prod_1768590553.08963.pdf — DOC-002 — PDF p. 66, lines2011–2016 statistical-analysis paragraph; PLAN; joi250093supp1_prod_1768590553.08963.pdf — DOC-002 — PDF p. 77, change note; PLAN; joi250093supp1_prod_1768590553.08963.pdf — DOC-002 — PDF p. 91, lines2884–2889 primary model; PLAN; joi250093supp1_prod_1768590553.08963.pdf — DOC-002 — PDF p. 92, lines2919–2926 adjusted model; PLAN | D6: retain | E6: protocol_report | F6: primary_done | G6: =IFERROR(IF(LEN(TRIM(CLEAN(SUBSTITUTE(Setup!$B$2,CHAR(160)," "))))=0,"CHECK REVIEWER ID",IF(OR(A6="",COUNTIF($A$2:$A$20,A6)<>1,LEFT(A6,LEN("2025::jama.2025.20765::"))<>"2025::jama.2025.20765::"),"CHECK KEY",IF(OR(AND(NOT(AND(D6="retain",E6="statistical_results")),H6<>"",NOT(EXACT(H6,"not_applicable"))),AND(NOT(AND(D6="retain",E6="statistical_results")),I6<>"",NOT(EXACT(I6,"not_applicable"))),AND(NOT(AND(D6="retain",E6="statistical_results")),J6<>"",NOT(EXACT(J6,"not_applicable"))),AND(NOT(AND(D6="retain",OR(E6="report_internal_inconsistency",E6="plan_material"))),K6<>"",NOT(EXACT(K6,"not_applicable"))),AND(NOT(AND(D6="retain",E6="protocol_report")),L6<>"",NOT(EXACT(L6,"not_applicable")))),"CLEAR INACTIVE VALUES",IF(OR(NOT(OR(EXACT(D6,"retain"),EXACT(D6,"exclude"),EXACT(D6,"discuss"))),NOT(OR(EXACT(E6,"statistical_results"),EXACT(E6,"report_internal_inconsistency"),EXACT(E6,"plan_material"),EXACT(E6,"protocol_report"))),AND(AND(D6="retain",E6="statistical_results"),NOT(OR(EXACT(H6,"confirmed_issue"),EXACT(H6,"probable_issue"),EXACT(H6,"not_issue"),EXACT(H6,"indeterminate")))),AND(AND(D6="retain",E6="statistical_results"),NOT(OR(EXACT(I6,"substantive"),EXACT(I6,"minor_presentation"),EXACT(I6,"indeterminate")))),AND(AND(D6="retain",E6="statistical_results"),J6<>"",NOT(OR(EXACT(J6,"direct"),EXACT(J6,"possible"),EXACT(J6,"unlikely"),EXACT(J6,"unknown")))),AND(AND(D6="retain",OR(E6="report_internal_inconsistency",E6="plan_material")),NOT(OR(EXACT(K6,"substantive_inconsistency"),EXACT(K6,"minor_presentation"),EXACT(K6,"non_inconsistency"),EXACT(K6,"indeterminate")))),AND(AND(D6="retain",E6="protocol_report"),L6<>"",NOT(OR(EXACT(L6,"substantive_difference"),EXACT(L6,"minor_presentation"),EXACT(L6,"version_timing"),EXACT(L6,"non_inconsistency"),EXACT(L6,"indeterminate"))))),"CHECK FIELDS",IF(AND(F6<>"",NOT(OR(EXACT(F6,"no"),EXACT(F6,"primary_done")))),"CHECK COMPLETE",IF(EXACT(F6,"primary_done"),"PRIMARY READY","PRIMARY DRAFT")))))),"CHECK INPUT / KEY") | H6: =IF(AND(OR(D6="retain",D6=""),E6="statistical_results"),"","not_applicable") | I6: =IF(AND(OR(D6="retain",D6=""),E6="statistical_results"),"","not_applicable") | J6: =IF(AND(OR(D6="retain",D6=""),E6="statistical_results"),"","not_applicable") | K6: =IF(AND(OR(D6="retain",D6=""),OR(E6="report_internal_inconsistency",E6="plan_material")),"","not_applicable") | L6: substantive_difference | R6: Protocol v4.0 §11.2.2 p28 and v6.0 §28.2.2 p66 (OCR): GLMM with log link, Poisson distribution, cluster random intercept, crude and adjusted RRs. SAP p91-92 and article p3: mixed-effects logistic regression with site random effect, results expressed as RR. The change log (p77) does not mention the model change. Report follows the SAP.
A7: 2025::jama.2025.20765::C006 | B7: Risk-ratio derivation from stated logistic analysis is unclear | C7: jama_zahid_2025_oi_250093_1768590553.08463.pdf — DOC-001 — PDF p. 3, Statistical Analysis categorical model; REPORT; jama_zahid_2025_oi_250093_1768590553.08463.pdf — DOC-001 — PDF p. 6, Table2 RR columns and notea; REPORT; joi250093supp2_prod_1768590553.09463.pdf — DOC-003 — PDF p. 11, eTable7 relative-risk row; REPORT; joi250093supp2_prod_1768590553.09463.pdf — DOC-003 — PDF p. 13, eTable9 RR columns; REPORT; joi250093supp2_prod_1768590553.09463.pdf — DOC-003 — PDF p. 14, eTable9 notee; REPORT | D7: retain | E7: statistical_results | F7: primary_done | G7: =IFERROR(IF(LEN(TRIM(CLEAN(SUBSTITUTE(Setup!$B$2,CHAR(160)," "))))=0,"CHECK REVIEWER ID",IF(OR(A7="",COUNTIF($A$2:$A$20,A7)<>1,LEFT(A7,LEN("2025::jama.2025.20765::"))<>"2025::jama.2025.20765::"),"CHECK KEY",IF(OR(AND(NOT(AND(D7="retain",E7="statistical_results")),H7<>"",NOT(EXACT(H7,"not_applicable"))),AND(NOT(AND(D7="retain",E7="statistical_results")),I7<>"",NOT(EXACT(I7,"not_applicable"))),AND(NOT(AND(D7="retain",E7="statistical_results")),J7<>"",NOT(EXACT(J7,"not_applicable"))),AND(NOT(AND(D7="retain",OR(E7="report_internal_inconsistency",E7="plan_material"))),K7<>"",NOT(EXACT(K7,"not_applicable"))),AND(NOT(AND(D7="retain",E7="protocol_report")),L7<>"",NOT(EXACT(L7,"not_applicable")))),"CLEAR INACTIVE VALUES",IF(OR(NOT(OR(EXACT(D7,"retain"),EXACT(D7,"exclude"),EXACT(D7,"discuss"))),NOT(OR(EXACT(E7,"statistical_results"),EXACT(E7,"report_internal_inconsistency"),EXACT(E7,"plan_material"),EXACT(E7,"protocol_report"))),AND(AND(D7="retain",E7="statistical_results"),NOT(OR(EXACT(H7,"confirmed_issue"),EXACT(H7,"probable_issue"),EXACT(H7,"not_issue"),EXACT(H7,"indeterminate")))),AND(AND(D7="retain",E7="statistical_results"),NOT(OR(EXACT(I7,"substantive"),EXACT(I7,"minor_presentation"),EXACT(I7,"indeterminate")))),AND(AND(D7="retain",E7="statistical_results"),J7<>"",NOT(OR(EXACT(J7,"direct"),EXACT(J7,"possible"),EXACT(J7,"unlikely"),EXACT(J7,"unknown")))),AND(AND(D7="retain",OR(E7="report_internal_inconsistency",E7="plan_material")),NOT(OR(EXACT(K7,"substantive_inconsistency"),EXACT(K7,"minor_presentation"),EXACT(K7,"non_inconsistency"),EXACT(K7,"indeterminate")))),AND(AND(D7="retain",E7="protocol_report"),L7<>"",NOT(OR(EXACT(L7,"substantive_difference"),EXACT(L7,"minor_presentation"),EXACT(L7,"version_timing"),EXACT(L7,"non_inconsistency"),EXACT(L7,"indeterminate"))))),"CHECK FIELDS",IF(AND(F7<>"",NOT(OR(EXACT(F7,"no"),EXACT(F7,"primary_done")))),"CHECK COMPLETE",IF(EXACT(F7,"primary_done"),"PRIMARY READY","PRIMARY DRAFT")))))),"CHECK INPUT / KEY") | H7: confirmed_issue | I7: substantive | J7: direct | K7: =IF(AND(OR(D7="retain",D7=""),OR(E7="report_internal_inconsistency",E7="plan_material")),"","not_applicable") | L7: =IF(AND(OR(D7="retain",D7=""),E7="protocol_report"),"","not_applicable") | R7: Methods p3: mixed-effects logistic regression; Table 2 p6 reports 'Crude RR'. Crude risk ratios from the printed counts do not match: primary 300/720 vs 55/360 = 2.73 (Wald 2.11-3.53) vs printed crude RR 3.0 (2.0-4.9); TB success 643/720 vs 308/360 = 1.04 vs printed 1.2 (0.9-1.6); eTable 9 TB success 92.5% vs 92.5% = 1.00 vs printed crude RR 1.1. Also eTable 8 'All' unadjusted RR 2.890 (1.983-4.709) differs from Table 2 crude ITT 3.0 (2.0-4.9) but equals the PP row 2.9 (2.0-4.7). How RRs were derived from a logit model is not stated.
A8: 2025::jama.2025.20765::C007 | B8: Planned tobacco-use-form adjustment has no reported primary counterpart | C8: jama_zahid_2025_oi_250093_1768590553.08463.pdf — DOC-001 — PDF p. 3, finite post hoc fixed-effect list; REPORT; jama_zahid_2025_oi_250093_1768590553.08463.pdf — DOC-001 — PDF p. 4, Primary Outcome adjusted analysis; REPORT; jama_zahid_2025_oi_250093_1768590553.08463.pdf — DOC-001 — PDF p. 6, Table2 notea; REPORT; joi250093supp1_prod_1768590553.08963.pdf — DOC-002 — PDF p. 92, lines2919–2926 fully adjusted models; PLAN; joi250093supp2_prod_1768590553.09463.pdf — DOC-003 — PDF p. 14, eTable9 notee; REPORT | D8: retain | E8: protocol_report | F8: primary_done | G8: =IFERROR(IF(LEN(TRIM(CLEAN(SUBSTITUTE(Setup!$B$2,CHAR(160)," "))))=0,"CHECK REVIEWER ID",IF(OR(A8="",COUNTIF($A$2:$A$20,A8)<>1,LEFT(A8,LEN("2025::jama.2025.20765::"))<>"2025::jama.2025.20765::"),"CHECK KEY",IF(OR(AND(NOT(AND(D8="retain",E8="statistical_results")),H8<>"",NOT(EXACT(H8,"not_applicable"))),AND(NOT(AND(D8="retain",E8="statistical_results")),I8<>"",NOT(EXACT(I8,"not_applicable"))),AND(NOT(AND(D8="retain",E8="statistical_results")),J8<>"",NOT(EXACT(J8,"not_applicable"))),AND(NOT(AND(D8="retain",OR(E8="report_internal_inconsistency",E8="plan_material"))),K8<>"",NOT(EXACT(K8,"not_applicable"))),AND(NOT(AND(D8="retain",E8="protocol_report")),L8<>"",NOT(EXACT(L8,"not_applicable")))),"CLEAR INACTIVE VALUES",IF(OR(NOT(OR(EXACT(D8,"retain"),EXACT(D8,"exclude"),EXACT(D8,"discuss"))),NOT(OR(EXACT(E8,"statistical_results"),EXACT(E8,"report_internal_inconsistency"),EXACT(E8,"plan_material"),EXACT(E8,"protocol_report"))),AND(AND(D8="retain",E8="statistical_results"),NOT(OR(EXACT(H8,"confirmed_issue"),EXACT(H8,"probable_issue"),EXACT(H8,"not_issue"),EXACT(H8,"indeterminate")))),AND(AND(D8="retain",E8="statistical_results"),NOT(OR(EXACT(I8,"substantive"),EXACT(I8,"minor_presentation"),EXACT(I8,"indeterminate")))),AND(AND(D8="retain",E8="statistical_results"),J8<>"",NOT(OR(EXACT(J8,"direct"),EXACT(J8,"possible"),EXACT(J8,"unlikely"),EXACT(J8,"unknown")))),AND(AND(D8="retain",OR(E8="report_internal_inconsistency",E8="plan_material")),NOT(OR(EXACT(K8,"substantive_inconsistency"),EXACT(K8,"minor_presentation"),EXACT(K8,"non_inconsistency"),EXACT(K8,"indeterminate")))),AND(AND(D8="retain",E8="protocol_report"),L8<>"",NOT(OR(EXACT(L8,"substantive_difference"),EXACT(L8,"minor_presentation"),EXACT(L8,"version_timing"),EXACT(L8,"non_inconsistency"),EXACT(L8,"indeterminate"))))),"CHECK FIELDS",IF(AND(F8<>"",NOT(OR(EXACT(F8,"no"),EXACT(F8,"primary_done")))),"CHECK COMPLETE",IF(EXACT(F8,"primary_done"),"PRIMARY READY","PRIMARY DRAFT")))))),"CHECK INPUT / KEY") | H8: =IF(AND(OR(D8="retain",D8=""),E8="statistical_results"),"","not_applicable") | I8: =IF(AND(OR(D8="retain",D8=""),E8="statistical_results"),"","not_applicable") | J8: =IF(AND(OR(D8="retain",D8=""),E8="statistical_results"),"","not_applicable") | K8: =IF(AND(OR(D8="retain",D8=""),OR(E8="report_internal_inconsistency",E8="plan_material")),"","not_applicable") | L8: substantive_difference | R8: SAP §36 p92 (OCR): fully adjusted model includes tobacco use form plus baseline characteristics (education, smoking duration). Article p3/p4 and Table 2 footnote a: adjusted RR 3.2 adjusted for age, sex, education, occupation, smoking duration, 'selected post hoc'; no tobacco-use-form term (despite smokeless use 6.9% vs 2.2% imbalance). Disclosed as post hoc covariate selection.
